MovieID,Title,Genre,ReleaseYear,ReleaseDate,Country,BudgetUSD,Global_BoxOfficeUSD,IMDbRating,NumVotesIMDb,Director,LeadActor
61044,Companeros,Action,1970.0,1970-12-18,Italy,,,6.7,16,,
317121,All of My Heart,Romance,2015.0,2015-02-14,United States,,,6.3,12,,
200157,Walking with Beasts,Documentary,2001.0,2001-12-21,United Kingdom,,,7.3,11,,
331214,Band of Brothers,Action,2001.0,2001-09-09,United Kingdom,125000000.0,,8.2,725,,
13475,Star Trek,Science Fiction,2009.0,2009-05-06,Germany,150000000.0,385680446.0,7.4,4574,,
101852,Shuffle,Thriller,2012.0,2012-03-20,United States of America,500000.0,,6.4,14,,
33688,Jonny Vang,Comedy,2003.0,2003-02-14,Norway,,,6.0,5,,
221731,Rurouni Kenshin: Kyoto Inferno,Action,2014.0,2014-08-01,Japan,,,7.4,113,,
204607,Muirhouse,,2013.0,2013-06-18,United States,,,3.8,4,,
182972,Cargo,Fantasy,2013.0,2013-04-02,Australia,,,8.3,11,,
8080,Suspect Zero,Crime,2004.0,2004-08-27,Germany,27000000.0,13000000.0,5.5,99,,
17158,They Wait,Horror,2007.0,2007-09-06,Canada,,,5.0,30,,
320703,The Dramatics: A Comedy,Romance,2015.0,2015-02-10,United States of America,,,5.3,6,,
41582,Monkey Trouble,Comedy,1994.0,1994-03-18,Japan,,16453258.0,5.8,41,,
152760,The Monuments Men,War,2014.0,2014-01-24,Germany,70000000.0,154984035.0,5.8,1545,,
60489,The Last Patrol,Drama,2001.0,2001-08-21,Israel,3000000.0,,3.8,9,,
324668,Jason Bourne,Action,2016.0,2016-07-27,United Kingdom,120000000.0,415484914.0,5.9,2386,,
396330,LEGO DC Comics Super Heroes: Justice League - Gotham City Breakout,Adventure,2016.0,2016-06-21,United States of America,,,7.0,22,,
48250,Fascisti su Marte,Comedy,2006.0,2006-10-27,Italy,,,6.5,13,,
321678,PMMP – Life is Right Here,Documentary,2015.0,2015-01-31,Finland,,,0.0,0,,
321645,This Is Normal,Drama,2013.0,2013-04-09,United States,,,8.0,2,,
1926,11'09''01 - September 11,Drama,2002.0,2002-09-04,Bosnia and Herzegovina,,,6.1,24,,
358982,Eden Lodge,Thriller,2015.0,2015-08-24,United Kingdom,,,3.7,7,,
53215,Kiwi!,Animation,2006.0,2006-01-01,United States,,,6.5,41,,
7837,The Time Shifters,Science Fiction,1999.0,1999-10-17,United States of America,,,5.2,15,,
20239,Fear of a Black Hat,Comedy,1994.0,1994-10-28,United Kingdom,,,5.8,11,Rusty Cundieff,
39356,Boy,Drama,2010.0,2010-02-14,New Zealand,3.0,43.0,7.5,66,,
45017,Uninhabited,Thriller,2010.0,2010-05-14,Australia,,,4.4,19,,
140036,Olympian Holiday,Comedy,1976.0,1976-12-17,Finland,,,6.3,4,,
191231,Sol,Science Fiction,2012.0,2012-04-18,United States of America,250000.0,,4.0,1,,
41493,Karlsson on the Roof,Family,2002.0,2002-09-27,sv,,,3.3,6,,
123406,Fallen,Drama,2005.0,2005-07-05,Latvia,,,5.0,1,Fred Kelemen,
64246,Colorful,Animation,2010.0,2010-08-21,Japan,,,7.2,62,Keiichi Hara,
28264,Blood Rage,Horror,1987.0,1987-06-01,United States of America,,,6.2,23,,
38583,Separate Lies,Romance,2005.0,2005-09-16,United Kingdom,,,6.1,7,Julian Fellowes,
13363,The Man from Earth,Science Fiction,2007.0,2007-06-10,United States of America,,,7.7,696,,
11859,Fair Game,Action,1995.0,1995-11-03,United States of America,50000000.0,11534477.0,4.1,54,,
79570,Beat the Drum,Drama,2003.0,2003-10-10,United States,2000000.0,,7.6,5,,
393158,The Cliff,Romance,2016.0,2016-06-03,Spain,,,5.2,6,,
257450,Piranha Sharks,Horror,2015.0,2015-08-06,United States of America,,,5.0,4,,
24822,Seven Days,Crime,2007.0,2007-11-14,South Korea,,,6.4,17,,
84300,L,Drama,2012.0,2012-01-23,Greece,,,4.2,5,,
334889,The Break-In,Thriller,2016.0,2016-02-05,Sweden,,,0.0,0,,
77460,Beur sur la ville,Comedy,2011.0,2011-10-11,France,,,4.4,27,,
10610,The Medallion,Thriller,2003.0,2003-08-15,Hong Kong,41000000.0,,5.3,286,,
160324,"Hello, Friend",,2003.0,2003-02-02,United States,,,6.0,1,,
360328,Dartmoor Killing,,2015.0,2015-09-18,United States,,,5.8,4,,
38925,The Lords of Flatbush,Drama,1974.0,1974-05-01,United States of America,160000.0,4000000.0,5.7,18,,
40927,The Fruit Machine,Drama,1988.0,1988-01-01,United Kingdom,,,6.3,4,,
339367,Hamari Adhuri Kahani,Drama,2015.0,2015-06-12,India,,,6.0,12,,
24170,Private Fears in Public Places,Drama,2006.0,2006-11-22,France,,,6.2,11,,
349790,I Ship It,Comedy,2014.0,2014-10-16,United States of America,,,0.0,0,,
41411,The Round Up,Drama,2010.0,2010-03-10,France,20000000.0,,7.5,325,,
197592,Rage of Angels,Action,1983.0,1983-02-19,United States of America,,,4.5,1,,
37715,Love for Sale,Comedy,2008.0,2008-02-09,United States,1000000.0,,5.7,3,Russ Parr,Mýa
26941,Afterglow,Drama,1997.0,1997-12-26,United States of America,,2465960.0,7.2,5,,
15389,Metropolitan,Comedy,1990.0,1990-08-03,United States of America,225000.0,,7.0,39,Whit Stillman,
15764,Sophie's Choice,Drama,1982.0,1982-12-08,United Kingdom,12000000.0,30036000.0,7.4,149,Alan J. Pakula,
56007,Looking For Lola,Comedy,1997.0,1997-12-31,United States of America,,,5.0,1,,
83415,Body Slam,Comedy,1987.0,1987-05-21,United States of America,,,4.7,8,,
11648,Must Love Dogs,Romance,2005.0,2005-07-21,United States of America,30000000.0,58405313.0,5.8,142,,
33226,Rembrandt's J'Accuse...!,Documentary,2008.0,2008-10-04,Finland,,,8.5,4,,
78402,Killer Crocodile,Horror,1989.0,1989-11-15,Italy,,,6.6,7,,
137746,The Recovered,,2008.0,2008-01-01,United States,,,0.0,0,Mike Stoklasa,Tina Krause
80346,Nobody Knows Anything!,Comedy,2003.0,2003-10-01,United States of America,,,2.6,7,,
45167,Pumzi,Science Fiction,2009.0,2009-10-20,South Africa,35000.0,,6.1,4,Wanuri Kahiu,
114761,The Beach Boys: An American Family,,2000.0,2000-02-27,United States,,,0.0,0,,
10890,Stripes,Action,1981.0,1981-06-25,United States of America,10000000.0,85300000.0,6.5,253,,
19215,After Innocence,Documentary,2005.0,2005-10-23,United States of America,,,7.0,4,,
14257,Delusions of Grandeur,Comedy,1971.0,1971-04-01,France,,,7.5,98,,
7797,Youth Without Youth,Fantasy,2007.0,2007-10-26,France,,,6.5,47,,
58985,Grace of My Heart,Drama,1996.0,1996-09-13,United States of America,,,6.5,15,,
174314,Bottled Up,Drama,2013.0,2013-04-19,United States,,,5.5,5,,
256021,Macondo,,2014.0,2014-02-14,Austria,,,5.0,1,,
280840,Ma Ma,Drama,2015.0,2015-09-11,France,,1137421.0,5.9,36,,
384737,Precious Cargo,Action,2016.0,2016-07-15,Canada,10500000.0,100659.0,5.1,95,,
41061,Lúdas Matyi,Animation,1977.0,1977-04-06,Hungary,,,5.5,2,,
34991,Gumshoe,Drama,1971.0,1971-12-01,United Kingdom,,,7.1,7,Stephen Frears,
38837,Unfinished Piece for Mechanical Piano,Drama,1977.0,1977-09-05,Russia,,,5.9,9,,
51484,July Rhapsody,Drama,2002.0,2002-03-14,Hong Kong,,,5.6,6,,
12525,Critters 4,Comedy,1992.0,1992-08-20,United States of America,,,4.3,46,,
42264,Smile,Comedy,1975.0,1975-01-01,United States of America,,,6.9,10,,
36769,Uuno Epsanjassa,Comedy,1985.0,1985-09-27,Finland,,,6.5,8,Ere Kokkonen,
33558,Dog Eat Dog,Action,2009.0,2009-01-23,Spain,,,6.9,7,,
33018,Schizo,Drama,1976.0,1976-11-11,United Kingdom,,,6.7,5,,
129966,David et Madame Hansen,Comedy,2012.0,2012-08-29,France,8806000.0,,6.7,14,,
278514,Hungry,,2014.0,2014-01-01,United States,,,0.0,0,,
15324,Steal This Film,Documentary,2006.0,2006-08-21,United States,3000.0,,5.0,14,Peter Sunde,
80653,Savage Beasts,Action,1984.0,1984-01-11,Italy,,,5.6,9,,
150523,The Mahabharata,,1989.0,1989-09-28,France,334077.0,,7.2,6,Peter Brook,
10937,Barfly,Comedy,1987.0,1987-09-02,United States of America,3000000.0,3221568.0,7.3,80,,
32940,The Terminal Man,Science Fiction,1974.0,1974-06-19,United States of America,,,6.1,8,,
63311,The Skin I Live In,Drama,2011.0,2011-08-17,Spain,13000000.0,5774854.0,7.4,797,,
63988,Forest Warrior,Action,1996.0,1996-11-05,United States of America,,,2.7,16,,
294991,Gangster Payday,Thriller,2014.0,2014-10-11,Hong Kong,,,6.1,10,,
39368,Flu Bird Horror,Thriller,2008.0,2008-08-23,United States of America,,,3.5,6,,
41845,Heaven and Earth,Drama,1990.0,1990-11-24,Japan,,,5.6,4,,
18070,Black Dawn,Action,2005.0,2005-01-01,United States of America,16000000.0,,3.6,21,,
82134,I Want to Marry Ryan Banks,Romance,2004.0,2004-01-18,Canada,,,5.0,12,,
76757,Jupiter Ascending,Science Fiction,2015.0,2015-02-04,United States of America,176000003.0,183987723.0,5.2,2816,,
17473,The Room,Drama,2003.0,2003-06-27,United States of America,,,4.3,191,,
95243,Vertical Features Remake,Documentary,1978.0,1978-12-01,United Kingdom,,,9.3,4,Peter Greenaway,
46364,Inseminoid,Foreign,1981.0,1981-01-23,United Kingdom,2000000.0,,3.6,22,,
1560,Singapore Sling,Comedy,1990.0,1990-09-13,Greece,,,7.9,20,,
24916,Bio Zombie,Horror,1998.0,1998-06-11,Hong Kong,,,6.0,15,,
277355,Everly,Thriller,2015.0,2015-01-23,United States of America,,,5.2,231,,
342,Summer Storm,Comedy,2004.0,2004-09-02,Germany,2700000.0,,6.7,60,,
107056,The Dancing Hawk,,1978.0,1978-01-20,pl,,,0.0,0,,
102870,Unfair World,Crime,2012.0,2012-02-02,Greece,,,6.2,3,,
90147,Life Without Principle,Action,2011.0,2011-10-20,Hong Kong,,,6.2,18,,
11324,Shutter Island,Drama,2010.0,2010-02-18,United States of America,80000000.0,294804195.0,7.8,6559,,
82639,Diana Vreeland: The Eye Has to Travel,Documentary,2012.0,2012-09-21,United States of America,,,7.0,14,,
9317,Cabbage Soup,Comedy,1981.0,1981-12-02,France,,,6.3,147,,
249358,The Innocent Sleep,Thriller,1996.0,1996-01-25,United Kingdom,,,0.0,0,,
53554,Hundhotellet,Animation,2000.0,2000-10-03,Sweden,,,5.0,2,,
5178,The Good Heart,Drama,2009.0,2009-09-11,Denmark,3800000.0,,6.0,21,,
49688,Johnny 100 Pesos,Drama,1993.0,1993-01-01,Chile,,,6.3,3,,
273318,"VeggieTales: Rack, Shack & Benny",,1995.0,1995-06-01,United States,,,6.7,3,,
18269,Lady and the Tramp II: Scamp's Adventure,Romance,2001.0,2001-02-18,Australia,,,6.0,256,,
52058,The Nature of Existence,Documentary,2010.0,2010-01-01,China,,,4.5,2,,
125696,The Cashier Wants to Go to the Seaside,Comedy,2001.0,2001-11-13,Croatia,,,5.0,1,,
197489,The Four Feathers,TV Movie,1978.0,1978-01-01,United Kingdom,,,5.4,4,,
22623,Ripoux 3,Comedy,2003.0,2003-12-10,France,,,5.1,16,,
118991,Keys to Tulsa,Crime,1997.0,1997-04-11,United States,,57252.0,4.9,5,,
26235,The Gamers: Dorkness Rising,Adventure,2008.0,2008-01-01,United States of America,,,7.6,14,,
90387,Gran Paradiso,Adventure,2000.0,2000-08-28,Germany,,,0.0,0,,
209103,The Jungle,Thriller,2013.0,2013-06-30,Australia,,,3.4,8,,
333387,The Wannabe,Thriller,2015.0,2015-12-04,United States of America,,,4.8,15,,
70636,Ghost from the Machine,Thriller,2010.0,2010-01-01,United States,,,3.5,6,Matt Osterman,
20565,42 Up,Documentary,1998.0,1998-07-28,United Kingdom,,,6.6,9,Michael Apted,
42498,The Adversary,Drama,1970.0,1970-10-27,India,,,7.7,5,,
9685,Igby Goes Down,Comedy,2002.0,2002-09-13,United States of America,9000000.0,4777465.0,6.5,95,,
279254,Ghost in the Shell Arise - Border 4: Ghost Stands Alone,Action,2014.0,2014-09-06,Japan,,,6.9,32,,
136902,Death of a Man in the Balkans,Comedy,2012.0,2012-11-15,Serbia,,,7.2,5,Miroslav Momčilović,
48781,Never Talk to Strangers,Thriller,1995.0,1995-10-20,United States of America,6400000.0,6.0,4.7,31,,
10636,Big Girls Don't Cry,Drama,2002.0,2002-10-24,Germany,,,6.4,10,,
29338,No One Heard the Scream,Horror,1973.0,1973-01-01,Spain,,,6.4,4,,
38315,Scuola di ladri 2,,1987.0,1987-09-22,Italy,,,5.4,32,Neri Parenti,Paolo Villaggio
129552,"Helsinki, Forever",,2008.0,2008-01-01,United States,,,5.0,1,,
62383,Passed Away,Comedy,1992.0,1992-04-24,United States of America,,,0.0,0,,
67911,Bucky Larson: Born to Be a Star,Comedy,2011.0,2011-09-09,United States of America,10000000.0,,4.4,51,Tom Brady,Nick Swardson
44691,The Scarlet and the Black,Drama,1983.0,1983-02-02,Italy,,,6.4,10,,
149910,Super Buddies,Family,2013.0,2013-08-07,United States of America,,,6.0,31,,
290764,Tracers,Action,2015.0,2015-01-15,United States of America,11000000.0,593683.0,5.9,437,,
84925,Profit Motive and the Whispering Wind,Documentary,2007.0,2007-07-05,United States,,,5.0,1,,
11699,The Bad Lieutenant: Port of Call - New Orleans,Drama,2009.0,2009-09-11,United States of America,25000000.0,10589102.0,6.0,331,,
61672,Titeuf,Animation,2011.0,2011-04-06,France,,,5.5,35,,
32020,Foxes,Drama,1980.0,1980-02-29,United States of America,,4400000.0,5.7,23,,
186976,The Golden Dream,Drama,2013.0,2013-12-04,Spain,,,6.8,36,,
105304,The Field of Enchantment,Documentary,2011.0,2011-12-19,France,,,7.0,2,,
404829,Emma's Chance,Drama,2016.0,2016-07-05,United States,,,5.4,24,,
97206,Taboo,Drama,2002.0,2002-01-14,Romania,,,2.9,9,,
23857,White Skin,Thriller,2004.0,2004-09-17,Canada,,,4.6,6,,
75725,Films to Keep You Awake: The Christmas Tale,Drama,2005.0,2005-12-25,Spain,,,6.7,13,,
47108,I Come,Drama,2000.0,2000-10-04,France,,124994.0,6.8,5,Tony Gatlif,
78274,Music for One Apartment and Six Drummers,,2001.0,2001-09-13,de,,,7.0,5,,
152792,Devil's Knot,Crime,2013.0,2013-05-09,United States of America,15000000.0,,5.7,205,,
98068,Pilgrim Song,Drama,2012.0,2012-03-10,United States,,,5.0,1,,
350904,Lost and Beautiful,Drama,2015.0,2015-11-19,Italy,,,7.0,5,,
30667,Future Kick,Action,1991.0,1991-11-19,United States of America,,,5.5,2,,
188588,Last Summer in the Hamptons,,1995.0,1995-11-22,United States,,,0.0,0,Henry Jaglom,
64504,My Best Friend's Girl,Romance,1983.0,1983-08-31,France,,,5.6,12,,
244458,The Voices,Comedy,2014.0,2014-01-19,Germany,,,6.2,578,,
7973,Caramel,Drama,2007.0,2007-07-01,Lebanon,,,6.8,53,,
77881,Crime After Crime,Documentary,2011.0,2011-07-01,United States of America,,58840.0,5.3,3,,
309875,Micke & Veronica,Comedy,2014.0,2014-12-25,Sweden,,,7.0,4,,
183252,Perfectly normal,,1991.0,1991-02-15,United States,,,5.5,1,,
12475,In the Army Now,Comedy,1994.0,1994-08-12,United States of America,,28881266.0,4.7,54,,
30647,12:01 PM,Science Fiction,1990.0,1990-01-01,United States of America,,,5.8,6,,
9772,Air Force One,Action,1997.0,1997-07-25,Germany,85000000.0,315156409.0,6.2,859,,
284568,Closure,Documentary,2013.0,2013-12-01,United States of America,,,8.0,1,,
1280,3-Iron,Drama,2004.0,2004-10-15,South Korea,,,7.7,225,,
378240,Yu☆Gi☆Oh!,Adventure,1999.0,1999-03-06,Japan,,,6.6,5,,
3962,Bis zum Ellenbogen,Comedy,2007.0,2007-11-01,Germany,,,7.3,4,,
188598,Ilo Ilo,Drama,2013.0,2013-09-04,Singapore,,,6.6,36,,
16854,Snapphanar,Action,2006.0,2006-11-22,Lithuania,,,6.0,2,Måns Mårlind,André Sjöberg
11974,The 'Burbs,Comedy,1989.0,1989-02-17,United States of America,18000000.0,36602000.0,6.6,312,,
123505,A Modern Affair,,1996.0,1996-09-06,United States,,,5.0,1,,
342052,"Return to the Philippines, the Leon Cooper Story",Documentary,2015.0,2015-05-25,United States of America,,,0.0,0,,
1389,Out of Sight,Romance,1998.0,1998-06-26,United States of America,48000000.0,77745568.0,6.5,338,,
54613,The Duchess and the Dirtwater Fox,Comedy,1976.0,1976-04-01,United States of America,,,5.7,12,,
24249,Bad Influence,Thriller,1990.0,1990-03-09,United States of America,,,5.8,35,,
248503,Girl in the Sunny Place,Drama,2013.0,2013-10-11,Japan,,,6.5,5,,
407655,A Cinderella Story: If the Shoe Fits,Comedy,2016.0,2016-08-02,United States of America,,,6.1,99,,
36404,A Trip Down the River,Comedy,1970.0,1970-10-19,Poland,,,7.8,11,,
12090,Just Married,Comedy,2003.0,2003-01-09,Germany,18000000.0,101564935.0,5.3,415,,
50196,Rugantino,Comedy,1973.0,1973-01-01,Italy,,,5.8,6,,
197733,Louise Brooks: Looking for Lulu,Documentary,1998.0,1998-05-27,United States,,,0.0,0,,
198317,Jacques Brel Is Alive and Well and Living in Paris,Drama,1975.0,1975-01-27,France,850000.0,,0.0,0,,
73562,Declaration of War,Drama,2011.0,2011-05-10,France,,,7.0,66,,
10996,Stuart Little 2,Family,2002.0,2002-07-19,United States of America,120000000.0,169956806.0,5.4,632,,
61187,Star Runner,Action,2003.0,2003-01-01,South Korea,,,5.5,1,Daniel Lee,
52400,Yoroi: Samurai zombie,Horror,2008.0,2008-06-30,United States,,,5.0,1,,Mitsuru Fukikoshi
315024,Jurassic City,Action,2014.0,2014-12-31,United States of America,,,5.3,20,,
279086,Shoot the Messenger,,2006.0,2006-08-30,United Kingdom,,,6.0,1,,
381284,Hidden Figures,Drama,2016.0,2016-12-10,United States of America,25000000.0,230698791.0,7.8,2178,,
20416,The Deep,Mystery,1977.0,1977-06-17,United States of America,,,5.7,63,,
369373,Stutterer,Drama,2015.0,2015-07-08,Ireland,,,7.7,13,,
26933,Wild Reeds,Drama,1994.0,1994-05-05,France,,,7.4,18,,
86324,Santiago,Documentary,2007.0,2007-08-24,Brazil,,,7.5,4,,
184002,Dirty Hands,,1989.0,1989-10-04,Finland,,,4.0,2,,
2613,Prelude to a Kiss,Drama,1992.0,1992-07-10,United States of America,,22697691.0,5.4,31,,
1677,Ray,Drama,2004.0,2004-10-29,United States of America,40000000.0,124731534.0,7.2,481,,
53862,Trippin',Comedy,1999.0,1999-05-12,United States of America,,9016377.0,4.5,4,,
22585,Ski Patrol,Comedy,1990.0,1990-01-12,United States of America,,8533973.0,4.8,14,,
11529,Sweet Home Alabama,Comedy,2002.0,2002-09-26,United States of America,30000000.0,180622424.0,6.1,408,,
92751,Werewolf Woman,Horror,1976.0,1976-03-18,Italy,,,5.1,7,,
22492,It Might Get Loud,Documentary,2009.0,2009-08-14,United States of America,,1896244.0,7.4,54,Davis Guggenheim,
400014,God's Compass,Drama,2016.0,2016-04-21,United States,,,9.0,1,,
38332,Kolya - Rolling Stone,Comedy,2005.0,2005-10-13,Russia,,,6.2,3,,
292607,The Rise and Rise of Bitcoin,Documentary,2014.0,2014-10-03,United States of America,,,7.0,23,,
180318,The Chicago 8,Drama,2011.0,2011-06-04,United States,,,5.0,2,,
260001,Life Partners,Romance,2014.0,2014-12-05,United States of America,,8265.0,6.1,108,,
27866,Kevin Hart: I'm a Grown Little Man,Comedy,2009.0,2009-02-03,United States of America,,,7.5,41,,
8892,A Christmas Tale,Drama,2008.0,2008-05-16,France,,7356393.0,6.7,31,,
252147,Mile... Mile & A Half,Documentary,2013.0,2013-06-01,United States of America,,,8.8,4,,
408140,Blood Moon,Horror,2016.0,2016-07-25,United States,,,0.0,0,,
361340,A Brilliant Madness,,2002.0,2002-04-28,United States,,,0.0,0,,
291634,The Next Step,,1997.0,1997-06-13,United States,,,0.0,0,,
86269,Mutant Hunt,Action,1987.0,1987-06-01,United States of America,,,3.9,5,,
63044,De Vlaschaard,Drama,1983.0,1983-07-01,Belgium,900000.0,,0.0,0,,
40095,Dead Heat,Action,1988.0,1988-05-06,United States of America,5000000.0,,5.8,41,,
12540,Bring It On Again,Comedy,2004.0,2004-01-13,United States of America,,,5.3,93,,
386172,The Rift,Thriller,2016.0,2016-04-28,Serbia,,,4.3,12,,
336811,Les Cowboys,Drama,2015.0,2015-05-21,France,,,6.3,38,,
117034,Tattooed Tears,Documentary,1979.0,1979-01-09,United States,,,3.0,4,,
273807,Last Exit,Crime,2003.0,2003-10-11,Denmark,,,0.0,0,,
40623,A Town Called Panic,Adventure,2009.0,2009-06-17,Belgium,,,7.4,52,,
52794,Baxter,Horror,1989.0,1989-01-18,France,,,6.4,12,,
315057,Headfirst,Drama,2014.0,2014-12-26,Finland,,,6.0,1,,
206563,Trash,Adventure,2014.0,2014-10-09,Brazil,,,7.1,243,,
80070,On the Edge,Drama,2001.0,2001-08-10,Ireland,7000000.0,,7.4,13,,
384205,The Gift,Romance,2014.0,2014-07-26,United States of America,,,6.0,6,,
226632,Marc Maron: Thinky Pain,Comedy,2013.0,2013-10-07,United States of America,,,7.8,11,,
453053,Dumb: The Story of Big Brother Magazine,Documentary,2017.0,2017-06-03,United States of America,,,6.0,1,,
126832,Stan,TV Movie,2006.0,2006-06-06,United Kingdom,,,4.0,2,,
278660,Tony Benn: Will and Testament,,2014.0,2014-06-26,United States,,,6.0,2,,
62342,La suerte está echada,,2005.0,2005-08-11,Argentina,,,6.3,4,Sebastián Borensztein,
147643,A Dangerous Summer,,1982.0,1982-10-22,United States,,,0.0,0,,
142966,"Dave Attell: Hey, Your Mouth's Not Pregnant!",Comedy,2006.0,2006-04-20,United States,,,7.0,1,,
42424,Zeus & Roxanne,Action,1997.0,1997-01-24,United States of America,,,4.2,16,,
127872,Call Girl,Thriller,2012.0,2012-11-09,Sweden,6075000.0,,6.3,27,,
258630,Pelota,,1983.0,1983-09-09,United States,,,0.0,0,,
228165,The SpongeBob Movie: Sponge Out of Water,Animation,2015.0,2015-02-05,United States of America,74000000.0,311594032.0,5.7,733,,
51276,Silent Souls,Drama,2010.0,2010-06-06,Russia,,,6.6,21,,
23438,Wild Hearts Can't Be Broken,Drama,1991.0,1991-05-24,United States of America,,,7.4,25,,
115210,Stitches,Horror,2012.0,2012-05-19,Ireland,100000.0,95000.0,5.5,94,,
254902,A Story of the Forest: Mavka,Drama,1980.0,1980-07-23,Ukraine,,,10.0,2,,
86850,The Island President,Documentary,2012.0,2012-03-28,United States,,76398.0,4.8,3,,
9528,Ladies in Lavender,Drama,2004.0,2004-06-14,United Kingdom,,20377075.0,6.5,36,,
363846,Motherland,Thriller,2015.0,2015-10-15,Russia,,,3.0,2,,
111149,Rafferty and the Gold Dust Twins,Comedy,1975.0,1975-02-02,United States of America,,,8.0,1,,
354556,Guardians,Action,2017.0,2017-02-14,Russia,7000000.0,,4.4,128,,
197919,A Haunting at Silver Falls,Horror,2013.0,2013-05-28,United States of America,,,4.6,29,,
434758,The Summoning,Thriller,2017.0,2017-01-10,United States of America,,,3.2,6,,
37181,About Elly,Drama,2009.0,2009-02-10,Iran,,,7.3,98,,
11420,The Corporation,Documentary,2003.0,2003-09-10,Canada,,4500000.0,7.6,75,,
22102,Troop Beverly Hills,Adventure,1989.0,1989-03-22,United States of America,,,5.6,57,,
109614,Losing Chase,Drama,1996.0,1996-08-18,United States of America,,,3.9,6,,
282553,The Muse,Drama,2007.0,2007-09-30,United States,,,0.0,0,,
399938,Michael Ian Black: Noted Expert,Comedy,2016.0,2016-05-13,United States of America,,,7.7,3,,
361146,Point Zero,Thriller,2016.0,2016-05-26,Brazil,,,4.0,1,,
110555,Street Days,Foreign,2010.0,2010-01-20,ru,,,5.3,4,,
45191,El barrendero,Comedy,1982.0,1982-05-05,Mexico,,,6.5,5,,
671,Harry Potter and the Philosopher's Stone,Adventure,2001.0,2001-11-16,United Kingdom,125000000.0,976475550.0,7.5,7188,,
107034,San Babila-8 P.M.,,1976.0,1976-05-26,it,,,0.0,0,Carlo Lizzani,
12543,Breaking News,Action,2004.0,2004-06-10,Hong Kong,,,6.5,32,,
29739,Moving,Comedy,1988.0,1988-03-04,United States of America,,,5.6,29,,
288128,Great Escape: The Untold Story,War,2001.0,2001-01-01,United Kingdom,,,0.0,0,,
124083,Guelwaar,Drama,1993.0,1993-07-28,Senegal,,,5.0,1,,
12335,Bedknobs and Broomsticks,Adventure,1971.0,1971-10-07,United States of America,20000000.0,17900000.0,6.8,260,,
265929,Art and Craft,Documentary,2014.0,2014-09-19,United States,,,7.1,6,,
68252,Haunters,Thriller,2010.0,2010-11-10,South Korea,,,6.2,21,,
212156,The Garden of Sinners: Future Gospel,Animation,2013.0,2013-09-28,Japan,,,7.2,12,,
63989,Irène,Comedy,2002.0,2002-06-26,France,,,6.9,6,Ivan Calbérac,Cécile de France
72972,Tom and Jerry & The Wizard of Oz,Animation,2011.0,2011-08-23,United States of America,,,6.0,26,,
114564,Shikshanachya Aaicha Gho,Comedy,2010.0,2010-01-15,India,380000.0,520000.0,8.0,1,Mahesh Manjrekar,
394045,Casual Encounters,Comedy,2016.0,2016-06-07,United States of America,,,4.0,9,,
16759,Five Minutes of Heaven,Crime,2009.0,2009-01-19,Ireland,,,6.6,45,,
319995,The Club,Drama,2015.0,2015-05-28,Chile,,52761.0,6.6,66,,
361475,Departure,Drama,2016.0,2016-05-20,France,,,7.2,14,,
20033,Mulligans,Drama,2008.0,2008-01-01,Canada,,,5.4,27,,
49927,The Days,Drama,1994.0,1994-02-19,China,,,6.5,2,,
321258,The Boy,Horror,2016.0,2016-01-22,United States of America,10000000.0,64188367.0,5.8,1133,,
77079,Django Strikes Again,Western,1987.0,1987-10-22,Italy,,,4.6,4,,
38323,Mama,Adventure,1976.0,1976-12-10,Russia,,,5.8,7,,
28153,It's Alive,Horror,1974.0,1974-10-15,United States of America,,,5.6,39,Larry Cohen,
8285,The Spirit,Action,2008.0,2008-12-25,United States of America,60000000.0,39031337.0,4.7,323,,
254772,Two Men in Town,Crime,2014.0,2014-02-06,France,,,5.9,32,Rachid Bouchareb,Forest Whitaker
17010,The Ketchup Effect,Comedy,2004.0,2004-01-24,Sweden,2.0,,5.3,15,,
277688,Suburban Gothic,Horror,2014.0,2014-07-19,United States of America,,,5.3,43,Richard Bates Jr.,Matthew Gray Gubler
262775,Lovely Man,Drama,2011.0,2011-09-30,Indonesia,,,5.0,1,,
52608,Z.P.G.,Drama,1972.0,1972-05-25,United States of America,,,5.9,13,,
300940,Tungsten,Drama,2011.0,2011-11-24,United States,,,7.5,2,,
241258,Incarnate,Horror,2016.0,2016-12-01,United States of America,5000000.0,6341855.0,5.1,142,,
73530,Mardock Scramble: The Second Combustion,Animation,2011.0,2011-09-03,Japan,,,6.4,17,,
24767,Iron Will,Adventure,1994.0,1994-01-14,United States of America,,,6.2,52,,
9449,The Borrowers,Adventure,1997.0,1997-12-05,United Kingdom,29000000.0,,5.8,136,,
118155,Star Force: Fugitive Alien II,Science Fiction,1987.0,1987-01-01,United States,,,1.0,1,,
140668,Somewhere in Palilula,,2012.0,2012-04-20,Romania,,,5.0,1,,
43708,"Die, Mommie, Die!",Comedy,2003.0,2003-10-31,United States of America,,320092.0,6.6,17,,
360387,Blunt Force Trauma,Adventure,2015.0,2015-10-05,Colombia,1000000.0,,4.3,31,,
55431,Broken Blade: Book Three - The Mark of the Assassin's Dagger,Action,2010.0,2010-10-28,Japan,,,5.2,3,,
37618,The Asphyx,Fantasy,1972.0,1972-12-05,United Kingdom,,,5.7,13,,
86531,"You, Me and Him",Drama,2007.0,2007-03-16,Brazil,,,5.6,8,Daniel Ribeiro,
8193,Napoleon Dynamite,Comedy,2004.0,2004-06-11,United States of America,400000.0,46118097.0,6.7,567,,
205384,Los rollos perdidos de Pancho Villa,,2003.0,2003-03-21,United States,,,6.0,2,,
9943,Das merkwürdige Verhalten geschlechtsreifer Großstädter zur Paarungszeit,Comedy,1998.0,1998-08-27,Germany,,,6.3,7,,
11587,The Exorcist III,Thriller,1990.0,1990-08-17,United States of America,,39024251.0,6.1,135,,
54658,Misunderstood,Drama,1984.0,1984-05-31,Italy,,,0.0,0,,
31950,The 'Human' Factor,Action,1975.0,1975-01-01,United Kingdom,,,6.6,4,,
375867,Paris Can Wait,Drama,2016.0,2016-09-12,United States of America,5000000.0,6700000.0,6.4,25,,
34564,Shrimp on the Barbie,Comedy,1990.0,1990-08-31,Australia,,458996.0,6.4,7,,
1382,Me and You and Everyone We Know,Comedy,2005.0,2005-06-17,United States of America,,,7.0,108,,
32325,Mi Vida Loca,Crime,1994.0,1994-06-08,United States of America,,,5.7,9,,
35831,"Belphegor, Phantom of the Louvre",Fantasy,2001.0,2001-04-04,France,,,4.2,39,,
55138,Barking at the Stars,Action,1998.0,1998-06-01,Yugoslavia,,,7.0,6,Zdravko Šotra,Dragan Mićanović
72051,Garv: Pride and Honour,Action,2004.0,2004-07-09,India,1300000.0,11000000.0,4.5,4,,
40627,Cuisine et dépendances,Comedy,1993.0,1993-04-06,France,,,6.3,12,,
10126,Colors,Action,1988.0,1988-04-15,United States of America,6000000.0,46616067.0,6.6,100,,
24190,Time of the Wolf,Drama,2003.0,2003-08-28,Austria,,,6.4,45,,
60202,Macaroni,Drama,1985.0,1985-10-24,Italy,,,6.1,9,,
25951,Bullet Ballet,Drama,1998.0,1998-09-12,Japan,,,6.5,27,Shinya Tsukamoto,
2322,Sneakers,Comedy,1992.0,1992-09-09,United States of America,,105232691.0,6.7,301,,
97795,Emergo,Horror,2011.0,2011-10-11,Spain,,,5.0,100,,
242920,The Glass House,Drama,1972.0,1972-02-04,United States of America,,,4.8,2,,
41446,Scream 4,Horror,2011.0,2011-04-11,United States of America,40000000.0,97138686.0,6.1,930,,
231082,Gingerdead Man vs. Evil Bong,Horror,2013.0,2013-10-29,United States,,,4.9,7,,
260947,Something Wicked,Mystery,2014.0,2014-04-04,United States of America,3000000.0,,4.6,16,,
159166,Which Way Is The Front Line From Here? The Life and Time of Tim Hetherington,Documentary,2013.0,2013-01-20,United Kingdom,,,7.4,4,Sebastian Junger,
62190,American Gun,Drama,2002.0,2002-06-13,United States,,,5.7,3,,
13364,Deliver Us from Evil,Crime,2006.0,2006-06-24,United States of America,,201275.0,7.5,57,Amy Berg,
77051,The Cutlass,Adventure,1973.0,1973-01-01,Russia,,,5.5,2,,
266040,Bird People,Drama,2014.0,2014-06-04,France,,,5.2,44,,
93837,So Undercover,Action,2012.0,2012-01-01,United States of America,,,5.8,298,,
30702,Conrack,Drama,1974.0,1974-03-27,United States of America,,,7.1,12,,
387399,We Go On,Drama,2016.0,2016-03-05,United States of America,,,5.6,30,Andy Mitton,
306391,Be Dune Saade Char,,2009.0,2009-01-01,United States,,,0.0,0,,
327655,Nina,Drama,1978.0,1978-10-17,United States,,,0.0,0,Alan Clarke,Jack Shepherd
57568,The Intruder,Horror,2010.0,2010-10-19,Thailand,,,3.3,4,,
356332,The Witness,Documentary,2015.0,2015-10-06,United States of America,,,7.1,27,,
46581,Immoral Tales,Drama,1974.0,1974-08-17,France,,,5.4,34,,
15184,A Good Woman,Comedy,2004.0,2004-01-01,Italy,,,6.0,39,,
18385,Together,Drama,2002.0,2002-09-10,China,,,6.5,22,,
40866,The Devil and Max Devlin,Fantasy,1981.0,1981-03-06,United States,,,6.3,6,,
33633,Oleanna,Drama,1994.0,1994-11-04,United Kingdom,,124693.0,5.8,8,,
18816,Dragon Squad,Action,2005.0,2005-11-10,Hong Kong,,,5.5,15,,
31672,Violent City,Action,1970.0,1970-09-17,France,,,6.9,7,,
348811,War Pigs,War,2015.0,2015-08-03,United States of America,,,4.8,42,,
286313,Free Fall,Drama,2014.0,2014-09-25,France,,,4.0,3,,
121791,The Attack,Drama,2012.0,2012-09-01,Belgium,,,6.1,26,,
42675,Genitori & figli:) - Agitare bene prima dell'uso,Comedy,2010.0,2010-02-26,Italy,,,5.4,39,Giovanni Veronesi,
278774,Zapped,Comedy,2014.0,2014-06-27,Canada,,,5.6,131,,
140530,White Rose Campus: Then... Everybody Gets Raped,,1982.0,1982-06-25,Japan,,,4.7,3,,
30586,Biggie and Tupac,Documentary,2002.0,2002-01-11,United Kingdom,,,6.3,27,Nick Broomfield,
86822,Voyage of Time: Life's Journey,Documentary,2017.0,2017-04-13,Germany,,,6.2,32,,
305310,Mr. Civil Rights: Thurgood Marshall and the NAACP,,2014.0,2014-10-01,United States,,,0.0,0,,
2010,The Mourning Forest,Drama,2007.0,2007-05-24,Japan,,,6.2,13,,
282040,The Alamo: Thirteen Days to Glory,TV Movie,1987.0,1987-11-11,United States of America,,,5.3,3,,
20499,The Cutter,Action,2005.0,2005-11-21,United States of America,6000000.0,,4.1,14,,
17629,Hamilton,Action,1998.0,1998-01-30,Italy,,,6.0,16,Harald Zwart,
86825,Stoker,Drama,2013.0,2013-02-28,United States of America,12000000.0,12077441.0,6.5,895,,
123359,Here Comes the Devil,Horror,2012.0,2012-09-11,Mexico,,4534.0,5.8,43,Adrián García Bogliano,
24236,"Now You See Him, Now You Don't",Comedy,1972.0,1972-07-12,United States of America,,,7.2,22,,
258509,Alvin and the Chipmunks: The Road Chip,Adventure,2015.0,2015-12-17,United States of America,,233755553.0,5.7,438,,
12776,Johnny Stecchino,Comedy,1991.0,1991-10-23,Italy,,,7.4,190,,
33623,Innocence,Drama,2004.0,2004-12-01,Belgium,,,6.4,23,,
256912,Lasa & Zabala,Thriller,2014.0,2014-10-17,Spain,,,6.8,5,,
299715,All About Them,Comedy,2015.0,2015-03-25,Belgium,,,5.9,46,,
328869,Meadowland,Drama,2015.0,2015-10-16,United States of America,,,6.4,42,,
228973,Backcountry,Drama,2015.0,2015-03-20,Canada,,,5.8,159,,
11968,Into the Blue,Action,2005.0,2005-09-30,United States of America,50000000.0,44434439.0,5.8,466,,
41383,Five Shaolin Masters,Action,1974.0,1974-12-25,Hong Kong,,,7.3,11,Chang Cheh,
419771,The Monk and the Demon,Mystery,2016.0,2016-09-08,Russia,2000000.0,,6.2,5,,
93456,Despicable Me 2,Animation,2013.0,2013-06-25,United States of America,76000000.0,970761885.0,7.0,4729,,
129363,En rachâchant,,1982.0,1982-01-01,United States,,,6.0,3,Jean-Marie Straub,
81870,Flying Swords of Dragon Gate,Adventure,2011.0,2011-12-15,China,35000000.0,,6.0,56,,
61722,Sennentuntschi,Thriller,2010.0,2010-09-23,Switzerland,,,6.6,20,,
232420,Twinkle,Comedy,1992.0,1992-10-24,Japan,,,4.0,1,,
24803,Julie & Julia,Romance,2009.0,2009-08-06,United States of America,40000000.0,129540499.0,6.6,579,,
41862,Freshman Orientation,Comedy,2004.0,2004-01-18,United States of America,,,6.3,6,,
30140,Rivers and Tides,Documentary,2001.0,2001-02-13,Canada,,,7.3,13,,
32932,Under the Mountain,Fantasy,2009.0,2009-12-10,New Zealand,,,4.2,16,,
444513,Amy Schumer: The Leather Special,Comedy,2017.0,2017-03-07,United States of America,,,4.3,37,,
21379,Bionicle 2: Legends of Metru Nui,Action,2004.0,2004-01-01,United States,,,5.8,8,,
13973,Choke,Comedy,2008.0,2008-09-26,United States of America,3000000.0,3830137.0,6.0,128,,
59060,Alan Davies: Live at the Lyric,Comedy,1994.0,1994-11-06,United Kingdom,,,6.0,1,,
46717,Intersection,Drama,1994.0,1994-01-21,United States of America,45000000.0,21355893.0,5.1,40,,
38189,The Hire: The Follow,Action,2001.0,2001-01-01,United States of America,,,7.5,15,Wong Kar-wai,Clive Owen
12634,The Big Bounce,Comedy,2004.0,2004-01-30,United States of America,50000000.0,6808550.0,5.0,77,,
13919,The Chumscrubber,Comedy,2005.0,2005-06-08,Germany,,,6.7,62,,
6951,Turner & Hooch,Action,1989.0,1989-07-28,United States of America,,71079915.0,5.9,335,,
3933,Corpse Bride,Romance,2005.0,2005-09-09,United States of America,40000000.0,117195061.0,7.2,1957,,
261884,Memory Vague,Music,2009.0,2009-06-01,United States,,,0.0,0,Daniel Lopatin,
29471,Colonel Redl,Drama,1985.0,1985-03-29,Hungary,,,6.2,15,,
87995,Ek Ajnabee,,2005.0,2005-12-09,United States,,,4.4,5,,
127702,La Señal,Mystery,2007.0,2007-09-13,Spain,,,6.3,3,,
134679,Meet Him And Die,Crime,1976.0,1976-10-08,it,,,5.0,1,,
12589,Jimmy Neutron: Boy Genius,Action,2001.0,2001-12-21,United States of America,25000000.0,80936232.0,5.6,235,,
69480,Tabloid,Documentary,2010.0,2010-10-01,United States of America,,,6.3,44,Errol Morris,
46261,Don't Be Afraid of the Dark,Fantasy,2010.0,2010-11-06,United States of America,25000000.0,36993168.0,5.4,347,,
91250,I'm King Kong!: The Exploits of Merian C. Cooper,,2005.0,2005-11-22,United States of America,,,0.0,0,,
355135,Hamtaro: The Captive Princess,Fantasy,2002.0,2002-12-14,Japan,,,0.0,0,,
98369,Blue Like Jazz,Drama,2012.0,2012-04-13,United States of America,1250000.0,,5.8,25,,
254672,The Wrath Of Vajra,Fantasy,2013.0,2013-09-24,China,,,5.4,19,,
254,King Kong,Adventure,2005.0,2005-12-14,New Zealand,207000000.0,550000000.0,6.6,2403,,
88034,The Hypothesis of the Stolen Painting,Drama,1978.0,1978-04-04,France,,,7.4,10,,
32160,Running Wild,Action,2006.0,2006-01-01,South Korea,,,6.2,10,,
405473,A Date for Mad Mary,Romance,2016.0,2016-09-02,Ireland,,,7.2,5,,
14685,Swallows and Amazons,Family,1974.0,1974-06-01,United Kingdom,,,7.1,6,,
11483,Pirates,Adventure,1986.0,1986-05-08,France,40000000.0,1641825.0,6.2,47,,
49126,Audrey Rose,Fantasy,1977.0,1977-04-06,United States of America,,,5.8,34,,
84001,Forest of Bliss,,1986.0,1986-01-01,United States,,,6.0,2,Robert Gardner,
416951,Blackout,Documentary,2015.0,2015-07-14,United States,,,6.7,3,,
50318,Go Go Tales,Comedy,2007.0,2007-05-23,Italy,4000000.0,907456.0,5.4,14,,
294016,Trumbo,Drama,2015.0,2015-10-27,United States of America,15000000.0,8235661.0,7.3,507,,
126186,Shanghai Calling,,2012.0,2012-05-03,United States of America,,,5.7,7,,
39464,Godzilla vs. Hedorah,Science Fiction,1971.0,1971-07-24,Japan,250000.0,,6.3,26,,
98065,Girl Walk // All Day,Music,2011.0,2011-12-08,United States,,,7.1,7,,
383146,Curumim,Documentary,2016.0,2016-02-11,pt,,,0.0,0,,
10671,Airport,Action,1970.0,1970-03-05,United States of America,10000000.0,100489151.0,6.2,89,,
40219,The Beast Within,Horror,1982.0,1982-01-01,United States of America,,,5.3,23,Philippe Mora,
41066,Professor Layton and the Eternal Diva,Family,2009.0,2009-12-01,Japan,,,7.6,42,,
9335,Transporter 2,Action,2005.0,2005-08-02,France,32000000.0,85167639.0,6.2,1076,,
1621,Trading Places,Comedy,1983.0,1983-06-07,United States of America,40600000.0,90400000.0,7.1,763,,
87081,Prince of Broadway,Comedy,2008.0,2008-09-03,United States,,20400.0,6.7,3,Sean Baker,
292948,Writer of O,Documentary,2005.0,2005-04-01,United States of America,,,8.0,1,,
1830,Lord of War,Crime,2005.0,2005-09-16,France,42000000.0,24127895.0,7.0,1356,,
44772,No Small Affair,Comedy,1984.0,1984-11-09,United States of America,,,5.4,13,,
60708,Southern District,Drama,2009.0,2009-08-20,Bolivia,,,5.6,4,,
360998,Metamorphosis,Fantasy,2003.0,2003-01-01,ru,,,1.0,1,,
157152,Moving Alan,,2003.0,2003-04-04,United States,,,0.0,0,,
38368,Uncle Boonmee Who Can Recall His Past Lives,Comedy,2010.0,2010-05-21,Thailand,,,6.5,72,,
4291,Kikujiro,Comedy,1999.0,1999-06-05,Japan,,,7.5,90,,
233490,Underdog Kids,Family,2015.0,2015-06-07,United States of America,,,4.1,7,Phillip Rhee,
352494,Ripped,Comedy,2017.0,2017-06-23,United States of America,,,5.0,7,,
12574,Cop and ½,Action,1993.0,1993-04-02,United States of America,,,4.3,36,,
79224,War of the Arrows,Drama,2011.0,2011-08-10,South Korea,8000000.0,49000000.0,6.7,68,,
42237,Jonah Who Will Be 25 in the Year 2000,,1976.0,1976-01-01,France,,,8.0,4,,
253333,Soul Boys of the Western World,Documentary,2014.0,2014-09-30,United Kingdom,,,5.4,5,,
86271,Three on a Meathook,Horror,1973.0,1973-01-01,United States of America,,,4.0,4,,
390883,The Dark Tapes,Horror,2017.0,2017-04-17,United States of America,65000.0,,5.0,20,,
10364,Catch-22,War,1970.0,1970-06-24,United States of America,18000000.0,24911670.0,6.7,73,,
55734,Second String,TV Movie,2002.0,2002-12-18,United States of America,,,7.0,1,,
5822,Sweet Sweetback's Baadasssss Song,Action,1971.0,1971-04-23,United States of America,150000.0,15200000.0,4.7,19,,
55651,Kimjongilia,Documentary,2009.0,2009-01-01,United States,,,5.5,4,,
27294,Crime Wave,Adventure,1985.0,1985-04-12,Canada,,,5.9,7,John Paizs,
259311,Opera Australia: The Pirates of Penzance,,2006.0,2006-01-01,United States,,,0.0,0,,
56109,Swamp Devil,Horror,2008.0,2008-07-04,Canada,2000000.0,,3.6,8,,
11510,Repossessed,Comedy,1990.0,1990-09-14,United States of America,,1382462.0,4.5,44,,
309919,The Curse of Downers Grove,Thriller,2015.0,2015-08-21,United States of America,2000000.0,,4.3,25,,
193288,Extraterrestrial,Drama,2007.0,2007-06-03,Russia,,,6.7,3,,
59266,The Arbor,Documentary,2010.0,2010-10-22,United Kingdom,,21268.0,6.1,9,Clio Barnard,
26291,Shakes the Clown,Action,1991.0,1991-03-13,United States of America,1400000.0,,5.5,25,,
33660,Shiloh,Drama,1996.0,1996-11-30,United States of America,,,5.7,17,,
8328,Step Up 2: The Streets,Music,2008.0,2008-02-14,United States of America,23000000.0,150816700.0,6.5,658,,
26550,Little Lips,Drama,1978.0,1978-02-08,Spain,,,5.8,2,,
9689,Hollywood Ending,Comedy,2002.0,2002-05-03,United States of America,16000000.0,,6.4,114,,
80115,The Happiest Girl in the World,Drama,2009.0,2009-05-08,Japan,,,6.7,3,Radu Jude,
31150,Intruder,Horror,1989.0,1989-01-27,United States of America,130000.0,,6.2,49,,
7249,Futurama: Bender's Big Score,Animation,2007.0,2007-11-27,United States of America,,,7.4,191,,
127016,Dead in the Water,Crime,2002.0,2002-02-12,United States of America,,,4.9,4,,
10817,Glue,Drama,2006.0,2006-02-02,Argentina,,,6.2,6,,
416390,Dugma: The Button,,2016.0,2016-01-01,Norway,,,7.0,1,,
66193,Sinners and Saints,Action,2010.0,2010-06-30,United States of America,,,5.7,31,,
43757,The Silver Stallion,Family,1993.0,1993-09-16,Australia,,,4.3,3,,
10483,Death Race,Action,2008.0,2008-08-22,United Kingdom,45000000.0,73762516.0,6.0,1205,,
417877,Baked in Brooklyn,Comedy,2016.0,2016-10-14,United States,,,5.4,27,,
83105,The Boy in Blue,Drama,1986.0,1986-01-17,Canada,,,4.3,6,,
75897,Sams in Gefahr,Family,2003.0,2003-12-10,Germany,,,4.8,4,,
343043,Odyssey in Rome,Documentary,2005.0,2005-09-30,Italy,,,0.0,0,,
55922,Intern Academy,Comedy,2004.0,2004-05-16,Canada,,,4.9,11,,
164366,Frits and Franky,Comedy,2013.0,2013-02-04,Belgium,,,5.8,5,,
10470,Werner - Gekotzt wird später!,Animation,2003.0,2003-07-17,Germany,,,5.4,11,,
25695,Treeless Mountain,Comedy,2009.0,2009-08-27,South Korea,,,6.8,13,,
203072,The Surrealist and His Naughty Hand,Drama,2013.0,2013-06-02,Finland,,,0.0,0,,
32171,Infection,Horror,2004.0,2004-10-02,Japan,,,6.4,28,,
271009,BBOY for LIFE,,2012.0,2012-12-30,United States,,,0.0,0,,
36599,Prom Night,Horror,1980.0,1980-07-18,Canada,1000000.0,14796236.0,6.0,85,,
109404,8,,2012.0,2012-03-03,United States,,,7.0,1,Rob Reiner,
245073,Family Life,Drama,1971.0,1971-09-24,Poland,,,5.0,1,,
64047,Cranford,,2007.0,2007-11-18,de,,,8.4,12,,
34787,Drawing Restraint 9,Fantasy,2005.0,2005-07-01,Japan,,,6.0,11,Matthew Barney,
9826,The Phantom,Adventure,1996.0,1996-06-06,Australia,45000000.0,17300889.0,4.7,138,,
329255,The Thoughts That Once We Had,Documentary,2015.0,2015-03-06,United States of America,,,6.0,2,,
452,The Idiots,Drama,1998.0,1998-04-28,Denmark,2500000.0,7235.0,6.7,107,,
34595,Alexandra's Project,Mystery,2003.0,2003-05-16,Australia,,,5.8,24,,
25517,The Gospel,Drama,2005.0,2005-10-07,United States,,,5.4,8,Rob Hardy,Boris Kodjoe
149883,Eugene Mirman: An Evening of Comedy in a Fake Underground Laboratory,Comedy,2012.0,2012-12-21,United States of America,,,0.0,0,,
5072,Severance,Horror,2006.0,2006-05-19,United Kingdom,,,6.4,169,,
75442,Eames: The Architect & The Painter,Documentary,2011.0,2011-11-18,United States,,,6.9,18,,
13682,Pooh's Heffalump Movie,Animation,2005.0,2005-02-11,United States of America,,,6.3,91,,
41628,Max Havoc: Curse Of The Dragon,Action,2004.0,2004-11-10,de,,,0.0,0,Albert Pyun,
21393,Rasmus and the Vagabond,Adventure,1981.0,1981-12-12,Sweden,,,4.7,5,,
381449,We are the tide,Mystery,2016.0,2016-11-03,Germany,,,5.0,1,,
79782,Venice,Drama,2010.0,2010-05-25,United States,,,7.5,4,,
154718,Jail Bait,Drama,1973.0,1973-01-09,Germany,,,7.0,3,,
35458,Crazy on the Outside,Comedy,2010.0,2010-01-08,United States of America,,88335.0,5.2,33,,
97790,Prison of the Dead,Horror,2000.0,2000-08-22,Romania,,,1.7,3,,
23655,Groove,Drama,2000.0,2000-06-08,United States of America,,,5.6,6,,
11862,Father of the Bride Part II,Comedy,1995.0,1995-02-10,United States of America,,76578911.0,5.7,173,,
125795,Bread and Milk,Drama,2001.0,2001-03-31,Slovenia,,,5.5,2,,
161816,Raghu Romeo,,2003.0,2003-08-14,United States,,,0.0,0,,
63097,Golden Gate,Crime,1994.0,1994-01-28,United States of America,,,2.5,2,John Madden,Matt Dillon
325848,"Connasse, Princesse des cœurs",Comedy,2015.0,2015-04-29,Belgium,,,5.9,215,,
12497,A Touch of Spice,Comedy,2003.0,2003-10-24,Greece,,,7.2,24,,
44658,Dark Eyes,Comedy,1987.0,1987-02-01,Italy,,,6.5,20,,
249719,Facing Fear,,2013.0,2013-07-13,United States,,,0.0,0,,
330275,Des roses en hiver,Drama,2014.0,2014-09-12,France,,,6.5,1,,
85207,Airborne,Horror,2012.0,2012-03-15,United Kingdom,,,3.5,24,,
42910,Lord Save Us,Documentary,2008.0,2008-06-13,United States of America,980000.0,,0.0,0,Dan Merchant,
9958,Trailer Park Boys: The Movie,Comedy,2006.0,2006-10-06,Canada,5000000.0,3833507.0,6.8,53,,
268539,The Builder,,2010.0,2010-04-10,United States,,,5.0,1,Rick Alverson,
115276,Pusher,Crime,2012.0,2012-10-12,United Kingdom,,,5.3,38,Luis Prieto,
16780,Texas Chainsaw Massacre: The Next Generation,Horror,1994.0,1994-01-01,United States of America,600000.0,185898.0,3.9,96,,
378227,Natsamrat,Drama,2016.0,2016-01-01,India,,,8.8,6,,
9507,Runaway,Thriller,1984.0,1984-12-14,United States of America,,,5.0,42,,
14427,Winter Break,Comedy,2003.0,2003-03-22,United States of America,,,3.6,9,,
14395,Kabhi Alvida Naa Kehna,Drama,2006.0,2006-08-11,India,7400000.0,17000000.0,6.1,45,,
253454,The Snow White Murder Case,Drama,2014.0,2014-03-29,Japan,,,6.1,15,Yoshihiro Nakamura,
284013,Popsy Pop,Crime,1971.0,1971-03-10,Venezuela,,,0.0,0,,
40962,Ironweed,Drama,1987.0,1987-12-18,United States of America,,,6.4,30,,
273896,Losing Ground,Drama,1982.0,1982-01-02,United States of America,,,7.3,4,,
103195,The Substance: Albert Hofmann's LSD,Documentary,2011.0,2011-11-17,Switzerland,,,6.6,8,,
42513,Two English Girls,Romance,1971.0,1971-11-18,France,,,6.7,24,,
37731,Jönssonligans största kupp,Comedy,1995.0,1995-02-03,Sweden,,,5.6,7,,
218778,"Alexander and the Terrible, Horrible, No Good, Very Bad Day",Family,2014.0,2014-10-08,United States of America,28000000.0,100654149.0,6.1,502,,
298923,Roar,Thriller,2014.0,2014-10-31,India,,,5.8,4,,
411221,Ozzy,Animation,2016.0,2016-10-14,Canada,10000000.0,,6.2,30,,
153609,Hercules: Zero to Hero,,1999.0,1999-01-01,United States,,,6.0,3,,
336681,Amor Impossível,Drama,2015.0,2015-12-24,Portugal,,,7.0,3,,
74140,Let It Come Down: The Life of Paul Bowles,Documentary,1999.0,1999-04-01,United States,,,0.0,0,,
319910,Broken Horses,Thriller,2015.0,2015-03-15,United States of America,,,5.0,10,,
333123,Jackrabbit,Drama,2015.0,2015-04-18,United States,,,3.8,4,,
62852,Zero Woman: Red Handcuffs,Thriller,1974.0,1974-05-21,Japan,,,6.7,14,,
219466,Dancing on the Edge,Drama,2013.0,2013-02-04,United Kingdom,,,6.3,3,,
126277,American Mary,Horror,2012.0,2012-05-31,Canada,,,5.8,167,,
173455,Mistaken for Strangers,Documentary,2013.0,2013-09-19,United States of America,,137460.0,7.2,21,,
118116,Welcome to Farewell-Gutmann,,2008.0,2008-07-04,United States,,,0.0,0,,
42309,Fear Island,Horror,2009.0,2009-09-08,Canada,,,5.1,29,,
61852,The Big Store,Comedy,1973.0,1973-09-06,France,,,6.5,13,Claude Zidi,
45057,Screamers,Documentary,2006.0,2006-12-08,United Kingdom,,,0.0,0,,
20983,Hooking Up,Comedy,2009.0,2009-01-01,United States of America,,,2.8,9,,
277435,Stray Dog,War,2014.0,2014-06-13,United States,,,0.0,0,Debra Granik,
348762,Jis Desh Mein Ganga Rehta Hai,Comedy,2000.0,2000-10-13,India,,,7.5,2,,
31342,The Love Letter,Comedy,1999.0,1999-05-21,United States of America,,,5.9,17,,
9663,Starman,Action,1984.0,1984-12-13,United States of America,22000000.0,28744356.0,6.6,219,,
38722,My Family,Comedy,1995.0,1995-05-03,United States of America,5500000.0,,7.0,11,Gregory Nava,
315055,Absolution,Thriller,2015.0,2015-02-27,Finland,2000000.0,,6.8,2,,
143750,The Farmer's Wife,Drama,2012.0,2012-06-20,United States,,,10.0,1,,
333674,Intruders,Drama,2016.0,2016-01-15,United States of America,,,5.7,153,,
21461,Lage Raho Munna Bhai,Comedy,2006.0,2006-01-01,India,,,7.6,45,,
46695,Witchcraft,Horror,1989.0,1989-05-02,United States,,,4.8,6,,
38950,Hero and the Terror,Drama,1988.0,1988-08-26,United States of America,,,5.3,22,,
66178,Plastic Bag,Drama,2009.0,2009-09-07,United States of America,,,7.5,13,,
1672,The Professional,Action,1981.0,1981-10-21,France,,,7.1,71,,
27397,Crossing Delancey,Comedy,1988.0,1988-09-16,United States of America,,16262415.0,5.8,11,,
40490,Man of the House,Action,1995.0,1995-03-03,United States,,,5.1,40,,
27805,Stunt Rock,Action,1978.0,1978-01-01,Australia,,,4.3,3,,
79515,Black Tar Heroin: The Dark End of the Street,Documentary,2000.0,2000-03-17,United States of America,,,7.1,6,Steven Okazaki,
127468,The Amateur,,1999.0,1999-04-22,Argentina,,,0.0,0,,
317655,Being Evel,History,2015.0,2015-01-23,United States of America,,,7.1,9,,
20683,Pale Cocoon,Animation,2006.0,2006-01-18,Japan,,,6.8,16,,
51953,15 Février 1839,Drama,2001.0,2001-01-26,Canada,,,6.7,5,,
384682,Office Christmas Party,Comedy,2016.0,2016-11-25,United States of America,45000000.0,114501299.0,5.4,541,,
258489,The Legend of Tarzan,Action,2016.0,2016-06-29,Canada,180000000.0,356743061.0,5.5,2488,,
244836,The Ballad of Johnny Guitar,Drama,1996.0,1996-05-01,Portugal,,,6.3,3,,
393368,Disturbing the Peace,Documentary,2016.0,2016-03-10,United States of America,,,8.0,1,,
152023,The Rising Place,,2001.0,2001-02-01,United States of America,,,0.0,0,,
353898,Manjhi The Mountain Man,Drama,2015.0,2015-08-21,India,1230000.0,,6.8,16,,
133328,The Deadly Trackers,Western,1973.0,1973-12-21,United States of America,,,5.0,3,,
279984,The Defiant Ones,Drama,1986.0,1986-01-05,United States of America,,,4.3,3,,
83288,Virtual Combat,Science Fiction,1995.0,1995-07-11,United States,,,7.3,3,,
9102,Screamers,Horror,1995.0,1995-09-08,Canada,20000000.0,5781885.0,6.1,154,,
12159,What Dreams May Come,Drama,1998.0,1998-10-02,New Zealand,85000000.0,71485043.0,6.8,596,,
30253,Late Bloomers,Comedy,2006.0,2006-10-05,Switzerland,,,6.7,9,,
228108,The Road Within,Comedy,2014.0,2014-10-24,United States of America,,,6.7,110,,
407803,Harry Benson: Shoot First,Documentary,2016.0,2016-11-04,United States,,,6.4,6,,
89584,Conquest 1453,Adventure,2012.0,2012-02-16,Turkey,16000000.0,,6.4,50,,
14035,Meatballs,Comedy,1979.0,1979-06-28,Canada,,,5.9,79,,
1587,What's Eating Gilbert Grape,Romance,1993.0,1993-12-17,United States of America,11000000.0,10032765.0,7.5,943,Lasse Hallström,
48841,Vengeance: The Story of Tony Cimo,,1986.0,1986-11-01,United States of America,,,4.8,1,,
412467,Beyond Valkyrie: Dawn of the Fourth Reich,Action,2016.0,2016-10-03,United States,,,4.7,14,,
47234,No Budget Story,Fantasy,1997.0,1997-01-01,Greece,,,6.3,4,Renos Haralambidis,
29971,Nayakan,Drama,1987.0,1987-07-01,India,,,7.5,15,,
274815,Uzumasa Limelight,Foreign,2014.0,2014-06-14,Japan,,,6.6,4,,
126969,Man of the Story,Drama,1996.0,1996-09-06,India,,,5.0,1,,
189227,Soodhu Kavvum,Comedy,2013.0,2013-05-01,India,310000.0,12000000.0,7.0,11,,
76116,Alluda Majaka,,1995.0,1995-02-01,te,,,7.5,2,,
208579,The Rites of May,Horror,1977.0,1977-01-13,Philippines,,,9.5,1,,
137409,Cold War,Thriller,2012.0,2012-11-08,Hong Kong,,,6.4,48,,
258322,Fasten Your Seatbelts,Drama,2014.0,2014-03-06,Italy,,5260000.0,6.8,52,,
24264,Sheena,Action,1984.0,1984-08-17,United States,25000000.0,5778353.0,5.0,22,,
126238,Ten Skies,,2004.0,2004-11-21,United States,,,7.7,3,James Benning,
8413,Event Horizon,Horror,1997.0,1997-08-15,United Kingdom,60000000.0,26673242.0,6.4,752,,
307663,Vice,Thriller,2015.0,2015-01-16,United States of America,10000000.0,,4.1,245,,
11478,The Skulls,Crime,2000.0,2000-03-31,Canada,15000000.0,35007180.0,5.7,160,,
61527,Helena from the Wedding,Comedy,2010.0,2010-11-12,United States of America,,,5.0,2,,
11247,A Cinderella Story,Comedy,2004.0,2004-07-10,Canada,19000000.0,70067909.0,6.1,737,,
14463,Alone in the Wilderness,Documentary,2004.0,2004-10-08,United States of America,,,8.0,27,,
27769,Sometimes They Come Back,Drama,1991.0,1991-05-07,United States of America,,,5.4,60,,
150202,The Haunting in Connecticut 2: Ghosts of Georgia,Horror,2013.0,2013-02-01,United States of America,,,5.6,177,,
20310,Time Share,Comedy,2000.0,2000-01-01,Germany,,,5.3,6,,
102461,A Single Girl,Drama,1995.0,1995-05-29,France,,,6.8,8,,
12606,A Very Brady Sequel,Comedy,1996.0,1996-08-23,United States of America,,,5.8,42,,
10477,Driven,Action,2001.0,2001-04-27,Australia,94000000.0,54744738.0,4.5,180,,
19505,Hendrix,Music,2000.0,2000-09-17,United States of America,,,5.2,6,,
211220,The Pig Farm,Documentary,2011.0,2011-01-01,Canada,1500000.0,,0.0,0,,
381691,Maheshinte Prathikaaram,Comedy,2016.0,2016-02-05,India,,230000.0,7.7,9,,
38821,The Tough Ones,Drama,1999.0,1999-01-14,Finland,1143000.0,,6.8,17,,
178032,"Lúcio Flávio, o Passageiro da Agonia",,1977.0,1977-02-01,pt,,,7.5,3,Hector Babenco,Reginaldo Faria
89458,Crayon Shin-chan: Pursuit of the Balls of Darkness,Animation,1997.0,1997-04-19,Japan,,,6.0,5,Keiichi Hara,
63762,Broken Hill,Drama,2009.0,2009-09-11,tr,,54058.0,4.7,3,,
363178,Thoonga Vanam,Action,2015.0,2015-11-10,India,,,6.8,10,,
319632,What Is a Man without a Moustache?,Drama,2005.0,2005-07-23,Croatia,,,7.0,2,,
399417,Lazy Eye,Romance,2016.0,2016-11-11,United States of America,,,6.7,6,,
12447,Driving Me Crazy,Comedy,1991.0,1991-05-16,United States of America,,,4.4,4,,
55426,Broken Blade: Book One - The Time of Awakening,Action,2010.0,2010-05-29,Japan,,,6.3,6,,
22318,Permanent Midnight,Drama,1998.0,1998-09-12,United States of America,,,6.0,32,,
96664,Nightfall,Thriller,2012.0,2012-03-15,Hong Kong,,,6.5,21,,
207680,"Return to Return to Nuke 'Em High, aka Volume 2",Comedy,2017.0,2017-01-15,United States of America,,,0.0,0,,
23767,Billa,Action,2007.0,2007-12-14,India,,,6.5,16,,
134602,Half the Sky: Turning Oppression Into Opportunity for Women Worldwide,Documentary,2012.0,2012-10-03,United States of America,,,0.0,0,,
67255,The Crazy Family,Drama,1984.0,1984-06-24,Japan,,,6.4,7,,
31677,Diary of a Mad Housewife,Comedy,1970.0,1970-01-01,United States of America,,,7.0,4,,
24955,The New Country,Drama,2000.0,2000-11-24,Sweden,,,7.3,4,,
51209,Kill the Irishman,Action,2011.0,2011-03-10,United States of America,,1188194.0,6.7,166,,
214105,The Wonders,Mystery,2013.0,2013-06-05,Israel,,,5.6,4,,
27845,Trees Lounge,Comedy,1996.0,1996-10-11,United States,,,6.7,51,,
139846,Soundtrack for a Revolution,Documentary,2009.0,2009-01-01,United States,,,8.0,1,,
210068,Mujhe Kucch Kehna Hai,Romance,2001.0,2001-05-25,India,,,4.0,4,,
51540,Horrible Bosses,Comedy,2011.0,2011-07-08,United States of America,35000000.0,117000000.0,6.4,2341,,
46119,Crime + Punishment in Suburbia,Drama,2000.0,2000-01-01,United States of America,,26394.0,6.1,14,,
121245,"Bumblefuck, USA",Drama,2011.0,2011-06-17,United States of America,,,6.0,1,,
298584,Cabin Fever,Horror,2016.0,2016-02-12,United States of America,,,4.4,113,,
72678,Henry,Comedy,2010.0,2010-03-31,France,,,7.0,1,,
78362,Snow Beast,Drama,2011.0,2011-10-04,United States of America,,,3.3,14,,
13072,Brooklyn Rules,Drama,2007.0,2007-04-30,United States of America,8000000.0,458232.0,5.8,19,,
40873,Pete Seeger: The Power of Song,Documentary,2007.0,2007-09-14,United States,,,0.0,1,,
71316,Nutcracker: The Motion Picture,Family,1986.0,1986-11-26,United States of America,,,6.0,4,,
90816,Treasure of the Four Crowns,Adventure,1983.0,1983-01-21,Italy,,,4.1,4,,
70585,Lucky,Comedy,2011.0,2011-07-15,United States of America,,,4.9,31,,
58384,Drowning Ghost,Horror,2004.0,2004-10-14,Sweden,,,6.0,3,,
27609,Personal Best,Drama,1982.0,1982-02-05,United States of America,,,5.0,10,Robert Towne,
48504,The Big Snit,Animation,1985.0,1985-01-01,Canada,,,7.1,10,Richard Condie,
45153,Eve's Bayou,Drama,1997.0,1997-09-07,United States,,,6.3,29,,
1812,Trick,Comedy,1999.0,1999-07-23,United States of America,450000.0,2049595.0,6.7,24,,
51939,The Hire: Beat the Devil,Comedy,2002.0,2002-11-22,United States of America,,,6.5,15,Tony Scott,Clive Owen
10710,Envy,Comedy,2004.0,2004-04-30,United States of America,40000000.0,,4.8,144,,
1541,Thelma & Louise,Drama,1991.0,1991-05-24,United States of America,16000000.0,45361000.0,7.2,766,,
12123,Chain Reaction,Action,1996.0,1996-08-02,United States of America,50000000.0,60209334.0,5.3,291,,
1648,Bill & Ted's Excellent Adventure,Adventure,1989.0,1989-02-17,United States of America,10000000.0,40485039.0,6.7,464,,
328799,"It's Me, Hilary: The Man Who Drew Eloise",Documentary,2015.0,2015-01-24,United States,,,6.0,2,,
45662,Space Chimps 2: Zartog Strikes Back,Animation,2010.0,2010-05-26,United States of America,,,4.5,27,,
19719,LolliLove,Comedy,2004.0,2004-11-21,United States of America,2000.0,,6.1,8,,
339077,Lovemilla,Science Fiction,2015.0,2015-02-06,Finland,,,5.0,1,,
42139,Blood Wedding,Music,1981.0,1981-10-25,Spain,,,7.3,8,,
45226,The Pursuit of D.B. Cooper,Adventure,1981.0,1981-11-13,United States of America,,,6.8,4,,
98927,Mad Love,Drama,1985.0,1985-02-27,France,,,7.0,7,,
14518,Peter & the Wolf,Animation,2006.0,2006-09-23,United Kingdom,2300000.0,,6.7,19,,
34421,The Perfect Weapon,Action,1991.0,1991-03-15,United States of America,10000000.0,14061361.0,6.0,25,,
73293,Empty Nest,Drama,2008.0,2008-04-24,Argentina,,,6.3,4,,
41227,A Place Called Chiapas,Documentary,1998.0,1998-02-20,Canada,891000.0,229000.0,6.9,5,,
325358,Superfast!,Action,2015.0,2015-03-05,United States of America,20000000.0,,4.5,94,,
180998,Música Campesina,,2011.0,2011-08-27,United States,,,0.0,0,,
34192,The Code Conspiracy,Action,2002.0,2002-04-10,United States,,,3.0,1,,
49038,Beauty and the Beast,Music,1987.0,1987-04-01,United States of America,,,6.5,14,,
365065,Zero,Drama,2015.0,2015-09-03,Spain,,,5.3,3,,
62301,Stray Dog: Kerberos Panzer Cops,Foreign,1991.0,1991-12-31,Japan,,,6.3,6,Mamoru Oshii,
70590,Singham,Drama,2011.0,2011-07-22,India,3062000.0,25034000.0,7.0,33,,
10176,The Quiet Earth,Drama,1985.0,1985-09-08,New Zealand,1000000.0,,6.7,160,,
148033,Dottie Gets Spanked,Comedy,1993.0,1993-09-17,United States of America,,,6.2,5,,
50021,Cornelis,Drama,2010.0,2010-11-12,Sweden,,,6.6,5,,
19133,The Big Bus,Action,1976.0,1976-06-23,United States of America,,,6.1,24,,
114516,Genocide,Documentary,1982.0,1982-03-14,United States of America,,,0.0,0,,
203264,Percentage,Action,2013.0,2013-04-24,United States of America,,,4.2,5,,
53318,The Fairy King Of Ar,Fantasy,1998.0,1998-01-01,United States of America,,,5.0,2,,
26651,Tobruk,War,2008.0,2008-09-04,Czech Republic,,,6.0,4,,
27969,Turk 182!,Action,1985.0,1985-02-15,United States of America,1900000.0,,6.1,27,,
48149,"Good Morning, Babylon",Romance,1987.0,1987-05-13,France,,183700.0,5.8,5,,
56555,Life Support,Drama,2007.0,2007-03-10,United States,,,3.5,2,,
81524,Foreign Parts,Documentary,2010.0,2010-08-09,United States,,,6.7,3,,
95744,La montaña rusa,Comedy,2012.0,2012-03-15,Spain,,,5.0,3,,
1698,Anatomy,Horror,2000.0,2000-02-03,Germany,,,6.1,61,,
86462,The Candy Tangerine Man,Action,1975.0,1975-05-01,United States of America,,,5.0,1,,
255647,See You in Montevideo,Adventure,2014.0,2014-01-15,Serbia,5400000.0,,6.6,11,,
32044,California Split,Comedy,1974.0,1974-08-07,United States of America,,,6.5,26,,
151937,Return to Mayberry,TV Movie,1986.0,1986-04-13,United States of America,,,4.0,4,,
2024,The Patriot,Drama,2000.0,2000-06-28,Germany,110000000.0,215294342.0,6.8,1130,,
7975,I Hired a Contract Killer,Comedy,1990.0,1990-09-13,Germany,,,7.0,31,,
90645,Fanatics,Comedy,2012.0,2012-02-24,United States,,,5.9,4,,
267457,That Burning Feeling,Drama,2014.0,2014-05-02,Canada,,,5.7,9,,
26558,Combat Shock,Drama,1986.0,1986-05-14,United States of America,40000.0,,6.4,14,,
56780,Atlas Shrugged Part I,Drama,2011.0,2011-04-14,United States of America,15000000.0,4627375.0,5.0,61,,
252529,Another Me,Thriller,2013.0,2013-11-15,Spain,,,4.7,77,,
131966,Strike Force,Drama,1975.0,1975-04-12,United States,,,5.5,2,,
30081,R.S.V.P.,Comedy,2002.0,2002-01-15,United States of America,,,4.5,4,,
39830,Bass Ackwards,Adventure,2010.0,2010-01-23,United States of America,,,4.9,5,,
207541,The Turandot Project,,2000.0,2000-09-11,United States,,,0.0,0,,
176915,Dead Shadows,Horror,2012.0,2012-09-09,France,,,3.9,10,,
327040,Bang Gang (A Modern Love Story),Drama,2015.0,2015-08-26,France,,,4.3,99,,
30921,Scanner Cop,Science Fiction,1994.0,1994-07-27,United States of America,,,5.5,4,,
263976,The Staple of News,Documentary,2014.0,2014-04-09,Brazil,,,8.0,2,Jorge Furtado,
65157,Cheetah,Drama,1989.0,1989-08-18,United States,5000000.0,8153677.0,5.9,10,,
17708,Corky Romano,Action,2001.0,2001-10-12,United States of America,11000000.0,23978402.0,4.1,54,,
12167,The Art of Negative Thinking,Comedy,2006.0,2006-11-03,Norway,,,7.0,6,,
17450,Pennies from Heaven,Drama,1981.0,1981-12-11,United States of America,22000000.0,9171289.0,6.3,25,,
124829,The Line King: The Al Hirschfeld Story,Documentary,1996.0,1996-09-27,United States,,,0.0,0,,
8555,Creep,Horror,2004.0,2004-08-10,Germany,,,5.5,136,,
64051,Jimi Plays Berkeley,Music,2012.0,2012-07-10,United States,,,4.8,3,,
37172,Athadu,Action,2005.0,2005-08-10,te,,,6.6,7,Trivikram Srinivas,Mahesh Babu
11230,Drunken Master,Action,1978.0,1978-10-05,Hong Kong,,,7.2,178,,
302579,Naturally Native,Drama,1999.0,1999-10-08,United States of America,700000.0,10508.0,0.0,0,,
54893,One Day Like Rain,Drama,2007.0,2007-06-15,United States,500000.0,,4.7,3,,
14375,Romanzo criminale,Drama,2005.0,2005-09-30,Italy,818418.0,4851244.0,7.3,112,,
2103,Solaris,Drama,2002.0,2002-11-27,United States of America,47000000.0,30002758.0,5.9,378,,
60447,Devolved,Comedy,2010.0,2010-03-22,United States of America,,,1.5,1,,
9693,Children of Men,Drama,2006.0,2006-09-22,United Kingdom,76000000.0,69959751.0,7.4,2120,,
188765,My Sweet Pepper Land,Drama,2014.0,2014-04-09,Germany,,,6.8,32,,
14981,Welcome To Macintosh,Documentary,2008.0,2008-05-06,United States of America,,,5.2,5,,
11386,The Crying Game,Romance,1992.0,1992-09-02,Japan,3705538.0,62548947.0,6.9,180,,
32617,Bite the Bullet,Action,1975.0,1975-09-26,United States of America,4000000.0,,6.0,24,,
334541,Manchester by the Sea,Drama,2016.0,2016-11-18,United States of America,9000000.0,75026965.0,7.5,1553,,
39358,London River,Drama,2009.0,2009-02-09,France,,,6.2,21,,
1359,American Psycho,Thriller,2000.0,2000-04-13,Canada,7000000.0,34266564.0,7.3,2128,,
13791,How to Kill Your Neighbor's Dog,Comedy,2002.0,2002-02-22,Germany,,,6.5,22,,
1271,300,Action,2006.0,2006-12-09,United States of America,65000000.0,422610419.0,7.0,5092,,
90992,Toilet,Drama,2010.0,2010-08-28,Japan,,,6.0,4,Naoko Ogigami,
136294,The Perfect Date,Comedy,2010.0,2010-05-05,France,,,5.3,56,,
307276,2,Drama,2007.0,2007-12-11,el,,,0.0,0,,
22556,The Yellow Handkerchief,Drama,2008.0,2008-12-17,United States of America,15000000.0,317000.0,6.4,53,,
10330,Freaky Friday,Comedy,2003.0,2003-08-03,United States of America,26000000.0,110230332.0,6.0,919,,
53157,The Park is Mine,TV Movie,1985.0,1985-10-06,Canada,4500000.0,,5.0,16,,
309049,We Still Kill the Old Way,Crime,2014.0,2014-12-12,United Kingdom,,,5.3,23,,
71184,When Love Is Not Enough: The Lois Wilson Story,Drama,2010.0,2010-04-25,United States of America,,,4.4,5,,
11831,Amistad,Drama,1997.0,1997-12-03,United States of America,36000000.0,74000000.0,6.8,324,,
328763,Echoes,Drama,2014.0,2014-07-05,United States of America,,,4.2,20,,
28486,The Hound of the Baskervilles,Thriller,2002.0,2002-12-26,United Kingdom,,,5.4,12,,
13722,Mercenary for Justice,Action,2006.0,2006-04-25,Aruba,15000000.0,,4.3,27,,
6037,Murder by Death,Comedy,1976.0,1976-06-23,United States of America,,,7.4,187,,
17038,Lake Placid 2,Horror,2007.0,2007-04-28,United States of America,,,4.0,22,,
181533,Night at the Museum: Secret of the Tomb,Adventure,2014.0,2014-12-17,United Kingdom,127000000.0,349424282.0,6.1,1893,,
10052,Dragonfly,Drama,2002.0,2002-02-22,Germany,60000000.0,52322400.0,6.2,209,,
10438,Beethoven's 2nd,Family,1993.0,1993-12-14,United States of America,15000000.0,118243066.0,5.0,175,,
39776,Peking Opera Blues,Action,1986.0,1986-09-06,Hong Kong,,,6.9,10,,
380282,Peacock,Comedy,2015.0,2015-07-01,Czech Republic,,,0.0,0,,
16271,Massacre at Central High,Drama,1976.0,1976-09-01,United States of America,,,6.3,7,,
38874,Don't Tempt Me,Comedy,2001.0,2001-11-30,Spain,1200000.0,,5.9,19,Agustín Díaz Yanes,Penélope Cruz
58679,"The Butcher, the Chef, and the Swordsman",Comedy,2011.0,2011-03-17,China,,,5.0,10,,
27595,Charlie & Boots,Comedy,2009.0,2009-09-03,Australia,,,6.9,11,,
261039,"The Other One: The Long, Strange Trip of Bob Weir",Documentary,2014.0,2014-04-20,United States,,,7.1,7,,
9555,Rabbit-Proof Fence,Adventure,2002.0,2002-02-04,Australia,,,6.9,86,,
70417,Borrowed Hearts,Drama,1997.0,1997-11-30,Canada,,,6.8,12,,
82962,Killer Force,Action,1976.0,1976-01-14,Ireland,,,3.7,3,,
49099,Images of a Relief,War,1982.0,1982-06-30,Denmark,,,10.0,1,,
13066,I Want Someone to Eat Cheese With,Comedy,2006.0,2006-01-01,United States of America,,,5.7,12,Jeff Garlin,Jeff Garlin
83660,Paradise Lost 3: Purgatory,Documentary,2011.0,2011-10-10,United States of America,,,7.6,44,,
227970,Men Are From Mars... And That’s Where I’m Going!,Comedy,2014.0,2014-05-02,Brazil,,,6.7,30,,
76,Before Sunrise,Drama,1995.0,1995-01-27,Austria,2500000.0,5535405.0,7.7,984,,
3056,Frankenstein,TV Movie,2004.0,2004-10-09,United States of America,,,4.6,10,,
47501,Six Ways to Sunday,Comedy,1997.0,1997-09-01,United States of America,,,6.1,6,,
20606,Doghouse,Comedy,2009.0,2009-06-11,United Kingdom,,,6.0,117,,
116811,Berberian Sound Studio,Horror,2012.0,2012-08-30,Germany,,,6.1,107,,
11600,Redacted,Drama,2007.0,2007-01-01,United States of America,5000000.0,782102.0,6.2,37,,
44900,Bailey's Billion$,Family,2005.0,2005-08-05,United States,9000000.0,,4.0,5,,
171587,Whatcha Wearin'?,Romance,2012.0,2012-12-05,South Korea,,,6.8,26,,
27645,200 Motels,Fantasy,1971.0,1971-11-10,United States of America,679000.0,,5.5,5,,
81436,The Legend of Bigfoot,Documentary,1976.0,1976-01-01,United States of America,,,3.3,3,,
11322,Public Enemies,History,2009.0,2009-07-01,United States of America,80000000.0,214104620.0,6.5,1371,,
252637,Time in the Minors,Documentary,2010.0,2010-11-01,United States of America,,,0.0,0,,
287524,Fear Clinic,Horror,2014.0,2014-10-31,United States of America,1.0,,4.0,42,,
286805,Dark Dungeons,Drama,2014.0,2014-08-15,United States of America,1000.0,,1.0,1,,
21947,A.P.E.X.,Science Fiction,1994.0,1994-02-01,United States of America,,49601.0,5.0,8,,
279006,Kent State,,1981.0,1981-02-08,United States,,,5.0,1,,
299969,"Marvel: 75 Years, From Pulp to Pop!",Documentary,2014.0,2014-11-04,United States of America,,,7.7,22,,
40856,That Evening Sun,Drama,2009.0,2009-11-06,United States,,,6.7,15,,
138535,11 x 14,Documentary,1977.0,1977-04-16,United States of America,,,7.0,1,James Benning,
60243,A Separation,Drama,2011.0,2011-03-15,Iran,800000.0,,7.8,474,,
124091,The Legend of Kaspar Hauser,Comedy,2012.0,2012-01-30,Italy,,,6.9,10, Davide Manuli,
661,The Marriage of Maria Braun,War,1979.0,1979-02-20,Germany,,,7.1,39,,
41816,Everybody Wins,Drama,1990.0,1990-01-19,United Kingdom,,,4.1,7,Karel Reisz,
47817,1969,Drama,1988.0,1988-08-18,United States of America,,5979011.0,5.5,21,,
174712,Coo of The Far Seas,,1993.0,1993-12-19,Japan,,,6.0,1,,
80582,Dying To Have Known,Documentary,2006.0,2006-05-05,United States of America,,,7.0,2,,
18410,Project X,Drama,1987.0,1987-04-17,United States of America,18000000.0,18532286.0,6.2,77,,
114370,Fist of the North Star: Legend of Yuria,Action,2007.0,2007-02-23,Japan,,,5.3,5,,
18773,Doppelganger,Horror,1993.0,1993-03-01,United States of America,,,4.4,19,,
291817,Seymour: An Introduction,Documentary,2015.0,2015-03-13,United States,,,6.4,9,Ethan Hawke,
51765,Dead Man's Walk,Western,1996.0,1996-05-12,United States of America,,,6.3,3,,F. Murray Abraham
252,Willy Wonka & the Chocolate Factory,Family,1971.0,1971-06-29,United States of America,3000000.0,4000000.0,7.4,826,,
391004,His Girlfriend,Drama,2015.0,2015-10-17,Japan,,,6.0,1,,
91548,Ring of Fire II: Blood and Steel,Drama,1993.0,1993-03-17,United States of America,,,5.0,5,,
142973,Dating Games People Play,,2008.0,2008-02-12,United States,,,0.0,0,,
66945,Love's Kitchen,Drama,2011.0,2011-06-07,United Kingdom,,,4.8,20,,
421550,Payback: Straight Up,Action,2006.0,2006-10-21,United States of America,90000000.0,,6.8,25,,
139519,Magic Magic,Thriller,2013.0,2013-07-26,United States of America,,,5.2,79,,
132137,Werewolf: The Beast Among Us,Drama,2012.0,2012-10-09,United States of America,5000000.0,,5.3,57,,
180863,T2 Trainspotting,Crime,2017.0,2017-01-27,United Kingdom,18000000.0,41412709.0,7.1,795,,
44381,Napoleon,Adventure,1995.0,1995-10-10,Australia,,,5.5,15,,
60592,The Importance of Tying Your Own Shoes,Drama,2011.0,2011-03-18,Sweden,950000.0,,5.9,13,,
39008,The Year of the Hare,Comedy,1977.0,1977-12-23,Finland,,,7.4,4,,
167221,Long Live Freedom,Drama,2013.0,2013-02-13,Italy,5000000.0,48125.0,7.2,42,,
114953,Lolly-Madonna XXX,Drama,1973.0,1973-02-21,United States of America,,,7.0,1,,
50730,Winky's Horse,Family,2005.0,2005-11-01,nl,,,6.3,11,,
240581,Best in Bed,Comedy,2014.0,2014-01-15,France,,,5.0,22,,
413764,Playground,Thriller,2016.0,2016-09-19,Poland,,,6.0,2,,
399615,White Coffin,Thriller,2016.0,2016-07-21,Argentina,,,5.4,9,,
33130,Gewoon Hans,Foreign,2009.0,2009-12-30,Netherlands,,,7.0,1,Diederik Ebbinge,Hans Teeuwen
19601,Bent,Drama,1997.0,1997-11-26,United Kingdom,,,6.3,34,,
211231,Jonny Quest Vs. The Cyber Insects,Action,1995.0,1995-11-19,United States of America,,,0.0,0,,
29627,Defence of the Realm,Action,1986.0,1986-09-06,United Kingdom,,750000.0,6.8,10,,
42488,The New Land,Drama,1972.0,1972-01-01,Sweden,,,6.9,21,,
321644,Enquiring Minds: The Untold Story of the Man Behind the National Enquirer,Documentary,2014.0,2014-10-16,United States of America,750000.0,,7.0,1,,
21141,Simon Says,Horror,2006.0,2006-01-01,United States of America,,,5.2,24,William Dear,
12124,The Journey,Drama,1992.0,1992-04-30,Argentina,,,4.3,6,,
24235,Champion,Documentary,2005.0,2005-03-12,United States,,,6.2,6,,
52660,Cast a Deadly Spell,Comedy,1991.0,1991-01-01,United States of America,,,6.4,16,,
69727,Final Justice,Action,1988.0,1988-06-23,Hong Kong,,,4.4,4,,
41787,Defenseless,Thriller,1991.0,1991-08-23,United States of America,,,5.7,3,,
50767,American Cyborg: Steel Warrior,Action,1994.0,1994-01-07,United States of America,,447784.0,4.9,8,,
260372,Bermuda Tentacles,Science Fiction,2014.0,2014-04-04,United States of America,,,3.4,19,,
25757,Comic Book: The Movie,Action,2004.0,2004-01-27,United States,,,6.0,2,Mark Hamill,
32159,Bloody Tie,Drama,2006.0,2006-01-01,South Korea,,,6.2,13,,
140527,Glitterbug,Music,1994.0,1994-03-05,United Kingdom,,,8.0,3,,
11837,Watership Down,Adventure,1978.0,1978-10-14,United Kingdom,1000000.0,3713768.0,7.3,159,,
19672,Rock On!!,Drama,2008.0,2008-08-29,India,,,7.1,26,,
70779,The American Nightmare,Documentary,2000.0,2000-09-11,United States,,,6.1,8,,
47140,Midnight,Drama,1998.0,1998-01-01,Brazil,,,0.0,0,,
19955,I Do,Comedy,2006.0,2006-11-01,France,,,6.4,80,,
124074,Mea Maxima Culpa: Silence in the House of God,Documentary,2012.0,2012-11-16,United States of America,,,7.6,23,,
73408,Drive-In Horrorshow,Horror,2009.0,2009-01-01,United States,,,5.0,3,,
381505,The Identity Theft of Mitch Mustain,Documentary,2013.0,2013-05-18,United States,,,7.3,3,,
11659,The Best of Youth,Drama,2003.0,2003-05-19,Italy,,,8.0,88,,
58189,Perdiamoci di vista!,,1994.0,1994-01-01,Italy,,,6.3,11,Carlo Verdone,Carlo Verdone
19900,Weather Girl,Action,2009.0,2009-07-10,United States,,,5.6,23,Blayne Weaver,
62931,Afro Samurai,Animation,2007.0,2007-01-04,Japan,,,7.3,63,,
238399,Bill Cosby: Far From Finished,Comedy,2013.0,2013-11-23,United States of America,,,7.4,7,,
133521,Shameless,Drama,2012.0,2012-07-20,Poland,,,5.2,9,,
91292,Black Pond,Comedy,2011.0,2011-11-11,United States,,,5.3,7,,
282376,Corn Island,Drama,2014.0,2014-09-17,Switzerland,,,7.6,16,,
132518,Yes or No 2,,2012.0,2012-08-16,Thailand,,,6.5,10,,
10386,The Iron Giant,Adventure,1999.0,1999-08-06,United States of America,70000000.0,23159305.0,7.6,1470,,
65707,Duelle,Drama,1976.0,1976-09-15,France,,,7.6,11,,
297677,The Effect of Love,Drama,2007.0,2007-08-16,Argentina,,,4.0,2,Eliseo Subiela,
72460,Harry in Your Pocket,Comedy,1973.0,1973-09-23,United States of America,,,6.1,8,,
2756,The Abyss,Adventure,1989.0,1989-08-09,United States of America,70000000.0,90000098.0,7.1,822,,
295045,Little Ninjas,Action,1990.0,1990-08-17,United States of America,,,4.0,1,,
18311,Days of Being Wild,Crime,1990.0,1990-12-15,Hong Kong,,141864.0,7.3,85,Wong Kar-wai,
448448,Get Me Roger Stone,Documentary,2017.0,2017-04-23,United States of America,,,7.3,19,,
185471,Battle of the Damned,Action,2013.0,2013-07-25,United States of America,8000000.0,,4.8,46,,
101325,The Forger,Drama,2011.0,2011-03-09,United States of America,,,6.0,40,,
268771,Superheroes: A Never-Ending Battle,Documentary,2013.0,2013-10-08,United States,,,8.0,2,,
19496,Salem Witch Trials,Drama,2002.0,2002-01-01,Canada,,,6.5,9,,
13470,Bury My Heart At Wounded Knee,TV Movie,2007.0,2007-05-27,United States of America,,,6.0,33,,
412363,The Wedding Plan,Comedy,2017.0,2017-05-12,Israel,,,6.0,6,,
407575,Rosa Chumbe,Drama,2015.0,2015-08-08,Peru,,,0.0,0,,
450945,I Am Heath Ledger,Documentary,2017.0,2017-04-23,United States,,,7.5,26,,
21871,Tank,Action,1984.0,1984-03-16,United States of America,,14134877.0,5.8,23,,
285176,Out of Nature,Comedy,2014.0,2014-09-19,Norway,950000.0,,7.1,9,,
19958,The Year My Voice Broke,Drama,1987.0,1987-01-01,Australia,,,7.3,10,,
10471,Next Friday,Comedy,2000.0,2000-01-12,United States of America,11000000.0,59827328.0,6.5,145,,
13955,Beethoven's Big Break,Comedy,2008.0,2008-12-26,United States of America,,,4.3,26,,
74128,Three Miles North of Molkom,Documentary,2008.0,2008-04-18,United States,,,6.0,3,,
17935,Iron & Blood: The Legend of Taras Bulba,Drama,2009.0,2009-04-02,Russia,25000000.0,16815892.0,5.0,14,,
450875,LA 92,Documentary,2017.0,2017-04-28,United States of America,,,8.8,3,,
16422,The Caller,Drama,2008.0,2008-09-26,United States of America,,,5.6,5,,
10749,Sophiiiie!,Drama,2003.0,2003-02-28,Germany,,,6.0,1,,
210408,Aşk Kırmızı,Drama,2013.0,2013-03-15,United States,,,5.3,3,,
77067,DeadHeads,Adventure,2011.0,2011-04-29,United States of America,,,5.0,48,,
58207,If Tomorrow Comes,Crime,1986.0,1986-03-16,United States of America,,,6.5,6,,
448879,Приключения Домовёнка,Animation,1986.0,1986-03-25,Russia,,,9.0,1,,
47816,3 Strikes,Action,2000.0,2000-03-01,United States of America,6000000.0,9000000.0,5.9,15,DJ Pooh,
41966,Pin,Horror,1988.0,1988-11-25,Canada,,,6.6,31,,
291328,Rules Don't Apply,Comedy,2016.0,2016-11-23,United States of America,25000000.0,3885342.0,5.9,103,,
1878,Fear and Loathing in Las Vegas,Adventure,1998.0,1998-05-22,United States of America,18500000.0,10680275.0,7.2,1321,,
364902,The Dresser,Drama,2015.0,2015-10-31,United Kingdom,,,6.8,19,Richard Eyre,
150689,Cinderella,Romance,2015.0,2015-03-12,United Kingdom,95000000.0,543514353.0,6.7,2426,,
100540,The Kill Hole,Action,2012.0,2012-08-28,United States of America,300000.0,,4.9,4,,
40946,Fixing Frank,Drama,2002.0,2002-01-01,United States,,,6.0,2,,
2124,Color of Night,Drama,1994.0,1994-08-19,United States of America,40000000.0,19726050.0,5.4,117,,
26263,Death Wish 4: The Crackdown,Thriller,1987.0,1987-06-11,United States of America,,,5.6,51,,
22177,Autumn,Drama,2009.0,2009-01-01,Canada,,,3.0,13,,
86234,The Amulet of Ogum,Drama,1974.0,1974-05-21,Brazil,,,4.0,2,,
109453,Mothers and Daughters,Drama,2016.0,2016-05-06,United States of America,,,5.1,34,,
55846,Blitz,Crime,2011.0,2011-05-20,United Kingdom,15774948.0,741875.0,6.0,496,,
78228,I Am,Drama,2005.0,2005-11-04,United States,,,7.8,5,,
20713,Farewell to the King,War,1989.0,1989-03-03,United States of America,16000000.0,2420917.0,5.9,23,,
24574,Steel Toes,Crime,2006.0,2006-01-01,Canada,,,4.3,3,,
176182,The Human Scale,Documentary,2013.0,2013-02-20,Denmark,,,5.4,5,,
5546,Dead Weekend,Comedy,1995.0,1995-10-08,United States of America,,,2.0,1,,
47363,Deathstalker IV: Match of Titans,Action,1991.0,1991-07-13,United States of America,,,1.7,3,,
26566,Father and Guns,Action,2009.0,2009-07-08,Canada,,,6.1,11,,
352490,This Beautiful Fantastic,Comedy,2016.0,2016-10-20,United Kingdom,,,7.3,41,,
136087,The Giant King,Science Fiction,2012.0,2012-10-04,Thailand,,,4.8,4,,
5471,Beowulf & Grendel,Action,2005.0,2005-09-14,Australia,,92076.0,6.1,62,,
58547,10 Years,Comedy,2011.0,2011-09-12,United States of America,,201146.0,5.7,161,,
19946,A Man Called Blade,Western,1977.0,1977-08-13,Italy,,,7.0,5,,
44645,Bruce Lee: The Legend,Documentary,1984.0,1984-01-01,Hong Kong,,,8.9,19,,
36736,The Drawn Together Movie: The Movie!,Animation,2010.0,2010-04-20,United States of America,,,6.4,39,,
56448,Stalin,Drama,1992.0,1992-11-21,Russia,,,5.3,17,Ivan Passer,Robert Duvall
33370,Done the Impossible,Documentary,2006.0,2006-07-28,United States of America,,,6.8,7,,
14923,Run Ronnie Run,Comedy,2002.0,2002-09-16,United States of America,,,5.7,24,,
11846,Father of the Bride,Comedy,1991.0,1991-12-20,United States of America,,89325780.0,6.2,355,,
7979,The Kite Runner,Drama,2007.0,2007-10-14,China,20000000.0,73276047.0,7.3,405,,
73953,AmericanEast,Drama,2008.0,2008-11-14,United States,,,6.1,4,,
91563,Black Sun,Documentary,2005.0,2005-09-12,United Kingdom,,,8.3,3,,
173865,Esa ja Vesa – auringonlaskun ratsastajat,,1994.0,1994-11-10,Finland,3120375.0,,6.5,6,,
126862,Dead Europe,Drama,2012.0,2012-06-14,Australia,,,5.5,5,,
12605,Katze im Sack,Drama,2005.0,2005-01-20,Germany,,,0.0,0,,
13488,Katt Williams: It's Pimpin Pimpin,Comedy,2008.0,2008-11-11,United States,,,6.4,5,,
13171,The Ex,Comedy,2006.0,2006-12-01,United States of America,,3091922.0,5.0,64,,
23023,Tooth Fairy,Comedy,2010.0,2010-01-14,Canada,48000000.0,112462508.0,5.2,500,,
110390,A Pigeon Sat on a Branch Reflecting on Existence,Drama,2014.0,2014-10-24,Sweden,,,6.6,107,,
46986,Flirt,Drama,1995.0,1995-09-14,Germany,,,7.5,4,,
20478,Normal Adolescent Behavior,Romance,2007.0,2007-04-27,United States of America,,,4.9,7,,
27396,Brannigan,Action,1975.0,1975-03-21,United Kingdom,,,5.1,21,,
67899,Thick as Thieves,Drama,1999.0,1999-04-09,United States,,,5.3,12,,
52072,Clouds of May,Comedy,1999.0,1999-12-10,Turkey,,,6.8,5,Nuri Bilge Ceylan,
128169,Sideways,Foreign,2009.0,2009-10-31,Japan,,,4.0,1,,
760,The Mad Adventures of Rabbi Jacob,Comedy,1973.0,1973-10-17,Italy,,,7.1,183,,
250624,Jay Mohr: Funny for a Girl,Comedy,2012.0,2012-09-08,United States of America,,,5.0,1,Scott L. Montoya,Jay Mohr
54384,Our Beloved Month of August,Music,2008.0,2008-08-21,Portugal,,,7.0,8,,
13688,CJ7,Comedy,2008.0,2008-01-30,Hong Kong,,47301471.0,6.1,110,,
317182,Doctor Who: Last Christmas,Science Fiction,2014.0,2014-12-25,United Kingdom,,,7.9,86,,
15363,Something New,Comedy,2006.0,2006-01-29,United States of America,,11400000.0,6.2,49,,
47291,Chicken and Duck Talk,Comedy,1988.0,1988-07-14,Hong Kong,,,7.0,6,,
17274,American Pastime,Drama,2007.0,2007-05-14,United States of America,,,8.3,2,,
153102,12 Days of Terror,Drama,2005.0,2005-07-05,United States,,,5.2,10,,
383121,Kindergarten Cop 2,Action,2016.0,2016-05-17,United States of America,,,4.6,63,,
32595,Howling III: The Marsupials,Horror,1987.0,1987-01-01,Australia,,,4.1,30,,
2013,The Diving Bell and the Butterfly,Drama,2007.0,2007-05-22,France,14000000.0,19777647.0,7.5,290,,
157559,Ah Nerede,,1975.0,1975-11-19,tr,,,8.0,3,,
243938,Hot Tub Time Machine 2,Comedy,2015.0,2015-02-20,United States of America,14000000.0,12314651.0,5.0,360,,
11637,Are We There Yet?,Adventure,2005.0,2005-01-20,United States of America,32000000.0,97918663.0,5.2,227,,
32511,"Police, Adjective",Drama,2009.0,2009-05-15,Romania,1089360.0,48298.0,6.1,14,,
9922,The Postman,Drama,1997.0,1997-12-25,United States of America,80000000.0,17626234.0,6.1,306,,
140149,Season's Greetings,Comedy,1996.0,1996-10-31,United States,,,6.1,7,Michael Dougherty,
14191,Aquamarine,Fantasy,2006.0,2006-03-03,Australia,12000000.0,23006849.0,5.8,372,,
110643,Mass Appeal,Drama,1984.0,1984-12-14,United States,,,7.5,3,,
67,Paradise Now,Thriller,2005.0,2005-02-14,Palestinian Territory,,3357075.0,6.9,63,,
47116,The Winner,Drama,1979.0,1979-03-09,United States,,,0.0,0,,
86283,Snapshot,Thriller,1979.0,1979-06-01,Australia,,,5.5,2,,
438283,Chapter & Verse,Drama,2016.0,2016-06-12,United States of America,4000000.0,,7.0,1,,
84586,Relax... It's Just Sex,Comedy,1998.0,1998-06-26,United States,,,3.7,3,,
68297,Hiroshima,Documentary,2005.0,2005-08-05,United Kingdom,,,6.2,13,,
143928,Hellgate,Horror,2011.0,2011-11-05,Thailand,5000000.0,,4.8,10,,
691,The Spy Who Loved Me,Adventure,1977.0,1977-07-07,United Kingdom,14000000.0,185438673.0,6.6,515,,
77670,Kansas,Drama,1988.0,1988-09-23,United States of America,,,3.3,4,,
197725,John Henry,Animation,2000.0,2000-05-27,United States of America,,,7.1,18,,
305642,Ithaca,Drama,2015.0,2015-10-29,United States of America,5000000.0,,5.7,22,,
180850,Lucky Bastard,Thriller,2014.0,2014-02-14,United States of America,,,3.8,12,,
18597,Jimmy Carr: Live,Comedy,2004.0,2004-11-08,United Kingdom,,,7.3,8,,
114377,The Ventriloquist,,2012.0,2012-06-02,United States of America,,,5.8,4,,
11625,Asterix and the Big Fight,Family,1989.0,1989-10-03,France,,,6.5,128,,
265563,The Mystery of Happiness,Comedy,2014.0,2014-01-16,Argentina,,,6.3,5,,
24749,Iceman,Science Fiction,1984.0,1984-04-13,United States of America,,,5.9,32,,
118098,Madame Sousatzka,Drama,1988.0,1988-10-14,United Kingdom,,,5.4,7,,
340856,Seinfeld: How It Began,Documentary,2004.0,2004-11-23,United States,,,9.0,1,,Larry David
80410,In the Name of the King 2: Two Worlds,Adventure,2011.0,2011-11-03,Germany,4500000.0,,4.1,42,,
342657,The Silenced,Horror,2015.0,2015-06-18,South Korea,,,5.7,40,Lee Hae-young,Park Bo-young
52961,That's Life!,Comedy,1986.0,1986-10-10,United States of America,,,4.7,3,,
28498,Theatre of Blood,Comedy,1973.0,1973-03-15,United Kingdom,,,6.7,43,,
53174,Kokowaah,Comedy,2011.0,2011-02-02,Germany,5650000.0,43000000.0,6.4,103,,
46871,Eve and the Fire Horse,Drama,2005.0,2005-09-09,Canada,1500000.0,,7.0,2,,
23047,Season of the Witch,Adventure,2011.0,2011-01-07,United States of America,40000000.0,88100000.0,5.2,756,,
35703,Holiday in the Sun,Action,2001.0,2001-11-10,United States of America,,,5.1,35,,
101652,Erotic Games in the Third Galaxy,Science Fiction,1981.0,1981-02-12,Italy,,,3.0,3,,
3396,The Yes Men,Comedy,2003.0,2003-09-07,United States of America,,,7.0,28,,
333344,Dirty Weekend,Drama,2015.0,2015-09-04,United States of America,,,5.2,30,,
323132,Altar of Fire,Documentary,1976.0,1976-01-01,United States,,,0.0,0,Robert Gardner,
36571,The Dirty Dozen: Next Mission,Action,1985.0,1985-02-04,United States of America,,,3.9,11,,
58770,The Trigger Effect,Drama,1996.0,1996-08-30,United States of America,8000000.0,,6.6,18,,
75802,Hysteria,Comedy,2011.0,2011-06-06,Luxembourg,,9504139.0,6.6,262,,
82520,Return,Drama,2011.0,2011-05-14,United States of America,,,6.5,6,,
44664,Reckless Kelly,Comedy,1994.0,1994-05-04,United States of America,,,4.3,6,,
59122,Peluca,Comedy,2003.0,2003-01-20,United States of America,,,7.0,4,Jared Hess,Jon Heder
130993,Future My Love,Documentary,2012.0,2012-06-21,United Kingdom,,,2.8,4,,
388440,The Curse of Sleeping Beauty,Fantasy,2016.0,2016-05-05,United States of America,,,4.0,46,,
284286,Learning to Drive,Comedy,2014.0,2014-08-21,United States of America,,3447633.0,6.1,79,,
294826,The Runner from Ravenshead,Family,2010.0,2010-07-23,United States of America,,,0.0,0,,
4203,Women on the Verge of a Nervous Breakdown,Comedy,1988.0,1988-03-14,Spain,700000.0,7179298.0,7.6,149,,
59199,World Traveler,Drama,2002.0,2002-01-17,United States of America,,,5.0,3,,
35237,Suicide Killers,Documentary,2006.0,2006-08-27,United States,,,7.0,1,,
8948,The Pearl Color,Drama,2009.0,2009-01-08,Germany,,,8.5,2,,
118439,The Gambler Returns: The Luck Of The Draw,Western,1991.0,1991-11-03,United States,,,3.0,2,,
418787,Gatekeeper,Documentary,2016.0,2016-09-25,Canada,,,0.0,0,,
319993,Aferim!,Drama,2015.0,2015-01-22,Romania,1379375.0,105097.0,7.5,28,,
20342,Secret,Fantasy,2007.0,2007-07-27,Hong Kong,,,7.6,58,,
39793,First Love,,2000.0,2000-04-01,Japan,,,6.5,3,,
271826,An Eye for Beauty,Drama,2014.0,2014-05-15,Canada,,40000.0,2.9,54,,
47095,House of Cards,Drama,1993.0,1993-06-25,Italy,,,6.7,17,,
362151,Nuoruuteni savotat,Drama,1988.0,1988-11-18,Finland,,,6.0,1,,
47813,Waking Sleeping Beauty,Documentary,2009.0,2009-09-05,United States of America,,80.0,7.4,22,,
333669,Bastille Day,Action,2016.0,2016-04-22,Luxembourg,20000000.0,14397593.0,6.0,378,,
115626,Stuck in the Suburbs,Comedy,2004.0,2004-07-16,United States,,,5.2,40,,
10858,Nixon,History,1995.0,1995-12-22,United States of America,44000000.0,13681765.0,7.1,72,,
328480,Kept Woman,Thriller,2015.0,2015-02-28,United States,,,6.2,20,,
128140,No Place on Earth,Documentary,2012.0,2012-09-10,United States,,,7.5,10,,
28855,The Return of Count Yorga,Horror,1971.0,1971-08-18,United States of America,,,5.1,8,,
278,The Shawshank Redemption,Drama,1994.0,1994-09-23,United States of America,25000000.0,28341469.0,8.5,8358,,
12839,The Curiosity of Chance,Comedy,2006.0,2006-10-21,Belgium,,,5.8,15,,
23717,In the Name of God,Drama,2007.0,2007-07-29,Pakistan,,,6.1,7,,
362430,Night of the Wild,Horror,2015.0,2015-10-03,United States of America,,,3.5,12,,
9051,10,Comedy,1979.0,1979-10-04,United States of America,,74865517.0,5.4,69,,
5424,The Grim Reaper,Horror,1980.0,1980-08-07,Italy,,,5.2,30,,
214215,Friends from France,Drama,2013.0,2013-11-27,France,,,6.3,3,,
43911,A Letter from Death Row,Drama,1998.0,1998-11-17,United States,,,2.0,1,Bret Michaels,
29293,House of the Dead 2,TV Movie,2005.0,2005-10-14,United States of America,6000000.0,,4.0,29,,
1735,The Mummy: Tomb of the Dragon Emperor,Adventure,2008.0,2008-07-01,Germany,145000000.0,401128639.0,5.2,1418,,
61280,The Turning Point,Drama,1977.0,1977-11-14,United States of America,,,6.0,16,,
24926,Winnie the Pooh and a Day for Eeyore,Animation,1983.0,1983-01-01,United States of America,,12000000.0,5.9,9,,
9821,The Mighty,Comedy,1998.0,1998-10-23,United States of America,,,7.1,51,,
77519,The Libertine,History,2000.0,2000-03-15,France,,,6.4,4,,
19698,Porky's II: The Next Day,Comedy,1983.0,1983-06-24,Canada,6500000.0,33759266.0,5.2,61,,
369054,Christmas Land,Family,2015.0,2015-12-20,United States,,,6.7,11,,
82473,Askari,,2001.0,2001-12-01,United States,,,0.0,0,,
18387,Big Wednesday,Drama,1978.0,1978-05-26,United States of America,11000000.0,,6.8,47,,
383743,Before the Streets,Drama,2016.0,2016-02-18,Canada,,,4.0,2,,
63310,Bullhead,Crime,2011.0,2011-02-02,Belgium,2000000.0,,7.4,106,,
58767,Sniper: Reloaded,War,2011.0,2011-04-26,South Africa,,,5.2,43,,
52589,Tokyo Tower,Drama,2005.0,2005-01-15,Japan,,,5.6,4,,
30675,Planet Hulk,Animation,2010.0,2010-02-02,United States of America,,7000000.0,6.7,108,,
108762,Life for Sale,,2011.0,2011-10-21,Finland,,,7.2,5,,
321109,Bitter Lake,Documentary,2015.0,2015-01-24,United Kingdom,,,8.0,30,,
253266,Print the Legend,Documentary,2014.0,2014-03-09,United States of America,,,7.1,17,,
39440,Waiting for 'Superman',Documentary,2010.0,2010-09-24,United States of America,,,6.9,45,Davis Guggenheim,
351242,The Intervention,Comedy,2016.0,2016-08-26,United States of America,,,6.1,38,,
198661,Metello,,1970.0,1970-06-02,United States,,,4.5,4,,
50295,Crack House,Action,1989.0,1989-11-10,United States of America,,,0.0,0,,
109466,Urban Menace,Horror,1999.0,1999-09-07,United States of America,,,3.5,2,,
44647,Rock Slyde,Comedy,2010.0,2010-05-01,United States of America,,,5.5,7,,
197562,An Enemy of the People,Drama,1990.0,1990-01-19,India,,,8.2,5,,
410988,Stake Land II: The Stakelander,Action,2016.0,2016-10-14,United States of America,,,5.4,36,,
169209,Empire State,Action,2013.0,2013-09-03,United States of America,11000000.0,3639345.0,4.9,229,,
398289,Life on the Line,Action,2015.0,2015-11-05,United States of America,,,5.3,54,,
364781,Master and Tatyana,Documentary,2015.0,2015-10-16,Russia,,,9.0,1,,
81857,Alps,Drama,2011.0,2011-09-01,Greece,,,6.4,43,,
13348,Helvetica,Documentary,2007.0,2007-09-12,United Kingdom,,,7.3,71,,
13930,For the Birds,Animation,2000.0,2000-11-01,United States of America,,,7.5,389,,
10167,Half Past Dead,Crime,2002.0,2002-11-15,Germany,13000000.0,,4.6,82,,
38141,World Gone Wild,Action,1987.0,1987-10-01,United States of America,,,5.6,5,,
12901,No End in Sight,Documentary,2007.0,2007-07-27,United States,2000000.0,1431623.0,7.3,23,Charles Ferguson,
6547,Schtonk!,History,1992.0,1992-03-12,Germany,,,6.7,16,,
45384,Ashura,Fantasy,2005.0,2005-01-01,Japan,,,3.8,4,,
175112,Tinker Bell and the Pirate Fairy,Animation,2014.0,2014-02-13,United States of America,,20300000.0,6.5,286,,
28389,Death Spa,Horror,1988.0,1988-01-01,United States of America,,,4.7,17,,
177552,A Resurrection,Horror,2013.0,2013-03-21,United States of America,,,3.9,14,,
14850,Tripping the Rift: The Movie,Animation,2008.0,2008-03-25,Canada,,,5.1,12,,
80659,Get Well Soon,Comedy,2001.0,2001-12-20,United States of America,,,3.8,6,,
203665,Paris à tout prix,Comedy,2013.0,2013-07-15,France,,,6.3,85,Reem Kherici,Reem Kherici
116494,Clearcut,Drama,1991.0,1991-09-10,Canada,,,8.5,4,,
255528,Blank: A Vinylmation Love Story,Adventure,2014.0,2014-02-14,United States,,,4.0,2,,
47453,Sodoma's Ghost,Foreign,1988.0,1988-01-01,Italy,,,3.6,5,,
30974,High Lane,Action,2009.0,2009-01-01,France,,,5.6,77,,
19052,Light It Up,Drama,1999.0,1999-11-04,United States of America,,,6.6,7,,
89883,Stuck Between Stations,Drama,2011.0,2011-11-04,United States of America,,,6.3,12,,
152938,National Geographic: Hitler's Stealth Fighter,Documentary,2009.0,2009-01-01,United States,,,0.0,0,,
42159,The Idolmaker,Drama,1980.0,1980-11-14,United States of America,,,6.5,5,,
99330,Happy Birthday,Drama,2008.0,2008-12-18,Thailand,,,7.2,3,,
26367,I Can Do Bad All By Myself,Drama,2009.0,2009-09-11,United States of America,,,6.0,40,Tyler Perry,Tyler Perry
29044,Street Fight,Documentary,2005.0,2005-01-01,United States,,,6.6,9,,
15356,The Girl Next Door,Thriller,2007.0,2007-07-19,United States of America,,,6.5,209,,
397365,Madaari,Thriller,2016.0,2016-06-10,India,,,7.9,11,,
328631,Not Bad for a Human,,1977.0,1977-10-07,Finland,,,7.0,1,,
121872,Ginger & Rosa,Drama,2012.0,2012-09-07,United Kingdom,,1005700.0,6.4,79,,
11161,Grace is Gone,Drama,2007.0,2007-01-21,United States of America,,,6.1,32,,
40394,Salon Kitty,Drama,1976.0,1976-03-02,France,,,4.6,20,,
319017,The Last Straight Man,Drama,2014.0,2014-05-06,United States of America,,,5.6,7,,
36432,Art & Copy,Documentary,2009.0,2009-08-21,United States,,,7.0,18,,
101320,The Spiral Staircase,,2000.0,2000-04-02,United States,,,4.0,1,,
26736,Wizards of Waverly Place: The Movie,Adventure,2009.0,2009-08-28,United States of America,,,6.0,323,,
84739,Break Free,,2003.0,2003-01-01,United States,,,6.0,3,,
339362,SuperBob,Action,2015.0,2015-10-16,United States,,,5.7,25,,
148479,I Hired Two Contract Cleaners,Comedy,1997.0,1997-11-24,Finland,,,6.5,2,,
867,Sliver,Drama,1993.0,1993-05-21,United States of America,40000000.0,116300000.0,4.9,144,,
77600,Jasne Błękitne Okna,,2007.0,2007-01-07,United States,,,8.0,1,Bogusław Linda,
76498,Heartworn Highways,Documentary,1976.0,1976-05-01,United States of America,,,8.3,2,,
36588,The Immortal Voyage of Captain Drake,Adventure,2009.0,2009-01-17,Bulgaria,,,4.4,4,,
261872,Sunstruck,,1972.0,1972-12-22,United Kingdom,,,0.0,0,,
1979,Fantastic 4: Rise of the Silver Surfer,Adventure,2007.0,2007-06-13,Germany,130000000.0,289047763.0,5.4,2648,,
51675,Escape from Suburbia: Beyond the American Dream,Documentary,2007.0,2007-01-01,United States,,,6.0,1,,
34067,Pokémon: Lucario and the Mystery of Mew,Adventure,2005.0,2005-07-16,Japan,,,6.4,53,,
13209,Offside,Drama,2006.0,2006-05-26,Iran,2500.0,,6.7,27,,
80368,The Doctor and the Devils,Horror,1985.0,1985-10-04,United States,,,5.8,8,Freddie Francis,
124122,Little Mother,,1973.0,1973-01-05,Germany,,,0.0,0,,
112092,Sheitan Warrior,Comedy,2006.0,2006-04-19,Serbia,,,6.1,4,,
199647,The Color of Time,Drama,2012.0,2012-11-16,United States of America,,,4.4,8,,
113777,Harper Valley P.T.A.,Comedy,1978.0,1978-07-02,United States of America,,,7.0,8,,
1595,Land of Plenty,Drama,2004.0,2004-09-10,Canada,,,5.4,14,,
158870,Newlyweeds,,2013.0,2013-09-18,United States,,,4.8,5,,
33817,Satanás - Profile of a Killer,Crime,2007.0,2007-03-04,Colombia,,,7.8,8,,
61979,Three Steps Above Heaven,Romance,2010.0,2010-12-03,Spain,,,7.4,513,,
11376,Swimming Pool,Thriller,2001.0,2001-10-04,Germany,,,4.6,17,,
42033,Def-Con 4,Horror,1985.0,1985-03-15,Canada,,,2.8,10,,
430977,Seclusion,Horror,2016.0,2016-12-25,Philippines,,,7.5,3,,
33545,The Siege of Firebase Gloria,Action,1989.0,1989-01-27,Philippines,,,5.3,17,,
137801,Nobody Knows Sex,Comedy,2006.0,2006-03-15,Russia,,,4.0,4,,
407172,Summer Villa,Romance,2016.0,2016-07-23,United States of America,,,6.2,15,,
9017,Outpost,Action,2007.0,2007-03-11,United Kingdom,,,6.0,79,,
274479,Joy,Drama,2015.0,2015-12-24,United States of America,60000000.0,101134059.0,6.4,1619,,
65967,Up and Down,Comedy,2004.0,2004-09-16,Czech Republic,2000000.0,,8.2,5,,
366249,Lapland Odyssey 2,Comedy,2015.0,2015-09-30,Finland,1730000.0,,7.2,6,,
714,Tomorrow Never Dies,Adventure,1997.0,1997-12-11,United Kingdom,110000000.0,333011068.0,6.0,941,,
299221,Phantom Halo,Thriller,2015.0,2015-06-19,United States of America,,,5.2,18,,
238603,Earth to Echo,Family,2014.0,2014-06-14,United States of America,13000000.0,45300000.0,5.7,294,,
2288,Closer,Drama,2004.0,2004-12-01,United States of America,27000000.0,115505027.0,6.7,845,,
204260,Killer Toon,Horror,2013.0,2013-06-27,South Korea,,,6.9,23,,
10805,Staying Alive,Drama,1983.0,1983-07-11,United States of America,22000000.0,64892670.0,4.7,93,,
124524,When the Bough Breaks,Thriller,1994.0,1994-05-07,United States of America,,,6.5,2,,
105972,"OC87: The Obsessive Compulsive, Major Depression, Bipolar, Asperger's Movie",Documentary,2012.0,2012-05-25,United States of America,,,7.0,3,,
63190,The Father and the Foreigner,,2010.0,2010-01-01,Italy,,,6.0,1,,
9967,Uncommon Valor,Action,1983.0,1983-12-16,United States of America,,27900000.0,6.2,54,,
309811,Shadows on the Wall,Horror,2014.0,2014-12-10,United States of America,,,4.0,2,,
39062,Coupe de Ville,Comedy,1990.0,1990-03-09,United States,,715.0,5.9,17,,
29039,The Arena,Action,1974.0,1974-03-13,Italy,,,6.0,7,,
15603,Fat Pizza,Comedy,2003.0,2003-04-10,Australia,400000.0,7888102.0,5.7,10,,
23764,Toyland,Drama,2007.0,2007-08-29,Germany,,,6.4,15,,
79678,Introducing... Janet,,1981.0,1981-01-01,United States,,,3.2,7,,
353462,Tut,Drama,2015.0,2015-07-19,United States,,,7.6,22,,
30027,Assault of the Party Nerds,Comedy,1989.0,1989-01-01,United States of America,,,4.8,3,Richard Gabai,
8487,Wild Wild West,Action,1999.0,1999-06-29,United States of America,170000000.0,222104681.0,5.1,1042,,
17028,Eating Out 2: Sloppy Seconds,Comedy,2006.0,2006-01-01,United States of America,,,5.9,28,,
61950,The Fine Art of Love: Mine Ha-Ha,Mystery,2005.0,2005-11-25,Italy,,,4.7,5,,
41374,The First Power,Crime,1990.0,1990-04-06,United States of America,10000000.0,22424195.0,4.7,15,,
49462,Career Girls,Drama,1997.0,1997-06-01,France,,,7.4,15,,
15877,The Sky Crawlers,Action,2008.0,2008-08-02,Japan,,,6.7,41,,
61492,g@me.,Thriller,2003.0,2003-11-08,Japan,,,6.1,4,,
334175,Siccîn,Horror,2014.0,2014-09-26,Turkey,,,5.3,3,,
261414,Larry David: Curb Your Enthusiasm,,1999.0,1999-10-17,United States,,,5.8,5,Robert B. Weide,Larry David
95966,Thomasine & Bushrod,Western,1974.0,1974-04-10,United States of America,,,0.0,0,Gordon Parks Jr.,Max Julien
372981,Marco Polo: One Hundred Eyes,Action,2015.0,2015-12-26,United States of America,,,7.1,33,,
38183,The Hire: Ambush,Action,2001.0,2001-01-01,United States of America,,,6.7,17,,
42489,Sounder,Drama,1972.0,1972-09-24,United States of America,,,6.5,11,,
144008,Miles Electric - A Different Kind Of Blue,Music,2004.0,2004-11-23,United States of America,,,4.0,2,,
324284,Lamb,Drama,2016.0,2016-01-08,United States of America,,,6.8,21,,
87035,Razend,Drama,2011.0,2011-10-12,Netherlands,,,6.5,8,,
291006,The Price We Pay,Documentary,2014.0,2014-09-05,Canada,,,6.7,5,,
25119,Are You Scared?,Action,2006.0,2006-09-12,United States of America,,,3.5,11,,
96460,Violent City,Crime,1975.0,1975-08-13,Italy,,,6.0,7,,
423360,Hammer,Action,2016.0,2016-11-03,Russia,,,6.0,2,,
640,Catch Me If You Can,Drama,2002.0,2002-12-25,United States of America,52000000.0,352114312.0,7.7,3917,,
21988,Awaydays,Drama,2009.0,2009-04-01,United Kingdom,,,5.4,9,,
47238,The Corridor,Drama,1994.0,1994-12-12,Germany,,,4.8,5,,
71864,The Odd Life of Timothy Green,Fantasy,2012.0,2012-08-15,United States of America,,51854875.0,6.6,392,,
2887,And the Band Played On,Drama,1993.0,1993-09-11,United States of America,,,5.8,24,,
402455,125 Years Memory,Drama,2015.0,2015-12-05,Turkey,,,8.3,3,,
259072,Wrong Turn 6: Last Resort,Horror,2014.0,2014-08-22,Bulgaria,1200000.0,,4.6,171,,
266082,Girlhood,Drama,2014.0,2014-06-27,France,,60765.0,6.5,111,,
38185,The Hire: Hostage,Action,2002.0,2002-01-01,United States of America,,,6.5,17,John Woo,
282672,My Mistress,Romance,2014.0,2014-08-14,Australia,,,5.9,16,,
232462,Styx,Action,2001.0,2001-10-15,South Africa,,,3.7,3,,
9079,Dying Young,Drama,1991.0,1991-06-20,United States of America,,,5.8,87,,
31472,Lust for a Vampire,Horror,1971.0,1971-01-17,United Kingdom,,,6.2,11,,
66082,Rembrandt,,1999.0,1999-08-09,France,,,5.8,3,,
327536,Bakuman,Drama,2015.0,2015-10-01,Japan,,,7.6,8,,
74535,Adventures of Captain Wrongel,Animation,1979.0,1979-06-06,ru,,,7.6,7,,
230680,Nachbarinnen,Drama,2004.0,2004-11-10,Germany,,,6.0,1,,
26725,Nomads,Thriller,1986.0,1986-03-07,United States of America,2278264.0,,5.3,20,,
63492,What's Your Number?,Comedy,2011.0,2011-09-30,United States of America,20000000.0,30426096.0,6.2,689,,
58060,The Jewel,Drama,2011.0,2011-03-04,France,,,6.0,11,,
56296,Deuce of Spades,Drama,2010.0,2010-06-01,United States of America,25000.0,,5.3,2,,
38499,The Howling: New Moon Rising,Horror,1995.0,1995-01-01,United Kingdom,,,2.2,15,,
11835,Death Sentence,Action,2007.0,2007-08-31,United States of America,20000000.0,16974459.0,6.4,303,,
81010,Ticket Out,Thriller,2011.0,2011-07-20,United States of America,,,5.2,14,,
40060,The Manitou,Horror,1978.0,1978-04-28,Canada,,,5.9,16,,
58097,Freedomfighters,War,1996.0,1996-04-19,Belgium,,,6.7,12,,
285838,Teen Lust,Comedy,2014.0,2014-09-04,Canada,,,4.4,27,,
67822,Rituals,Adventure,1977.0,1977-07-21,Canada,,,6.6,13,,
277847,Set Fire to the Stars,Drama,2014.0,2014-11-07,United Kingdom,,,5.3,16,,
40119,Drop,Action,2009.0,2009-03-20,Japan,,,5.0,2,,
63172,The Year 01,Comedy,1973.0,1973-02-22,France,,,7.6,5,,
156288,Fool N Final,Romance,2007.0,2007-06-01,United States,,,2.8,4,,
65992,How to Die in Oregon,Documentary,2011.0,2011-01-01,United States,,,7.8,11,,
361777,Smoke & Mirrors,History,2016.0,2016-09-23,Spain,5000000.0,2387127.0,6.7,50,,
65674,A Town Called Hell,Western,1971.0,1971-10-27,United Kingdom,,,5.5,2,,
260339,Salting the Battlefield,Action,2014.0,2014-03-27,United Kingdom,,,6.3,34,,
50819,American Adobo,Comedy,2001.0,2001-09-29,United States of America,344.0,4.0,5.3,3,,
26960,Retro Puppet Master,Horror,1999.0,1999-11-09,United States of America,,,2.5,12,,
50646,"Crazy, Stupid, Love.",Comedy,2011.0,2011-07-29,United States of America,50000000.0,142851197.0,7.0,2522,,
50990,Bad Family,,2010.0,2010-01-29,fi,,,6.0,3,,
85652,Mamitas,Drama,2012.0,2012-04-27,United States of America,,,6.3,3,,
85904,The Inner Scar,Music,1972.0,1972-02-02,France,,,8.3,7,Philippe Garrel,
46460,Wanda Nevada,Drama,1979.0,1979-06-01,United States of America,,2411145.0,6.5,9,,
87078,Suture,Drama,1993.0,1993-09-14,United States of America,,102780.0,6.0,7,,
294308,Don't Blink,Horror,2014.0,2014-09-18,United States of America,,,4.7,53,,
9470,Kung Fu Hustle,Action,2004.0,2004-02-10,China,20000000.0,100914445.0,7.2,841,,
257343,Recep İvedik 4,Comedy,2014.0,2014-02-20,Turkey,,149521495.0,6.5,15,,
5460,Cruel Intentions 3,Drama,2004.0,2004-05-25,United States of America,,,4.3,46,,
309063,The Ouija Experiment 2: Theatre of Death,Horror,2015.0,2015-01-13,United States of America,,,3.0,25,,
52013,Marwencol,Documentary,2010.0,2010-03-12,United States,,58.0,6.8,15,,
269057,Bang Bang Baby,Science Fiction,2014.0,2014-09-08,Canada,1000000.0,,6.6,8,,
462026,Edith Walks,Documentary,2017.0,2017-06-23,United States,,,0.0,0,,
29342,The Bees,Thriller,1978.0,1978-11-01,Mexico,,,4.4,8,,
186634,Kung Fu Rascals,Comedy,1992.0,1992-01-01,United States of America,,,0.0,0,,
266285,The Salvation,Drama,2014.0,2014-05-22,Denmark,10500000.0,42070000.0,6.2,285,,
200548,Fanie Fourie's Lobola,Comedy,2013.0,2013-03-01,South Africa,,,6.0,1,,
353446,American Beach House,Comedy,2015.0,2015-07-02,United States of America,,,4.3,9,Straw Weisman,Mischa Barton
78143,A Gathering of Old Men,Drama,1987.0,1987-05-10,United States of America,,,7.0,1,,
149336,The Challenge... A Tribute to Modern Art,Documentary,1974.0,1974-12-05,United States of America,,,0.0,0,,
69346,Zeher,Thriller,2005.0,2005-03-25,India,,,5.5,4,,
36718,Lagerfeld Confidential,Documentary,2007.0,2007-10-10,France,,,6.7,3,,
237506,The King,Drama,2002.0,2002-11-09,Greece,,,6.6,4,,
63498,Chico & Rita,Animation,2010.0,2010-11-19,Spain,,,6.5,44,,
381341,Perfect Strangers,Comedy,2016.0,2016-02-11,Italy,,,7.8,803,,
14334,The Secret of Roan Inish,Drama,1994.0,1994-01-01,Ireland,,,6.1,15,,
58887,When Harry Tries to Marry,Comedy,2011.0,2011-04-22,United States,,38261.0,5.9,7,,
114051,Candy Razors,Crime,1980.0,1980-10-06,Mexico,,680224.0,6.2,6,,
30636,La Luna,Drama,1979.0,1979-08-29,Italy,,,6.9,17,,
12455,The Young Lieutenant,Drama,2005.0,2005-08-31,France,,,6.0,17,,
139075,Dance Me to My Song,,1998.0,1998-10-20,United States,,,5.5,2,,
60951,Passion in the Desert,Drama,1997.0,1997-08-31,United States of America,,,5.8,5,,
134806,Riders of the Purple Sage,TV Movie,1996.0,1996-01-21,United States of America,,,0.0,0,,
103689,Post Tenebras Lux,Drama,2012.0,2012-11-22,Mexico,,,5.8,31,,
152601,Her,Romance,2013.0,2013-12-18,China,23000000.0,47351251.0,7.9,4215,,
87909,Kidco,Comedy,1984.0,1984-04-13,United States of America,,,7.1,7,,
29138,Crossing the Bridge: The Sound of Istanbul,Documentary,2005.0,2005-05-27,United States,,,8.1,8,Fatih Akin,
92990,Yellow Earth,Drama,1984.0,1984-08-19,China,,,7.9,8,,
29192,The Missing Lynx,Animation,2008.0,2008-12-25,United Kingdom,,,5.3,3,,
13534,How to Rob a Bank,Action,2007.0,2007-01-25,United States of America,,,6.2,35,,
6,Judgment Night,Action,1993.0,1993-10-15,Japan,,12136938.0,6.4,79,,
10306,Poltergeist III,Horror,1988.0,1988-06-10,United States of America,10500000.0,14144000.0,4.6,127,,
37997,Permanent Vacation,Drama,1980.0,1980-01-01,United States of America,,,6.0,28,,
403052,Mower Minions,Comedy,2016.0,2016-07-08,United States of America,,,6.8,54,,
15826,Restless Souls,Horror,2005.0,2005-05-27,Denmark,,,4.8,5,,
430514,Le passe-muraille,Romance,2016.0,2016-12-16,France,,,0.0,0,,
13990,The Wackness,Drama,2008.0,2008-07-03,United States of America,6000000.0,2899975.0,6.2,95,,
429389,Joey Coco Diaz: Sociably UnAcceptable,Comedy,2016.0,2016-12-08,United States of America,,,0.0,0,,
51878,9 Deaths of the Ninja,Action,1985.0,1985-04-15,Philippines,,,6.1,9,,
391899,Hannibal Buress: Hannibal Takes Edinburgh,,2016.0,2016-04-08,United States,,,6.5,4,,
211078,When Jews Were Funny,Documentary,2013.0,2013-11-14,Canada,,,7.3,4,,
248559,Let's Do It!,Comedy,1982.0,1982-07-09,United States,,,0.0,0,,
294963,Bone Tomahawk,Horror,2015.0,2015-10-23,United States of America,1800000.0,,6.6,511,,
28687,Unholy,Horror,2007.0,2007-09-04,United States of America,250000.0,,2.8,4,,
12104,Pink Floyd: The Wall,Music,1982.0,1982-07-14,United Kingdom,12000000.0,22244207.0,7.7,363,,
42085,Camila,Drama,1984.0,1984-05-17,Spain,,,7.0,4,María Luisa Bemberg,
193216,Travels of an Ant,Animation,1983.0,1983-01-01,Russia,,,9.0,4,,
354776,The Choice Is Ours,Documentary,2015.0,2015-03-02,United States of America,,,7.0,3,,
75282,Scenes from the Suburbs,Drama,2011.0,2011-03-01,United States of America,,,6.7,13,,
234652,I Heart Monster Movies,Horror,2012.0,2012-10-12,United States of America,,,0.0,0,,
71668,Piranha 3DD,Horror,2012.0,2012-05-11,United States of America,5000000.0,8493728.0,4.1,319,,
9459,Woodstock,History,1970.0,1970-03-26,United States of America,600000.0,34505110.0,7.1,67,,
29723,The Concorde... Airport '79,Action,1979.0,1979-08-17,United States of America,14000000.0,13015688.0,4.7,45,,
38701,The Devil's Rain,Horror,1975.0,1975-07-01,United States of America,,,5.5,14,,
86211,Deep Blues,Documentary,1992.0,1992-04-01,United States,,,8.0,1,,
103745,Vesku,Documentary,2010.0,2010-09-03,Finland,,,6.0,3,Mika Kaurismäki,Vesa-Matti Loiri
294221,Hockney,Documentary,2014.0,2014-11-25,United Kingdom,,,7.0,3,,
284276,Cake,Drama,2014.0,2014-09-07,United States of America,7000000.0,2360281.0,6.2,371,,
45020,Mercy,Drama,2009.0,2009-11-11,United States,,,5.2,6,,
72872,Forever Hardcore: The Documentary,Documentary,2005.0,2005-02-15,United States of America,,,5.0,3,,
65186,Forget Me Not,Drama,2011.0,2011-05-06,United Kingdom,,,5.5,9,,
45284,Outrage,Action,2010.0,2010-05-17,Japan,,,6.7,92,,
239018,A Lesson in Romance,Family,2014.0,2014-02-19,United States of America,,,4.0,2,,
59372,Sur,Drama,2002.0,2002-09-13,United States,,,7.0,1,,
90052,The Sign of Four,Mystery,2001.0,2001-03-23,United States,,,6.0,2,,
71357,Lovesick,Romance,1983.0,1983-02-18,United States of America,,,6.0,3,,
8764,Top Secret!,Comedy,1984.0,1984-06-08,United Kingdom,9000000.0,20458340.0,7.0,241,,
204611,UFO Abduction,Horror,1989.0,1989-01-01,United States,,,6.7,6,,
14003,Fullmetal Alchemist the Movie: Conqueror of Shamballa,Action,2005.0,2005-07-21,Japan,,,7.0,74,,
409,The English Patient,Drama,1996.0,1996-11-14,United Kingdom,27000000.0,231976425.0,7.0,559,,
18837,Macross Plus: Movie Edition,Action,1995.0,1995-10-06,Japan,,,7.2,26,,
69019,The Amazing Mr. Bickford,Animation,1987.0,1987-01-01,United States of America,,,5.0,2,,
45549,Shopping,Action,1994.0,1994-12-06,United Kingdom,,,5.6,13,,
46375,Barsaat,Drama,1995.0,1995-09-29,hi,,,5.1,5,Rajkumar Santoshi,
264264,The Crossing,Drama,2014.0,2014-12-02,China,40000000.0,,5.3,11,,
24546,Into the Sun,Action,2005.0,2005-03-08,Japan,15000000.0,,4.2,38,,
36243,"Godzilla, Mothra and King Ghidorah: Giant Monsters All-Out Attack",Adventure,2001.0,2001-12-15,Japan,9400000.0,,6.2,23,,
433084,Joshua: Teenager vs. Superpower,Documentary,2017.0,2017-01-20,United States,,,6.9,7,,
74092,Bleak Night,Drama,2010.0,2010-02-03,South Korea,,,7.9,14,,
48958,My Life So Far,Comedy,1999.0,1999-08-25,United Kingdom,,,6.1,10,,
105232,"Clap, You're Dead",,1974.0,1974-01-01,Italy,,,0.0,0,,
347033,Equity,Drama,2016.0,2016-07-29,United States of America,,1605463.0,5.8,40,,
346473,Lisa Lampanelli: Back to the Drawing Board,Comedy,2015.0,2015-06-26,United States of America,,,6.5,1,,
33570,Ice Castles,Drama,2010.0,2010-02-09,Canada,,,6.2,13,,
26290,Me Without You,Drama,2001.0,2001-11-01,United Kingdom,,,7.1,19,,
26142,The Doctor,Drama,1991.0,1991-07-24,United States of America,12000000.0,38120905.0,6.6,24,,
228012,Raat,Horror,1992.0,1992-02-06,India,,,6.0,1,Ram Gopal Varma,
41963,Masquerade,Drama,1988.0,1988-03-11,United States of America,,,5.2,14,,
10897,The Little Rascals,Romance,1994.0,1994-08-05,United States of America,,67308282.0,6.3,214,,
97370,Under the Skin,Thriller,2014.0,2014-03-14,United Kingdom,13300000.0,5380251.0,6.0,1118,,
11217,Club Dread,Comedy,2004.0,2004-02-27,United States of America,8500000.0,5001655.0,5.1,107,,
25678,American Ninja 2: The Confrontation,Action,1987.0,1987-05-01,United States of America,,,4.9,49,,
257116,SlingShot,Documentary,2014.0,2014-03-14,United States,,,7.2,5,,
9323,Ghost in the Shell,Action,1995.0,1995-11-18,Japan,,2287714.0,7.8,854,,
36917,Ju-on: Black Ghost,Horror,2009.0,2009-06-27,Japan,,,4.6,22,,
78237,On Probation,Mystery,2005.0,2005-09-29,Argentina,,,6.8,17,Damián Szifrón,
17577,The Devil's Tomb,Action,2009.0,2009-05-26,United States of America,10000000.0,,4.0,54,,
9823,Mortal Kombat: Annihilation,Action,1997.0,1997-11-21,United States of America,30000000.0,51376861.0,3.8,225,,
280416,Gun Hill,Action,2014.0,2014-07-02,United States of America,,,6.4,7,,
428950,Drain the Titanic,Documentary,2016.0,2016-05-05,United States,,,0.0,0,,
39749,Drömkåken,Comedy,1993.0,1993-10-29,Sweden,,,4.4,10,Peter Dalle,
43539,The Next Three Days,Romance,2010.0,2010-11-18,United States of America,30000000.0,51148651.0,6.9,927,,
87943,Sisters in Law,Documentary,2005.0,2005-09-03,Cameroon,,,7.3,2,,
842,The Assassination of Richard Nixon,Drama,2004.0,2004-05-17,United States of America,,3537961.0,6.4,83,,
392832,Nemiche per la pelle,Comedy,2016.0,2016-04-14,Italy,,,5.7,31,,
167198,The Midnight Game,Thriller,2013.0,2013-03-02,United States,,,2.4,6,,
117142,EK Chotti Si Love Story,Drama,2002.0,2002-09-06,United States,,,4.5,2,,
110410,Drug War,Action,2012.0,2012-11-15,Hong Kong,,,6.5,91,,
153854,It Felt Like Love,Drama,2013.0,2013-01-19,United States of America,,,5.4,20,,
338107,Chocolate City,Drama,2015.0,2015-05-22,United States of America,,,5.5,11,,
133241,Mariachi Gringo,Comedy,2012.0,2012-10-03,United States of America,,,5.6,4,,
94887,Girls Against Boys,Drama,2012.0,2012-05-17,United States of America,,,4.3,27,,
422550,Sarah Colonna: I Can't Feel My Legs,Comedy,2015.0,2015-10-27,United States of America,,,0.0,0,,
107811,21 & Over,Comedy,2013.0,2013-03-01,United States of America,13000000.0,48065672.0,5.7,748,,
373745,Bloodknot,TV Movie,1995.0,1995-09-17,United States of America,,,6.0,1,,
65504,Chronopolis,Science Fiction,1982.0,1982-01-01,France,,,5.3,4,,
26475,The Anniversary Party,Comedy,2001.0,2001-05-15,United States of America,,,6.4,27,,
304878,From Caligari to Hitler: German Cinema in the Age of the Masses,Documentary,2015.0,2015-05-28,Germany,,,7.3,4,,
840,Close Encounters of the Third Kind,Science Fiction,1977.0,1977-11-16,United States of America,20000000.0,303788635.0,7.2,1122,,
419147,Louis Theroux: Savile,Documentary,2016.0,2016-10-02,United Kingdom,,,7.5,10,,
268100,Casa Grande,Drama,2014.0,2014-01-28,Brazil,,,7.3,23,,
9824,Mystery Men,Adventure,1999.0,1999-08-06,United States of America,68000000.0,29762011.0,5.7,255,,
10588,The Cat in the Hat,Comedy,2003.0,2003-11-21,United States of America,,,4.9,380,,
40878,The Crossing,Drama,2000.0,2000-01-10,United States of America,,,6.5,7,,
32546,Lugares comunes,Drama,2002.0,2002-10-04,Argentina,,,8.0,4,,
125945,Kedma,War,2002.0,2002-05-05,Israel,,,5.0,3,,
79009,The End of Old Times,Comedy,1990.0,1990-02-01,Czech Republic,,,7.0,1,,
10474,The Basketball Diaries,Drama,1995.0,1995-04-21,United States of America,,,7.2,472,,
68208,Louis Theroux: A Place for Paedophiles,Documentary,2009.0,2009-07-07,United States,,,6.9,16,,Louis Theroux
73931,Reunion,Drama,1989.0,1989-05-17,United States,,,5.0,1,,
33002,New World Order,Documentary,2009.0,2009-03-13,United States,,,5.0,3,,
270002,Fuck Off! Images of Finland,Documentary,1971.0,1971-03-19,Finland,,,7.0,1,,
65595,T2 3-D: Battle Across Time,,1996.0,1996-01-01,United States,,,7.0,29,James Cameron,Arnold Schwarzenegger
52474,I Love You Very Much,Comedy,2010.0,2010-11-10,France,,,6.6,4,,
280674,Bigfoot's Reflection,Documentary,2007.0,2007-05-23,Canada,,,5.5,2,,
68503,Paris by Night of the Living Dead,Horror,2009.0,2009-01-20,France,,,5.4,5,,
50714,Reflections,Thriller,2008.0,2008-06-24,Spain,,,3.9,5,,
31174,Richard III,Drama,1995.0,1995-12-29,United Kingdom,,,6.9,50,Richard Loncraine,Ian McKellen
82827,Taste of Life,Comedy,1988.0,1988-12-30,France,,,5.7,3,,
46798,The City,Drama,1999.0,1999-10-22,United States of America,,,7.6,9,,
21370,Bootmen,Comedy,2000.0,2000-10-05,United States,,,5.7,7,,
217477,One Way Boogie Woogie,,1977.0,1977-01-01,United States,,,6.4,5,James Benning,
127884,Come Out and Play,Horror,2012.0,2012-09-13,Mexico,,,5.0,35,,
353989,Abzurdah,Drama,2015.0,2015-06-04,Argentina,,,7.0,16,,
206648,Red Bells Part I: Mexico on Fire,Drama,1982.0,1982-10-01,United States,,,1.0,1,Sergey Bondarchuk,Franco Nero
297482,Sebastian Maniscalco: Aren't You Embarrassed?,Comedy,2014.0,2014-11-14,United States of America,,,0.0,0,,
100493,The Devil's Carnival,Horror,2012.0,2012-04-05,United States of America,500000.0,,5.3,33,,
188719,Khamosh,Horror,1985.0,1985-01-01,India,,,7.5,1,Vidhu Vinod Chopra,
105737,False as Water,Drama,1985.0,1985-11-08,Sweden,,,7.0,2,,
49162,Alice Upside Down,Drama,2007.0,2007-10-06,France,,,6.1,11,Sandy Tung,
361992,Bhai,,1997.0,1997-01-01,United States,,,6.0,1,,
12573,A Serious Man,Comedy,2009.0,2009-10-02,United States of America,7000000.0,31430334.0,6.6,492,,
208182,Asylum,Drama,1997.0,1997-05-09,United States of America,,,0.0,0,,
82620,Undefeated,Documentary,2011.0,2011-03-13,United States of America,,,7.9,24,,
70264,Fly Away,Drama,2011.0,2011-07-17,United States,,,5.5,4,Janet Grillo,Beth Broderick
21799,Cutting Class,Horror,1989.0,1989-07-01,United States of America,,,5.4,13,,
174341,Some Velvet Morning,Drama,2013.0,2013-12-10,United States of America,,6420.0,6.1,25,,
19106,Lascars,Animation,2009.0,2009-06-17,France,12500000.0,,6.7,55,,
24253,The Girl Who Played with Fire,Drama,2009.0,2009-09-18,Germany,,66995253.0,6.9,561,,
319073,How To Change The World,Documentary,2015.0,2015-09-09,United Kingdom,,,6.9,9,,
81229,Hacker,Comedy,2002.0,2002-01-01,United States,,,3.0,3,,
13300,Hell Ride,Action,2008.0,2008-08-08,United States of America,,194287.0,5.5,55,,
21435,French Fried Vacation 3,Comedy,2006.0,2006-01-01,France,,,4.1,190,Patrice Leconte,
54164,Man of the East,Comedy,1972.0,1972-09-28,Italy,,,6.7,33,,
66034,Mad Dog Time,Drama,1996.0,1996-11-08,United States of America,,,6.2,12,Larry Bishop,
271665,Deep in the Darkness,Horror,2014.0,2014-04-29,United States of America,,,4.7,29,,
26014,Good Advice,Comedy,2001.0,2001-11-15,United States,,,5.7,24,,
275696,3 Nights in the Desert,Drama,2015.0,2015-02-06,United States of America,,,4.4,20,,
24440,Robert Newman's History of Oil,Action,2006.0,2006-10-02,United Kingdom,,,4.3,2,,
330399,Rajathandhiram,Romance,2015.0,2015-03-13,India,,,6.7,3,,
153,Lost in Translation,Drama,2003.0,2003-08-31,Japan,4000000.0,119723856.0,7.3,1943,,
60985,Turkish Passion,Drama,1994.0,1994-11-18,Spain,,3777141.0,5.2,12,,
275074,VeggieTales: The Wonderful Wizard of Ha's,Adventure,2007.0,2007-10-09,United States,,,2.0,1,,
5145,The Business,Drama,2005.0,2005-09-02,United Kingdom,,,6.6,42,,
348296,The Bad Education Movie,Comedy,2015.0,2015-08-21,United States,,,5.5,45,,
68569,Invincible,Drama,2001.0,2001-01-01,United Kingdom,,,6.5,11,,
37432,Fab Five: The Texas Cheerleader Scandal,Drama,2008.0,2008-08-02,United States of America,,,5.1,21,,
114284,Praying with Anger,Comedy,1992.0,1992-01-01,United States,,,6.3,3,M. Night Shyamalan,M. Night Shyamalan
288105,Eastwood on Eastwood,,1997.0,1997-11-01,United States of America,,,7.0,1,,
214671,Spinning Plates,Documentary,2013.0,2013-10-25,United States of America,,,5.6,5,,
20196,Mac and Me,Family,1988.0,1988-08-12,United States of America,,5935269.0,4.0,44,,
8386,How High,Comedy,2001.0,2001-12-21,United States of America,12000000.0,31155435.0,6.4,230,,
63230,We Won't Grow Old Together,Drama,1972.0,1972-05-02,France,,,5.5,11,,
55194,Jedi Junkies,Documentary,2010.0,2010-05-25,United States,,,6.3,3,,
22007,Train,Horror,2008.0,2008-10-16,United States of America,,,4.8,36,,
64362,"Oui, mais...",Comedy,2001.0,2001-04-18,France,,,6.9,5,,
113082,Berserk: The Golden Age Arc 1 - The Egg of the King,Action,2012.0,2012-02-03,Japan,,,7.1,105,,
19761,Saturn 3,Science Fiction,1980.0,1980-02-15,United Kingdom,,,5.3,60,,
54793,Public Speaking,TV Movie,2010.0,2010-11-22,United States,,,6.4,13,Martin Scorsese,
49760,Justice: A Cross The Universe,Documentary,2008.0,2008-11-11,United States,,,8.8,2,,
1611,The Miracle of Bern,Drama,2003.0,2003-10-15,Germany,,,6.1,37,,
37348,Monte Walsh,Action,2003.0,2003-01-17,United States of America,,,5.0,10,,
46111,The Killer Meteors,Action,1976.0,1976-08-21,Taiwan,,,5.4,9,,
37302,Left Behind,Drama,2000.0,2000-10-30,Canada,,,4.0,41,,
137776,A Mother's Nightmare,TV Movie,2012.0,2012-09-29,Canada,,,5.9,33,,
98622,9,Animation,2005.0,2005-04-21,United States,,,7.4,74,Shane Acker,
346093,KillerSaurus,Horror,2015.0,2015-09-06,United States,,,5.0,1,,
49474,Go Now,Romance,1995.0,1995-09-16,United Kingdom,,,0.0,0,Michael Winterbottom,
5434,Death Smiles on a Murderer,Horror,1973.0,1973-01-11,Italy,,,6.1,8,,
265111,Soundbreaker,Documentary,2012.0,2012-03-20,Portugal,,,7.0,1,,
247218,Un boss in salotto,Comedy,2014.0,2014-01-01,Italy,,,6.0,111,,
4543,The Meaning of Life,Comedy,1983.0,1983-03-31,United Kingdom,,,7.2,506,,
140172,Cool Air,Horror,2006.0,2006-11-03,United States,1.0,,3.8,6,,
1050,Shower,Comedy,1999.0,1999-09-13,China,,,6.8,20,,
99261,The Bloodstained Shadow,Horror,1978.0,1978-06-02,Italy,,,7.3,3,,
12583,Ginger Snaps Back: The Beginning,Drama,2004.0,2004-07-10,Canada,,,6.0,54,,
170752,The Hot Flashes,Comedy,2013.0,2013-07-12,United States of America,4000000.0,,4.5,22,,
60420,Like Crazy,Drama,2011.0,2011-10-28,United States of America,250000.0,3542353.0,6.5,386,,
63139,All Things Fall Apart,Drama,2011.0,2011-03-05,United States of America,,,5.4,28,,
71847,Fast Food,Comedy,1989.0,1989-04-28,United States,,,5.1,5,,
26180,Excess Baggage,Action,1997.0,1997-08-29,United States of America,,,5.6,56,,
28238,Hamlet,Drama,2009.0,2009-12-26,United Kingdom,,,7.3,22,,
56379,Beach House,Comedy,1977.0,1977-10-27,Italy,,,7.0,13,,
15762,Night of the Creeps,Comedy,1986.0,1986-08-21,United States of America,,,6.6,113,,
390059,Permission,Comedy,2017.0,2017-04-22,United States of America,,,0.0,1,,
318279,Meru,Adventure,2015.0,2015-01-25,United States of America,,2334228.0,7.4,68,,
27307,How I Got Into College,Comedy,1989.0,1989-05-19,United States of America,,,5.5,12,,
313788,Firequake,Thriller,2014.0,2014-12-22,Canada,,,4.4,9,,
46748,See the Sea,Drama,1997.0,1997-12-03,France,,,7.4,7,,
394244,Plastic Utopia,,1997.0,1997-10-04,United States,,,8.0,1,David Zellner,
66066,Verlengd Weekend,Comedy,2005.0,2005-10-12,Belgium,,,5.0,2,,
43939,I'm Still Here,Music,2010.0,2010-09-10,United States of America,,,6.3,103,,
208286,Crimes Against Humanity,Comedy,2014.0,2014-01-19,United States of America,,,0.0,0,,
69035,Ruby Cairo,Mystery,1992.0,1992-10-29,United Kingdom,,,4.4,8,,
38608,Power Trip,Documentary,2003.0,2003-12-17,Georgia,,,4.0,2,,
63398,Conseil de famille,,1986.0,1986-03-19,France,,,3.0,2,Costa-Gavras,
220002,Bizim Aile,Comedy,1975.0,1975-09-07,Turkey,65700.0,214600.0,7.5,2,,
103635,The Perfect Nanny,TV Movie,2000.0,2000-03-15,United States of America,,,0.0,0,,
59147,Bits & Pieces,Drama,1996.0,1996-02-01,Italy,,,3.5,2,,
16070,This Film Is Not Yet Rated,Documentary,2006.0,2006-01-26,United Kingdom,,302179.0,7.3,118,,
32638,Cartoon All-Stars to the Rescue,,1990.0,1990-04-21,United States of America,,,6.0,5,,
430985,The Diamond Fleece,,1992.0,1992-09-17,United States of America,,,0.0,0,Al Waxman,
235199,We Stand Alone Together,War,2001.0,2001-11-10,United States,,,5.3,2,,
238407,Aningaaq,Drama,2013.0,2013-10-19,United States of America,,,7.1,33,,
67273,Buck,Documentary,2011.0,2011-06-17,United States of America,,386749.0,7.7,15,Cindy Meehl,Buck Brannaman
300179,The Lion’s Mouth Opens,Documentary,2014.0,2014-01-18,United States of America,,,9.0,1,Lucy Walker,
214181,It's My Turn,Comedy,1980.0,1980-10-24,United States of America,,,4.4,4,,
48014,From Beyond the Grave,Horror,1974.0,1974-02-23,United States of America,,,7.1,22,,
33427,LEGO: The Adventures of Clutch Powers,Action,2010.0,2010-01-01,United States of America,,,5.1,22,,
228455,The Order,Documentary,1973.0,1973-01-01,France,,,6.5,2,,
90879,"Skatetown, U.S.A.",Comedy,1979.0,1979-10-01,United States of America,,,6.5,2,,
382475,The Pass,Drama,2016.0,2016-03-16,United Kingdom,,,7.2,23,,
298614,Do Not Disturb,Comedy,2014.0,2014-12-31,France,,,5.3,113,,
62241,Long Way Down,Documentary,2010.0,2010-11-30,United States,,,7.4,21,,
39452,Exit Through the Gift Shop,Documentary,2010.0,2010-01-24,United Kingdom,,4790751.0,7.6,314,,
244264,Laggies,Comedy,2014.0,2014-09-25,United States of America,,1066981.0,6.1,432,,
38677,Adhurs,Action,2010.0,2010-01-13,India,,,6.2,5,Vinayak V.V.,Jr NTR
17223,Two Tigers,Action,2007.0,2007-02-14,United States,,,3.5,2,,
102780,Byzantium,Drama,2012.0,2012-09-09,Ireland,10000000.0,89237.0,6.1,300,,
407335,Summer in the City,Romance,2016.0,2016-08-13,United States,,,5.0,5,,
45609,The Wings of the Dove,Drama,1997.0,1997-11-07,United Kingdom,,,6.9,34,Iain Softley,Helena Bonham Carter
17314,Pistol Whipped,Action,2008.0,2008-03-04,United States of America,10000000.0,,5.5,26,,
24068,Lucky Girl,Drama,2001.0,2001-04-08,Canada,,,6.0,9,,
39787,Jacknife,Drama,1989.0,1989-03-10,United States of America,,,6.1,28,,
45940,Company Limited,,1971.0,1971-09-24,bn,,,6.5,4,,
48732,America's Heart and Soul,Documentary,2004.0,2004-07-04,United States,,,4.3,2,,
103747,The Angels' Share,Drama,2012.0,2012-06-01,Belgium,,7034007.0,7.0,142,,
2054,Mr. Holland's Opus,Music,1995.0,1995-12-29,United States of America,,106269971.0,6.9,115,,
35059,High Noon,Drama,2009.0,2009-04-04,United States of America,,,5.3,12,,
243473,Mary of Nazareth,,1995.0,1995-03-29,France,,,0.0,0,,
19276,Dhoondte Reh Jaoge,Comedy,2009.0,2009-03-06,India,,,4.3,2,,
29927,"Pretty Village, Pretty Flame",Drama,1996.0,1996-05-11,Serbia,,,8.0,28,,
381071,My Beautiful Broken Brain,Documentary,2016.0,2016-03-18,United Kingdom,,,7.2,23,,
42586,Darling Lili,Drama,1970.0,1970-01-01,United States of America,,,4.9,8,Blake Edwards,
47405,Shameless,Comedy,2010.0,2010-10-08,Norway,,,0.0,0,,
83186,Wrong,Comedy,2012.0,2012-09-05,United States of America,,,6.0,105,,
142216,Quarterback Princess,Drama,1983.0,1983-12-03,United States,,,5.3,4,,
17041,Sold Out: A Threevening with Kevin Smith,Comedy,2008.0,2008-10-22,United States of America,,,7.0,13,Joey Figueroa,
342917,Batman Unlimited: Monster Mayhem,Action,2015.0,2015-08-18,United States of America,,,6.0,40,,
167928,Frozen City,Drama,2006.0,2006-11-11,Finland,,,5.7,3,,
20312,Interstate 60,Adventure,2002.0,2002-04-13,Canada,7000000.0,,7.1,136,,
24105,The Music Man,Comedy,2003.0,2003-02-16,United States of America,,,3.5,5,,
249772,1 - Nenokkadine,Action,2014.0,2014-01-10,India,,,5.8,13,,
405446,The Human Surge,Drama,2016.0,2016-08-19,Portugal,,,10.0,1,,
69266,Special Bulletin,TV Movie,1983.0,1983-03-20,United States of America,,,6.8,4,,
67977,I Just Want to Kiss You,,1998.0,1998-01-01,United States,,,5.5,2,,
403431,Brigsby Bear,Comedy,2017.0,2017-07-27,United States of America,,,7.0,12,,
21795,Voices,Horror,2007.0,2007-08-22,South Korea,,,5.9,17,,
45612,Source Code,Thriller,2011.0,2011-03-30,Canada,32000000.0,147332697.0,7.1,2752,,
9795,Earthsea,Adventure,2004.0,2004-12-13,United States of America,,,5.9,28,,
27353,Shredderman Rules,Action,2007.0,2007-06-09,United States,,,3.7,6,,
37586,Egg,Drama,2007.0,2007-11-09,Turkey,,,4.8,8,,
559,Spider-Man 3,Fantasy,2007.0,2007-05-01,United States of America,258000000.0,890871626.0,5.9,3687,,
174678,Mr. Jones,Horror,2013.0,2013-05-02,United States,,,4.6,36,,
36984,Trespassing,Horror,2004.0,2004-10-22,United States of America,,,4.3,6,,
55325,The Double O Kid,Comedy,1992.0,1992-09-07,United States,,,3.8,8,,
35759,My Super Psycho Sweet 16,Horror,2009.0,2009-10-23,United States of America,1.0,,6.2,14,,
382501,Eternity,Drama,2016.0,2016-09-07,Belgium,,,5.4,36,,
34653,A Single Man,Drama,2009.0,2009-10-19,United States of America,7000000.0,,7.3,475,,
29427,The Crazies,Mystery,2010.0,2010-02-26,United States of America,20000000.0,54956140.0,6.2,649,,
26841,Don't Even Think,Comedy,2003.0,2003-03-31,Russia,,700000.0,4.8,4,,
359641,Argentina,Music,2015.0,2015-09-26,Argentina,,,3.3,2,,
31010,Uprising,TV Movie,2001.0,2001-01-01,United States of America,,,6.3,18,,
140413,All Night Long,Comedy,1981.0,1981-03-06,United States of America,,10000000.0,7.3,3,,
8079,Om Shanti Om,Comedy,2007.0,2007-11-07,India,9100000.0,37707444.0,7.2,85,,
71943,House of Dark Shadows,Drama,1970.0,1970-09-09,United States of America,750000.0,,6.7,13,,
59423,Marathon,Drama,2005.0,2005-01-27,South Korea,,,7.0,10,,
1269,The Vexxer,Comedy,2007.0,2007-03-10,Germany,,,6.3,33,,
31657,Coming Home,Drama,1978.0,1978-02-15,United States of America,3000000.0,,6.9,38,,
23981,Iron And Silk,Drama,1991.0,1991-02-15,Japan,,,6.0,1,,
234200,Pride,Drama,2014.0,2014-09-12,United Kingdom,,7523634.0,7.7,457,,
30966,Facing Ali,Documentary,2009.0,2009-01-01,United States,,,7.5,12,,
2639,Deconstructing Harry,Comedy,1997.0,1997-08-26,United States of America,20000000.0,10686841.0,7.3,188,,
136345,Ballerina,Foreign,2006.0,2006-08-31,United States,,,8.0,3,,
26449,Sex and the Teenage Mind,Comedy,2002.0,2002-01-01,United States of America,,,5.3,3,,
39227,When in Rome,Action,2002.0,2002-11-26,United States,,,5.6,72,,
28940,Eating Raoul,Comedy,1982.0,1982-03-24,United States of America,350000.0,,7.0,32,,
33518,Alligator,Horror,1980.0,1980-07-02,United States of America,1500000.0,,5.6,63,,
294992,The Taking of Tiger Mountain,Thriller,2014.0,2014-12-24,China,,228984.0,6.4,41,,
49426,The Fog,Drama,2010.0,2010-05-09,Russia,,,5.7,6,,
11976,Legend,Adventure,1985.0,1985-07-19,United States of America,25000000.0,15502112.0,6.2,282,,
205481,The Intended,Thriller,2002.0,2002-06-06,Denmark,,,0.0,0,Kristian Levring,Janet McTeer
1402,The Pursuit of Happyness,Drama,2006.0,2006-12-14,United States of America,55000000.0,307077295.0,7.7,2607,,
22975,Richard Pryor: Live in Concert,Comedy,1979.0,1979-01-26,United States of America,,,7.4,33,,
27067,The Life of Jesus,Romance,1997.0,1997-06-04,France,,,6.7,14,,
260969,Kerosene Salesman's Wife,Drama,1988.0,1988-01-01,Soviet Union,,,7.0,2,,
55989,Southie,Drama,1998.0,1998-06-10,United States of America,,,4.7,3,,
85446,Step Up Revolution,Music,2012.0,2012-07-26,United States of America,33000000.0,140470746.0,6.7,679,,
116379,When He Didn't Come Home,,1998.0,1998-05-19,United States,,,4.0,1,,
30278,Comfort and Joy,Comedy,1984.0,1984-10-10,United Kingdom,,,6.5,13,,
68883,Rouge,Drama,1987.0,1987-01-07,Hong Kong,,,6.8,14,,
13944,Passengers,Drama,2008.0,2008-09-26,Canada,25000000.0,2000000.0,5.7,214,,
38932,Holy Water,Comedy,2009.0,2009-07-01,United States,,,5.8,15,,
8989,Harry and the Hendersons,Comedy,1987.0,1987-06-05,United States of America,,49998613.0,5.6,157,,
622,The Ninth Gate,Horror,1999.0,1999-08-24,France,38000000.0,58401898.0,6.3,768,,
297023,The Lies of the Victors,Thriller,2014.0,2014-10-17,France,,,4.6,7,,
126104,The Magic Gloves,Comedy,2003.0,2003-09-08,Netherlands,,,5.0,1,,
42116,The Makioka Sisters,Drama,1983.0,1983-12-30,Japan,,,6.9,14,,
91694,Ace Attorney,Crime,2012.0,2012-02-12,Japan,,,5.8,29,,
421928,Luck-Key,Action,2016.0,2016-10-13,South Korea,,,7.3,10,,
29750,Metallica: A Year and a Half in the Life Of...,Documentary,1992.0,1992-08-12,United States,,,6.8,7,,
6980,Horse Sense,Drama,1999.0,1999-11-20,United States of America,,,4.1,8,,
285851,Love in the Time of Civil War,,2014.0,2014-09-04,Canada,,,5.0,5,,
158,Knockin' on Heaven's Door,Comedy,1997.0,1997-02-20,Belgium,,,7.6,135,,
13255,Conspiracy,Drama,2008.0,2008-02-15,United States of America,,,5.3,10,,
338853,Tokio Baby,,2010.0,2010-01-01,United States,,,2.0,1,,
101752,Tsumugi,Drama,2004.0,2004-07-27,Japan,,,3.0,2,,
124210,First Family,Comedy,1980.0,1980-12-25,United States of America,,,2.7,3,,
15177,Buddy,Comedy,2003.0,2003-08-29,Norway,,,6.4,7,,
154793,The Listening Project,Documentary,2008.0,2008-02-08,United States of America,,,4.0,1,,
32208,Wild Horses,Action,1995.0,1995-08-10,Argentina,,,6.1,5,,
415735,Sebastian Maniscalco: Why Would You Do That?,Comedy,2016.0,2016-10-01,United States of America,,,10.0,2,,
32934,Train of Shadows,Drama,1997.0,1997-12-13,Spain,,,7.7,3,,
50725,Take Me Home Tonight,Comedy,2011.0,2011-03-04,United States of America,19000000.0,6928068.0,6.2,215,,
25403,Dear Diary,Comedy,1993.0,1993-10-12,Italy,,,6.9,46,Nanni Moretti,
40139,Mansion of the Doomed,Horror,1976.0,1976-10-01,United States of America,,,6.8,5,,
179847,First Love,Documentary,1974.0,1974-07-01,Poland,,,7.5,2,,
110402,Hard to Be a God,Drama,2013.0,2013-02-27,Russia,7000000.0,1310673.0,6.7,41,,
26723,Imagine: John Lennon,Documentary,1988.0,1988-10-07,United States of America,,,7.3,25,,
56041,Unlikely Revolutionaries,,2010.0,2010-10-22,Italy,,,5.1,10,,
48129,Run,Action,1991.0,1991-02-01,United States of America,16000000.0,4409328.0,5.5,13,,
348507,Breaking the Silence,Drama,1992.0,1992-01-14,United States,,,0.0,0,,
333099,Dream/Killer,Documentary,2015.0,2015-04-19,United States,,,7.3,3,Andrew Jenks,
12314,The Bridge,TV Movie,2008.0,2008-06-20,Germany,,,4.4,9,,
290911,Paradies 505. Ein Niederbayernkrimi,Crime,2013.0,2013-10-19,Germany,,,10.0,1,,
11918,Superhero Movie,Action,2008.0,2008-03-27,United States of America,35000000.0,25871834.0,4.9,394,,
9310,American Dreamz,Comedy,2006.0,2006-03-04,United States of America,17000000.0,7314027.0,4.9,97,,
38966,The Night Before,Comedy,1988.0,1988-04-15,United States,,,7.4,12,,
14435,My Bloody Valentine,Mystery,2009.0,2009-01-16,United States of America,15000000.0,100734718.0,5.3,303,,
62981,Deadly Circuit,Crime,1983.0,1983-03-09,France,,,6.2,10,Claude Miller,
256040,Baahubali: The Beginning,Action,2015.0,2015-07-10,India,40000000.0,100000000.0,7.5,138,,
32233,Running on Karma,Thriller,2003.0,2003-01-01,China,,,6.4,20,Johnnie To,
29111,Requiem for a Vampire,Horror,1971.0,1971-08-01,France,,,5.4,15,,
301730,Turkey Shoot,Action,2014.0,2014-12-04,Australia,3200000.0,,4.1,11,,
284279,Burnout,Action,2014.0,2014-08-24,Norway,4000000.0,,7.1,16,,
22728,Love Is Eternal While It Lasts,Comedy,2004.0,2004-02-20,Italy,,,6.0,40,,
19688,Middle of Nowhere,Comedy,2008.0,2008-09-06,United States of America,,,6.1,20,,
2261,Wattstax,Music,1973.0,1973-02-04,United States of America,,,7.8,5,,
14114,You Got Served,Drama,2004.0,2004-01-30,United States of America,,,4.8,75,Chris Stokes,
94639,José & Pilar,Documentary,2010.0,2010-10-18,Brazil,,,7.6,9,Miguel Gonçalves Mendes,
295621,Eyes of a Thief,Drama,2014.0,2014-10-01,Palestinian Territory,,,5.0,1,,
261157,Senn,Science Fiction,2013.0,2013-02-19,United States of America,,,5.4,5,,
40810,The Streetfighter,Action,1974.0,1974-02-02,Japan,,,7.0,21,,
209204,The Cheshire Murders,Documentary,2013.0,2013-07-22,United States of America,,,5.9,18,,
426230,Band Aid,Comedy,2017.0,2017-06-02,United States of America,,,6.5,25,,
139820,Goltzius and the Pelican Company,Documentary,2012.0,2012-09-30,United Kingdom,,,6.7,13,,
81782,Kurukshetra,,2000.0,2000-11-09,United States,,,6.0,1,,
38846,The Beautiful Person,Drama,2008.0,2008-09-12,France,,,6.5,35,,
31116,Zaat,Thriller,1971.0,1971-01-01,United States of America,,,2.1,14,,
19174,Dolemite,Action,1975.0,1975-04-26,United States of America,,,5.5,17,,
49846,Un Dimanche à Kigali,Drama,2006.0,2006-04-03,Canada,,,7.8,2,,
40624,In the Shadows,Drama,2001.0,2001-06-24,United States of America,,,5.2,5,,
9009,Dark Water,Drama,2005.0,2005-06-27,United States of America,30000000.0,25473093.0,5.3,275,,
273477,Scouts Guide to the Zombie Apocalypse,Comedy,2015.0,2015-10-23,United States of America,15000000.0,14860766.0,6.2,526,,
101217,Hanzo,Comedy,1975.0,1975-04-01,United States,,,6.3,3,,
21982,Aankhen,Crime,2002.0,2002-03-27,hi,,,5.9,15,,
13785,Best in Show,Comedy,2000.0,2000-09-19,United States of America,,,6.7,168,,
1544,Imagine Me & You,Drama,2005.0,2005-02-01,Germany,,2455831.0,7.0,181,,
11423,Memories of Murder,Crime,2003.0,2003-04-24,South Korea,2800000.0,,7.9,427,,
100063,Blackout,Action,1978.0,1978-08-25,United States of America,,,5.0,1,,
65289,A Nightmare in Las Cruces,Documentary,2011.0,2011-05-05,United States,,,6.0,1,,
9770,Mad City,Action,1997.0,1997-11-07,United States of America,50000000.0,10541523.0,5.9,81,,
17478,Dhoom,Action,2004.0,2004-08-27,India,1500000.0,12000000.0,6.2,53,,
334088,Curse of the Witching Tree,Horror,2015.0,2015-05-18,United Kingdom,,,4.6,16,,
49935,Thieves,Romance,1996.0,1996-08-21,France,,,7.0,5,,
2567,The Aviator,Drama,2004.0,2004-12-17,United States of America,116000000.0,102000000.0,7.0,1526,,
85516,Requiem for a Village,Drama,1975.0,1975-12-01,United Kingdom,,,6.0,1,,
94623,Directed by John Ford,Documentary,1971.0,1971-10-06,United States of America,,,6.8,9,Peter Bogdanovich,
54487,Cane Toads: The Conquest,Documentary,2010.0,2010-01-26,Australia,,,6.8,8,,
383807,Heal the Living,Drama,2016.0,2016-11-01,Belgium,,,6.7,52,,
21893,The Abduction Club,Comedy,2002.0,2002-07-19,France,,,6.7,3,,
400948,UFOs: The Best Evidence Ever Caught on Tape,Documentary,1997.0,1997-07-28,United States of America,,,0.0,0,,
52685,Chill,Horror,2007.0,2007-02-15,United States of America,850000.0,,3.5,4,,
124980,Land of Dreams,Documentary,1988.0,1988-02-08,Sweden,,,6.0,2,,
259,Love on the Run,Comedy,1979.0,1979-01-24,France,,,6.9,19,,
29938,Alien Escape,Horror,1996.0,1996-01-01,United States of America,1000000.0,,4.5,2,,
390766,Southwest of Salem: The Story of the San Antonio Four,Documentary,2016.0,2016-04-15,United States,,,6.3,3,,
7504,Earth,Drama,1998.0,1998-09-16,Canada,,528972.0,6.6,9,,
299618,Fugly!,Comedy,2014.0,2014-11-05,United States of America,,,4.9,5,,
9710,Allan Quatermain and the Lost City of Gold,Action,1986.0,1986-12-17,United States of America,,,4.6,70,,
398541,Teenage Kicks,Drama,2016.0,2016-10-15,Australia,,,7.7,3,,
23654,Jönssonligan och den svarta diamanten,Comedy,1992.0,1992-10-30,Sweden,,,4.9,11,,
21466,Mera Naam Joker,Drama,1970.0,1970-12-18,India,,,10.0,3,,
19323,Superman: Brainiac Attacks,Animation,2006.0,2006-06-20,United States of America,,,6.1,18,,
2648,Aces Go Places V: The Terracotta Hit,Action,1989.0,1989-01-01,Hong Kong,,,5.1,5,Liu Chia-Liang,
216989,Doug Stanhope: Beer Hall Putsch,Comedy,2013.0,2013-08-19,United States of America,,,8.4,5,Jay Karas,Doug Stanhope
12877,Dead Man's Shoes,Drama,2004.0,2004-09-29,United Kingdom,,,7.2,155,,
60495,Guardian,Drama,2001.0,2001-06-12,United States,,,7.0,2,John Terlesky,Mario Van Peebles
20065,Purple Violets,Comedy,2007.0,2007-04-30,United States,4000000.0,,5.7,9,,
68098,Menolippu Mombasaan,Drama,2002.0,2002-09-06,Finland,1800000.0,,4.8,6,,
173557,The Seven Year Hitch,Comedy,2012.0,2012-10-13,United States of America,,,5.2,14,,
399219,Happy End,Comedy,2016.0,2016-05-19,Czech Republic,,,8.3,3,,
184608,Saint Young Men,Animation,2013.0,2013-05-09,Japan,,,7.5,11,,
150041,Brasserie Romance,Comedy,2012.0,2012-12-18,Belgium,,,6.4,4,,
32052,Go Tell the Spartans,Drama,1978.0,1978-07-12,United States of America,1500000.0,,6.7,15,,
5241,Two Moon Junction,Drama,1988.0,1988-04-29,United States of America,,1547397.0,5.0,23,Zalman King,Sherilyn Fenn
81509,Virgin Report,Comedy,1972.0,1972-01-01,Germany,,,4.0,1,,
74746,Joe Hill,Drama,1971.0,1971-08-25,Sweden,,,4.9,6,,
15412,Khosla Ka Ghosla!,Comedy,2006.0,2006-09-22,India,,,6.9,20,,
95555,The Master Gunfighter,Drama,1975.0,1975-10-03,United States of America,3500000.0,,4.0,3,,
319924,Russell Madness,Comedy,2015.0,2015-02-21,United States of America,,,5.1,7,,
2436,Double Dragon,Action,1994.0,1994-11-04,United States of America,3500000.0,2341309.0,3.9,65,,
375356,Next Year If All Goes Well,Drama,1981.0,1981-08-05,France,,,6.0,1,,
9643,Rossini,Comedy,1997.0,1997-01-23,Germany,,,7.1,7,,
63441,Masked Avengers,Action,1981.0,1981-05-15,Hong Kong,,,5.8,3,Chang Cheh,
431567,Onus,Thriller,2016.0,2016-12-26,Norway,,,6.0,1,,
32646,Safe,Drama,1995.0,1995-06-23,United Kingdom,,,7.2,62,,
11415,House,Comedy,1986.0,1986-02-28,United States of America,3000000.0,,5.8,144,,
131631,The Hunger Games: Mockingjay - Part 1,Science Fiction,2014.0,2014-11-18,United States of America,125000000.0,752100229.0,6.6,5767,,
276808,The Last Time You Had Fun,Drama,2015.0,2015-04-07,United States,,,5.1,9,,
99119,Our Paradise,Drama,2011.0,2011-09-28,France,,,7.2,10,Gaël Morel,
5375,Fred Claus,Action,2007.0,2007-11-03,United States of America,100000000.0,97838349.0,5.5,211,,
121640,Zaytoun,Drama,2012.0,2012-10-14,Israel,8000000.0,42330.0,6.6,16,,
84094,Railways,Drama,2010.0,2010-05-29,Japan,,,0.0,0,,
214418,Amazonia,Family,2013.0,2013-11-26,Brazil,,,6.3,16,,
25690,The Blackout,Drama,1997.0,1997-06-11,France,,,5.2,13,,
103301,Babnik,Comedy,1990.0,1990-02-01,Russia,,,1.0,1,,
261036,Match,Family,2014.0,2014-04-18,United States of America,,37285.0,5.6,16,,
32728,Before Stonewall,Documentary,1984.0,1984-09-15,United States of America,,,6.5,7,,
36443,The Union: The Business Behind Getting High,Comedy,2007.0,2007-05-08,Canada,200000.0,,7.2,26,,
32694,The Rutles 2: Can't Buy Me Lunch,Comedy,2002.0,2002-01-01,United States,,,7.2,3,Eric Idle,
40925,Dream Boy,Drama,2008.0,2008-10-24,United States of America,,,5.9,24,,
9927,The Ringer,Comedy,2005.0,2005-12-23,United States of America,,40442437.0,5.6,110,,
98344,Warriors of the Rainbow: Seediq Bale - Part 1: The Sun Flag,Drama,2011.0,2011-04-09,Taiwan,25000000.0,,6.7,19,,
221861,Aspen,Documentary,1991.0,1991-01-01,United States of America,,,0.0,0,,
381096,Yarn,Animation,2016.0,2016-03-12,,,,0.0,0,,
58936,Pure Country 2: The Gift,Drama,2010.0,2010-10-15,United States of America,,133771.0,5.1,8,,
30365,An Unreasonable Man,Documentary,2007.0,2007-01-31,United States,,,6.5,6,,
10132,Talk Radio,Drama,1988.0,1988-12-21,Canada,4000000.0,3468572.0,6.7,46,,
106591,Portrait of Wally,Documentary,2012.0,2012-05-11,United States,,,5.0,1,,
117316,Strangers,Drama,2007.0,2007-06-06,Israel,,,0.0,0,,
47502,Faithful,Comedy,1996.0,1996-04-03,United States of America,13000000.0,9789900.0,4.8,4,Paul Mazursky,
124843,Ripe,Drama,1996.0,1996-09-10,United States of America,,,4.0,4,,
38330,The Perfect Neighbor,Drama,2005.0,2005-09-13,United States,,,3.2,3,,
202425,Life is Rosy,Music,1987.0,1987-11-17,Belgium,,,6.5,2,,
82686,Jane's Journey,Documentary,2011.0,2011-09-06,United States,,,4.6,4,,
27066,The Voyeur,Drama,1994.0,1994-01-27,Italy,,,4.1,54,Tinto Brass,
211067,The Sacrament,Horror,2013.0,2013-09-02,United States of America,4000000.0,9221.0,5.6,139,,
58607,High on Crack Street: Lost Lives in Lowell,Documentary,1995.0,1995-08-08,United States of America,,,5.4,4,,
298445,I Am Santa Claus,Drama,2014.0,2014-11-04,United States of America,,,6.3,17,,
18902,Zoo,Documentary,2007.0,2007-01-20,United States of America,,,5.5,22,,
14788,Bubble,Drama,2005.0,2005-09-03,United States of America,1600000.0,,6.4,36,,
40029,The Bamboo House of Dolls,Action,1973.0,1973-12-21,Hong Kong,,,4.8,4,Kuei Chih-Hung,
177950,Parliament Funkadelic: One Nation Under a Groove,,2005.0,2005-04-05,United States,,,0.0,0,,
14443,The Garbage Pail Kids Movie,Adventure,1987.0,1987-08-22,United States of America,,,3.0,20,,
428356,Dance to Death,Action,2017.0,2017-03-16,Russia,5000000.0,,4.0,1,,
75905,Fragment of Fear,Mystery,1970.0,1970-01-01,United Kingdom,,,4.9,5,,
11770,Shaolin Soccer,Action,2001.0,2001-07-12,China,,42776760.0,6.6,504,,
466,Klute,Mystery,1971.0,1971-06-21,United States of America,2500000.0,,6.5,88,,
115871,Match,Drama,2012.0,2012-05-01,Russia,8000000.0,,5.4,7,,
333678,Fan Girl,Music,2015.0,2015-12-31,United States,,,5.3,14,,
266540,Broken Side of Time,Drama,2013.0,2013-06-01,United States of America,,,5.5,1,,
22230,Happy Accidents,Comedy,2000.0,2000-01-25,United States of America,,688510.0,7.1,41,Brad Anderson,
80469,Groenten uit Balen,Drama,2011.0,2011-12-14,Belgium,,,6.3,8,,
125302,Puck Hogs,Comedy,2009.0,2009-06-02,United States,,,4.5,2,,
47821,City of Joy,Drama,1992.0,1992-04-15,France,27000000.0,14683921.0,6.3,30,,
91950,Flamenco Flamenco,Music,2010.0,2010-11-19,Spain,,,6.6,4,,
132608,Kings & Rats,Drama,2012.0,2012-02-17,Brazil,,,3.5,2,Mauro Lima,
31954,Sub Zero,Thriller,2005.0,2005-07-20,Canada,,,2.0,2,,
49230,InAlienable,Action,2008.0,2008-01-19,United States of America,,,2.3,4,,
278772,Serial Killer Culture,History,2014.0,2014-02-04,United States of America,50.0,,5.0,7,,
396643,A Flying Jatt,Fantasy,2016.0,2016-08-25,India,,,3.8,7,,
47423,Once a Thief,Action,1991.0,1991-02-02,Hong Kong,,4303351.0,6.7,28,,
327175,Not Angels but Angels,Documentary,1994.0,1994-01-01,Czech Republic,,,6.8,4,,
17728,Wieners,Comedy,2008.0,2008-06-03,United States of America,,,5.1,16,,
16453,Zach Galifianakis: Live at the Purple Onion,Comedy,2007.0,2007-03-06,United States of America,,,7.3,24,,
359204,A Syrian Love Story,Documentary,2015.0,2015-06-09,France,,,7.6,5,,
14282,Ninja Scroll,Action,1993.0,1993-06-05,Japan,,,7.4,126,,
39978,The Twin,Comedy,1984.0,1984-10-10,France,,,5.8,9,Yves Robert,
144331,Dream Team 1935,Comedy,2012.0,2012-11-16,Latvia,2620000.0,,0.0,0,,
28019,"Give 'em Hell, Malone",Action,2009.0,2009-01-01,United States of America,15000000.0,,5.9,30,,
19118,Let It Ride,Comedy,1989.0,1989-08-18,United States of America,,,7.1,28,,
25355,Irma Vep,Drama,1996.0,1996-09-06,France,,,6.3,25,,
84831,Trenchcoat,Comedy,1983.0,1983-03-11,United States of America,,,5.3,3,,
356994,Wire Cutters,Animation,2014.0,2014-07-26,United States,,,7.0,10,,
10905,The Man with One Red Shoe,Action,1985.0,1985-07-18,United States of America,,,5.4,74,,
78124,Impy's Wonderland,Animation,2008.0,2008-05-01,Germany,,,7.1,9,,
9588,Quigley Down Under,Romance,1990.0,1990-10-17,Australia,,,6.5,120,,
23629,Sucker Punch,Action,2011.0,2011-03-24,United States of America,82000000.0,89792502.0,5.9,1661,,
51091,Annie's Point,Drama,2005.0,2005-01-22,United States of America,,,5.0,1,,
71763,Stealing Candy,Thriller,2003.0,2003-05-14,United States,,,5.6,5,,
253622,That Demon Within,Thriller,2014.0,2014-02-08,Hong Kong,,,5.6,17,,
108553,Sibling Rivalry,Comedy,1990.0,1990-10-26,United States of America,,,3.8,12,,
264356,Simon's Cat,,2012.0,2012-10-19,United States,,,7.0,7,,
27236,Two-Lane Blacktop,Drama,1971.0,1971-07-07,United States of America,850000.0,,6.7,58,,
71322,Platon,Drama,2008.0,2008-11-28,Russia,2500000.0,,4.8,4,,
63334,Sexual Life,Comedy,2005.0,2005-01-05,United States,,,4.0,1,,
44160,Honey,Drama,2010.0,2010-04-09,France,,,7.0,27,,
139567,Fire with Fire,Action,2012.0,2012-08-31,United States of America,20000000.0,4636169.0,5.6,223,,
21194,Casi Divas,Comedy,2008.0,2008-08-21,Mexico,,,7.0,3,Issa López,
1931,Stomp the Yard,Drama,2007.0,2007-05-16,United States of America,13000000.0,75511123.0,6.1,90,,
50332,Snow,Comedy,2004.0,2004-12-13,United States,,,6.9,7,,
10599,Pinocchio,Comedy,2002.0,2002-12-25,Italy,40000000.0,41323171.0,5.6,144,,
324259,Prince,Comedy,2015.0,2015-02-06,Netherlands,,,6.9,12,,
14210,Nightmare City 2035,Science Fiction,2007.0,2007-01-01,Bulgaria,,,4.5,6,,
206018,Asignatura pendiente,Drama,1977.0,1977-04-18,United States,,,6.0,2,José Luis Garci,
22495,"Chelovek, kotoryy znal vsyo",Comedy,2009.0,2009-06-11,Russia,,160829.0,6.0,3,,
27276,Gemini,Drama,1999.0,1999-09-15,Japan,,,6.5,21,,
22124,Executioners from Shaolin,Action,1977.0,1977-01-01,Hong Kong,,,7.5,9,Liu Chia-Liang,
34179,14 Blades,Drama,2010.0,2010-02-04,Hong Kong,20000000.0,,6.5,62,,
124839,Predictions of Fire,Music,1996.0,1996-10-02,Slovenia,,,8.0,1,,
61303,Infelici e contenti,Comedy,1992.0,1992-12-18,it,,,4.6,21,,
36247,Rebirth of Mothra III,Action,1998.0,1998-12-12,Japan,,,6.1,5,,
18320,The Young Victoria,Drama,2009.0,2009-03-04,United Kingdom,35000000.0,27409889.0,7.1,330,,
145203,BMF: The Rise and Fall of a Hip-Hop Drug Empire,,2012.0,2012-12-11,United States,,,6.0,1,,
106414,We Were Once a Fairytale,Action,2008.0,2008-06-17,United States,,,0.0,0,,
15272,Up the Yangtze,Documentary,2007.0,2007-09-30,Canada,,783000.0,6.4,7,,
36626,Mr. Kuka's Advice,Comedy,2008.0,2008-07-05,Austria,,,6.3,2,Dariusz Gajewski,August Diehl
19014,Rustlers' Rhapsody,Action,1985.0,1985-05-10,United States,,,4.9,9,Hugh Wilson,
166271,Haunter,Horror,2013.0,2013-10-25,Canada,,,5.9,211,,
279641,Whiskey Tango Foxtrot,War,2016.0,2016-03-04,United States of America,35000000.0,23083334.0,6.0,356,,
480,Monsoon Wedding,Comedy,2001.0,2001-08-30,India,,,6.8,59,,
68756,Comrades,Drama,1970.0,1970-11-05,France,,,0.0,0,,
14419,"Coluche, l'histoire d'un mec",Comedy,2008.0,2008-10-15,France,,,6.0,14,Antoine de Caunes,
8902,Linha de Passe,Drama,2008.0,2008-09-05,Brazil,,,6.3,10,,
95177,Sun Don't Shine,Drama,2012.0,2012-03-10,United States of America,,,5.8,9,,
3527,Don't Come Knocking,Drama,2005.0,2005-05-19,France,11000000.0,,6.4,23,,
5488,"I'm a Cyborg, But That's OK",Drama,2006.0,2006-12-07,South Korea,,4354510.0,7.1,126,,
277686,The Man in the Orange Jacket,Horror,2015.0,2015-02-27,Estonia,,,5.3,7,,
38577,The Old Man and the Sea,Animation,1999.0,1999-07-03,Japan,,,7.9,33,,
218993,Before the Winter Chill,Drama,2013.0,2013-11-26,France,,,6.2,20,,
61752,Girl 6,Comedy,1996.0,1996-03-22,United States of America,12000000.0,4939939.0,5.7,17,,
31397,Alien from L.A.,Action,1988.0,1988-01-01,South Africa,,,2.9,10,,
82881,Tangled Ever After,Animation,2012.0,2012-01-13,United States of America,,,7.1,383,,
273153,Summertime,Comedy,2015.0,2015-08-19,Belgium,,,6.6,76,,
326425,Extraction,Action,2015.0,2015-12-18,United Kingdom,,16775.0,4.3,102,,
76176,Da Hip Hop Witch,Horror,2000.0,2000-10-31,United States,,,1.0,2,,
39899,Turkey Shoot,Horror,1982.0,1982-03-25,Australia,32000000.0,,5.8,29,,
382651,Helix,Action,2015.0,2015-01-01,Canada,,,4.9,10,,
10692,Henry: Portrait of a Serial Killer,Crime,1986.0,1986-09-24,United States of America,111000.0,,6.8,142,,
47648,King of Beggars,Action,1992.0,1992-12-17,Hong Kong,,,6.5,24,,
205724,Welcome to the Jungle,Comedy,2013.0,2013-04-27,United Kingdom,3500000.0,,4.9,135,,
25078,Cat Soup,Fantasy,2001.0,2001-02-21,Japan,,,7.4,27,,
264321,A Rumor Of War,,1980.0,1980-09-24,United States,,,0.0,1,,
10195,Thor,Adventure,2011.0,2011-04-21,United States of America,150000000.0,449326618.0,6.6,6678,,
22289,My Flesh and Blood,Documentary,2003.0,2003-01-17,United States of America,,,6.2,5,,
9061,Just Cause,Action,1995.0,1995-02-17,United States of America,,,6.0,124,,
12239,The Osterman Weekend,Action,1983.0,1983-10-14,United States of America,,6486797.0,6.0,34,,
84942,The Watermen,Horror,2011.0,2011-12-25,United States of America,1150000.0,,3.3,14,,
79433,Ronal the Barbarian,Animation,2011.0,2011-09-27,Denmark,,,6.2,95,,
79927,The Pope Must Die,Comedy,1991.0,1991-06-21,United Kingdom,,,4.2,12,,
204090,If You Don't Stop It...You'll Go Blind!!!,Comedy,1975.0,1975-02-01,United States,,,0.0,0,,
75754,Silent Action,Drama,1975.0,1975-04-05,Italy,,,0.0,0,,
66702,Dil Ne Jise Apna Kahaa,Drama,2004.0,2004-09-10,hi,,,4.1,4,Atul Agnihotri,Salman Khan
26280,I Killed My Mother,Drama,2009.0,2009-06-05,Canada,,,7.7,320,,
303497,Unfair!,,1970.0,1970-11-15,United States,,,0.0,0,,
77879,The Reunion,Drama,2011.0,2011-10-21,United States of America,6000000.0,,5.4,32,,
124096,"Olivier, Olivier",Thriller,1992.0,1992-10-28,United States,,,6.5,7,,
84012,The Invisible Frame,Documentary,2009.0,2009-11-11,Germany,,,7.2,5,,
68553,Siberiade,War,1979.0,1979-06-06,Russia,,,6.3,8,,
143563,Jesus Christ Superstar - Live Arena Tour,Family,2012.0,2012-11-19,United Kingdom,,,6.9,9,,
75,Mars Attacks!,Comedy,1996.0,1996-12-12,United States of America,70000000.0,101371017.0,6.1,1544,,
44770,The Exploding Girl,Drama,2009.0,2009-04-22,United States,,,6.4,15,,
277934,Sadece Sen,Romance,2014.0,2014-03-14,Turkey,,,6.1,18,,
96026,Ramin,Documentary,2011.0,2011-04-01,Latvia,177.0,,5.0,1,,
2189,Tomboy,Comedy,1985.0,1985-11-14,United States of America,,14100000.0,5.3,13,,
140423,I Love You Rosa,Romance,1972.0,1972-02-12,Israel,,,6.3,2,,
45269,The King's Speech,Drama,2010.0,2010-09-06,United Kingdom,15000000.0,414211549.0,7.6,2817,,
25833,Eating Out: All You Can Eat,Comedy,2009.0,2009-10-09,United States of America,,,5.6,18,,
42916,Fading of the Cries,Horror,2011.0,2011-07-08,United States of America,450000.0,,3.5,10,,
10226,High Tension,Horror,2003.0,2003-06-18,France,,,6.6,279,,
9992,Arthur and the Invisibles,Adventure,2006.0,2006-12-13,France,86000000.0,107944236.0,6.0,663,,
382200,Setoutsumi,Comedy,2016.0,2016-07-02,Japan,,,8.0,1,,
363483,12 Gifts of Christmas,Family,2015.0,2015-11-26,United States,,,5.8,20,,
291290,Submerged,Thriller,2015.0,2015-11-27,United States of America,,,4.3,21,,
11845,Intimacy,Romance,2001.0,2001-01-20,France,,,6.1,31,,
308453,The Bronze,Drama,2016.0,2016-01-22,United States of America,3500000.0,615816.0,5.5,112,,
83382,Players,Crime,2012.0,2012-01-06,India,,,4.2,10,,
65275,The Universe of Keith Haring,Documentary,2009.0,2009-02-28,United States,,,5.8,4,,
2444,The Red Squirrel,Drama,1993.0,1993-04-21,Spain,,,6.5,15,,
177358,Jolly LLB,Comedy,2013.0,2013-03-15,India,,,6.9,21,,
32100,The Human Tornado,Action,1976.0,1976-10-02,United States of America,,,5.8,12,,
96944,Resistance,War,2011.0,2011-11-25,United Kingdom,,,5.1,8,,
424889,Norman Television,Animation,2016.0,2016-12-06,United States of America,,,6.3,3,,
401061,Officer Downe,Action,2016.0,2016-11-18,United States of America,,,4.6,20,,
39001,My Teacher's Wife,Comedy,1999.0,1999-11-10,United States of America,,,5.6,9,,
256907,Darr @ the Mall,Horror,2014.0,2014-02-21,India,,,5.5,4,,
394385,Rainer Werner Fassbinder's World on a Wire: Looking Ahead to Today,Documentary,2010.0,2010-02-18,Germany,,,0.0,0,,
56344,The Dark Diamond,,2004.0,2004-02-14,Belgium,,,4.5,1,,
54144,Abel,Drama,2010.0,2010-05-28,Mexico,1000000.0,,6.7,11,,
47449,Denise Calls Up,Comedy,1995.0,1995-05-17,United States of America,,,6.6,5,,
24073,Opportunity Knocks,Comedy,1990.0,1990-03-30,United States,,11359129.0,5.3,16,,
82279,O princezně Jasněnce a létajícím ševci,Family,1987.0,1987-12-01,Czech Republic,,,4.8,3,,
77269,Urbanized,Documentary,2011.0,2011-09-09,United States of America,,,7.4,33,,
22152,Lymelife,Comedy,2008.0,2008-09-08,United States of America,1500000.0,,6.4,43,,
52744,Falling in Love,Drama,1984.0,1984-11-21,United States of America,,11129057.0,6.4,61,,
81899,Trek Nation,Documentary,2011.0,2011-11-30,United States of America,,,7.0,13,,
52741,Side Out,Comedy,1990.0,1990-03-30,United States of America,,,4.0,10,,
212494,Don't Go to the Reunion,Horror,2013.0,2013-10-05,United States of America,18000.0,,4.9,6,,
161529,Must Have Been Love,Romance,2012.0,2012-10-18,United States,,,7.5,2,,
43345,Old Gringo,Action,1989.0,1989-10-06,United States of America,,,5.7,7,,
248504,Sharknado 2: The Second One,Thriller,2014.0,2014-07-30,United States of America,,,4.5,192,,
14606,The Baker,Comedy,2007.0,2007-02-09,United Kingdom,,,6.5,23,,
77728,Giorgino,Drama,1994.0,1994-10-05,United States,15000000.0,,6.8,8,Laurent Boutonnat,Mylène Farmer
16784,Welcome to Mooseport,Comedy,2004.0,2004-02-24,Germany,30000000.0,14000000.0,4.8,54,,
402857,Captive Heart: The James Mink Story,Drama,1996.0,1996-04-14,Canada,,,0.0,0,,
25764,Dasepo Naughty Girls,Romance,2006.0,2006-08-10,South Korea,,,5.6,8,,
403570,Red Dog: True Blue,Comedy,2016.0,2016-12-26,Australia,,,5.9,9,,
1495,Kingdom of Heaven,Drama,2005.0,2005-05-03,Germany,130000000.0,211643158.0,6.6,1187,,
4539,Hearts of Darkness: A Filmmaker's Apocalypse,Documentary,1991.0,1991-09-06,United States of America,,,8.0,61,,
2294,Jay and Silent Bob Strike Back,Comedy,2001.0,2001-08-22,United States of America,22000000.0,33788161.0,6.4,491,,
3934,Ménage,Crime,1986.0,1986-04-23,France,,,6.0,25,,
23703,The Thing About My Folks,Family,2005.0,2005-01-01,United States,,,5.4,9,Raymond De Felitta,
212455,House Party: Tonight's the Night,,2013.0,2013-07-23,United States,,,4.1,11,,
345306,The Bartender,Comedy,2015.0,2015-06-18,Russia,2600000.0,,5.4,16,,
65958,The Supper,Drama,1992.0,1992-12-23,France,,,6.7,6,Édouard Molinaro,Claude Brasseur
171363,Pimp Bullies,Action,2011.0,2011-06-30,Dominican Republic,,,2.5,2,,
25704,Post Grad,Comedy,2009.0,2009-08-21,United States of America,15000000.0,6405245.0,5.0,102,,
37191,"I, the Jury",Crime,1982.0,1982-04-22,United States of America,,,5.7,6,,
42234,Dona Flor and Her Two Husbands,Comedy,1976.0,1976-11-22,Brazil,,,6.2,13,,
260346,Taken 3,Thriller,2014.0,2014-12-16,France,48000000.0,325771424.0,6.1,2225,,
303623,Hello Ladies: The Movie,Comedy,2014.0,2014-11-22,United States of America,,,6.4,51,,
29009,O Coronel e o Lobisomem,Comedy,2005.0,2005-10-01,Brazil,,,6.3,8,,
65120,Days of Santiago,Drama,2004.0,2004-01-29,Spain,,,6.0,4,,
28275,Jingle Bells,Family,1999.0,1999-01-01,United States of America,,,0.0,0,,
39340,Behind Convent Walls,Drama,1978.0,1978-01-25,Italy,,,6.4,10,,
207,Dead Poets Society,Drama,1989.0,1989-06-02,United States of America,16400000.0,235860116.0,8.1,2786,,
53033,Poppy Shakespeare,Drama,2008.0,2008-03-31,United Kingdom,,,0.0,0,,
34322,Murphy's Romance,Comedy,1985.0,1985-12-25,United States of America,13000000.0,30867525.0,5.7,14,,
378441,Notes on Blindness,Documentary,2016.0,2016-07-01,United Kingdom,,,7.5,15,,
14540,Jeff Dunham: Spark of Insanity,Comedy,2007.0,2007-09-17,United States,,,6.7,26,,
56901,Yeh Saali Zindagi,Thriller,2011.0,2011-02-04,India,,,4.8,6,,
1435,Tarnation,Documentary,2003.0,2003-10-19,United States of America,218.0,1162014.0,7.5,22,,
412518,In-Lawfully Yours,Romance,2016.0,2016-09-06,United States of America,,,5.9,16,,
13570,Tourist Trap,Horror,1979.0,1979-01-25,United States of America,,,6.3,59,,
313922,Green Room,Horror,2016.0,2016-04-15,United States of America,5000000.0,3220371.0,6.7,696,,
79008,Jinxed!,Comedy,1982.0,1982-10-22,United States of America,,,4.7,3,,
2310,Beowulf,Adventure,2007.0,2007-11-05,United States of America,70000000.0,195735876.0,5.5,855,,
10528,Sherlock Holmes,Action,2009.0,2009-12-23,Germany,90000000.0,524028679.0,7.0,5883,,
49950,The Roommate,Thriller,2011.0,2011-02-04,United States of America,16000000.0,40492759.0,5.3,230,,
367966,Harold and Lillian: A Hollywood Love Story,Documentary,2015.0,2015-11-17,United States,,,10.0,1,,
12579,The Woman Next Door,Romance,1981.0,1981-09-30,France,,,7.0,32,,
260182,Ochtendzwemmers,,2001.0,2001-04-08,United States,,,0.0,0,,
184155,Legend No. 17,Drama,2013.0,2013-04-17,Russia,7720000.0,,6.9,31,,
10590,We Were Soldiers,Action,2002.0,2002-03-01,Germany,75000000.0,114660784.0,6.7,531,,
81481,Silenced,Drama,2011.0,2011-09-22,South Korea,2200000.0,31500000.0,8.0,88,,
8222,High Heels,Comedy,1991.0,1991-10-23,Spain,,1710057.0,7.2,66,,
32128,Category 6: Day of Destruction,Action,2004.0,2004-11-14,United States of America,,,5.2,13,,
69427,Amarkalam,,1999.0,1999-08-25,India,500000.0,500000.0,6.6,4,,
56858,The Key to Paradise,Family,1970.0,1970-08-24,Denmark,,,5.8,4,,
32322,"Dr. Black, Mr. Hyde",Horror,1976.0,1976-01-01,United States of America,,,6.3,3,,
278990,Seve,Drama,2014.0,2014-06-27,Spain,,,8.0,7,,
352161,The Clan,Drama,2015.0,2015-08-13,Spain,,20381995.0,6.4,120,,
188758,Nothing Bad Can Happen,Drama,2013.0,2013-09-28,Germany,,,6.8,8,,
311627,Pilot Error,Drama,2014.0,2014-11-13,United States of America,,,0.0,0,Joe Anderson,
44992,Hubble 3D,Documentary,2010.0,2010-03-19,Canada,,,6.7,41,,
176983,One Piece Film Z,Action,2012.0,2012-12-15,Japan,,,7.2,83,,
829,Chinatown,Crime,1974.0,1974-06-20,United States of America,6000000.0,30000000.0,7.9,939,,
54093,Killing Bono,Comedy,2011.0,2011-04-01,United Kingdom,,,6.3,26,,
79435,Night Wind,Drama,1999.0,1999-03-03,France,,,6.0,4,,
317953,Spud 3: Learning to Fly,Comedy,2014.0,2014-12-16,South Africa,,,6.3,8,,
13975,In the Electric Mist,Thriller,2009.0,2009-04-15,France,,,6.0,112,,
10999,Commando,Action,1985.0,1985-10-03,United States of America,10000000.0,57500000.0,6.4,753,,
15655,The Tigger Movie,Animation,2000.0,2000-02-11,United States of America,30000000.0,45554533.0,6.3,146,,
21665,Khakee,Action,2004.0,2004-01-23,India,,,6.2,15,,
11395,The Santa Clause,Fantasy,1994.0,1994-11-10,United States of America,22000000.0,189833357.0,6.3,501,,
452413,This Is Not What I Expected,Comedy,2017.0,2017-04-28,China,,,6.5,2,,
296557,The Roommate,Thriller,2008.0,2008-07-15,Japan,,,6.0,1,,
38509,Polish Wedding,Comedy,1998.0,1998-01-16,United States of America,,,5.4,18,,
8965,Atlantis: Milo's Return,Fantasy,2003.0,2003-02-25,United States of America,,,5.4,166,,
423988,Kill Switch,Science Fiction,2017.0,2017-06-01,Germany,1000000.0,,5.1,58,,
503,Poseidon,Adventure,2006.0,2006-05-12,United States of America,160000000.0,181674817.0,5.5,594,,
253450,The Assassin,Action,2015.0,2015-08-27,China,15000000.0,632542.0,6.6,158,,
20604,Metal: A Headbanger's Journey,Documentary,2005.0,2005-09-14,Canada,,,7.8,41,,
74308,Detachment,Drama,2011.0,2011-04-24,United States of America,,72689.0,7.3,343,,
24525,Hurlyburly,Comedy,1998.0,1998-12-25,United States of America,,,5.6,22,,
23538,A Dirty Carnival,Crime,2006.0,2006-06-15,South Korea,4700000.0,,6.7,51,Yoo Ha,
154282,Touchy Feely,Drama,2013.0,2013-01-19,United States of America,,35022.0,5.2,32,,
2637,The Mothman Prophecies,Drama,2002.0,2002-01-25,United States of America,32000000.0,55157539.0,6.1,307,,
394223,Sniper: Special Ops,Action,2016.0,2016-04-03,United States of America,,,5.0,25,,
157820,Mood Indigo,Drama,2013.0,2013-04-24,France,,,6.0,199,,
36879,The Beast in Heat,Horror,1977.0,1977-07-19,Italy,,,4.1,15,,
20357,Trauma,Drama,2004.0,2004-09-17,United Kingdom,,,5.2,17,,
56078,Vabank II,Comedy,1984.0,1984-05-06,Poland,,,7.1,8,,
77950,Turbo,Animation,2013.0,2013-07-11,United States of America,135000000.0,282570682.0,6.1,1094,,
76234,Living Will...,Comedy,2011.0,2011-10-04,United States of America,300000.0,,4.7,5,,
25664,Throw Down,Drama,2004.0,2004-07-08,Hong Kong,,,6.7,17,,
16608,The Proposition,Action,2005.0,2005-10-06,Australia,2000000.0,5048693.0,7.1,221,,
73066,Mad Bastards,Drama,2010.0,2010-01-01,it,,,6.3,2,,
11541,The Year of Living Dangerously,War,1982.0,1982-12-17,Australia,6000000.0,1317657.0,6.8,84,,
230606,Pigs with a P.38,Action,1978.0,1978-09-23,Italy,,,0.0,0,,
27090,Zero Day,Drama,2003.0,2003-09-03,United States,20000.0,,7.1,24,,
16016,Journey to Saturn,Action,2008.0,2008-09-26,Denmark,,,4.9,10,,
49642,Drunken Master Part II - Dance of the Drunk Mantis,Action,1979.0,1979-06-26,Hong Kong,,,5.9,8,,
42057,It's a Wonderful Afterlife,Comedy,2010.0,2010-05-07,United Kingdom,,,4.3,9,,
189472,La dama boba,,2006.0,2006-03-24,United States,,,5.0,1,,
157373,Commune,,2005.0,2005-04-07,United States of America,,,7.8,4,,
11963,Three Days of the Condor,Action,1975.0,1975-09-24,United States of America,,27476252.0,7.2,234,,
49214,Once Upon a Time in High School,Drama,2004.0,2004-01-15,South Korea,,,7.0,21,,
42464,O Lucky Man!,Music,1973.0,1973-03-25,United Kingdom,,,6.8,20,,
38448,Ondine,Drama,2009.0,2009-09-14,Ireland,12000000.0,1644755.0,6.5,84,,
302465,Brothers on the Line,,2012.0,2012-03-08,United States,,,0.0,0,,
27671,Pop Skull,Horror,2007.0,2007-07-06,United States of America,2000.0,,3.7,3,Adam Wingard,
105864,The Good Dinosaur,Adventure,2015.0,2015-11-14,United States of America,175000000.0,331926147.0,6.6,1782,,
135678,Leave,Thriller,2011.0,2011-05-03,United States of America,,,6.5,8,,
144610,City Cops,Action,1989.0,1989-11-18,Hong Kong,,,7.5,5,Lau Kar-Wing,
157832,Calvary,Drama,2014.0,2014-04-11,Ireland,,,7.1,334,,
48615,Devotion,Drama,2003.0,2003-02-08,Germany,,,5.5,2,,
4613,Scorched,Comedy,2003.0,2003-05-17,United States of America,,,5.4,33,,
33974,Mammoth,Drama,2009.0,2009-01-19,Denmark,10000000.0,,6.1,41,,
85819,Some Days Are Better Than Others,Drama,2011.0,2011-06-03,United States of America,,,5.2,3,,
41604,Grayeagle,Action,1977.0,1977-12-28,United States of America,,,3.3,3,,
11232,Kate & Leopold,Comedy,2001.0,2001-12-25,United States of America,,,6.0,430,,
17134,12 Rounds,Action,2009.0,2009-03-19,United States of America,20000000.0,17280326.0,5.7,223,,
334495,The Barkley Marathons: The Race That Eats Its Young,Documentary,2014.0,2014-10-26,United States of America,,,8.1,25,,
41894,Blood Done Sign My Name,Drama,2010.0,2010-02-01,United States,,,6.0,5,,
102337,Summer in the Golden Valley,Drama,2003.0,2003-04-16,Bosnia and Herzegovina,,,6.5,4,,
94513,Two Solutions for One Problem,Documentary,1975.0,1975-01-01,Iran,,,6.3,3,Abbas Kiarostami,
36194,The Go-Between,Drama,1971.0,1971-09-24,United Kingdom,100000.0,,6.2,24,,
287424,Maggie,Horror,2015.0,2015-05-08,Switzerland,4000000.0,187112.0,5.2,604,,
77512,Montana,Action,2008.0,2008-02-07,Russia,,,2.5,2,,
12530,Avanti!,Comedy,1972.0,1972-12-17,Italy,,,6.8,49,,
169634,Unforgotten Shadows,Adventure,2013.0,2013-11-14,uk,1000000.0,,5.0,3,,
20438,The Tao of Steve,Comedy,2000.0,2000-08-04,United States of America,,,5.9,27,,
19142,The Return of Swamp Thing,Horror,1989.0,1989-05-11,United States of America,,192816.0,4.6,35,,
13317,The Aerial,Science Fiction,2007.0,2007-04-17,Argentina,,,7.1,19,,
412511,Cup of Love,Romance,2016.0,2016-08-20,United States,,,2.0,1,,
19425,The Peanut Butter Solution,Family,1985.0,1985-12-05,Canada,,,5.7,10,,
353069,Mother's Day,Comedy,2016.0,2016-04-28,United States of America,25000000.0,48418160.0,5.8,391,,
74312,Between Two Fires,Drama,2010.0,2010-10-13,pl,,,0.0,0,,
100288,Black Sun,Drama,2007.0,2007-06-15,it,,,4.5,1,,
10324,If Lucy Fell,Comedy,1996.0,1996-03-08,United States of America,,,5.4,11,,
98498,The Last Bolshevik,History,1993.0,1993-03-25,France,,,9.0,4,Chris Marker,
9073,Free Willy 2 - The Adventure Home,Adventure,1995.0,1995-07-19,France,,,5.5,130,,
26354,Surfwise,Documentary,2007.0,2007-01-01,United States,,,7.4,8,Doug Pray,
11583,The First Great Train Robbery,Thriller,1979.0,1979-01-25,United Kingdom,6000000.0,,6.6,74,,
23618,The Original Kings of Comedy,Comedy,2000.0,2000-08-18,United States of America,,,6.5,16,Spike Lee,Steve Harvey
62347,Precious Find,Action,1996.0,1996-01-01,it,,,4.3,2,,
27865,The World According to Monsanto,Documentary,2008.0,2008-01-01,France,,,7.5,15,Marie-Monique Robin,
66187,Elite Group,Drama,1974.0,1974-04-10,Italy,,,7.0,1,,
169813,Short Term 12,Drama,2013.0,2013-08-23,United States of America,,1600000.0,7.9,460,,
112422,Net Worth,Drama,1995.0,1995-01-01,Canada,,,5.5,3,,
2287,Rize,Documentary,2005.0,2005-01-15,United States of America,,,5.9,13,,
71884,Model Behavior,Comedy,2000.0,2000-03-12,United States,,,5.4,6,,
137698,The Dance of Reality,Drama,2013.0,2013-05-18,Chile,3000000.0,,7.3,46,,
118121,Butley,Drama,1974.0,1974-01-21,United States of America,,,7.3,3,,
17234,Summer Days With Coo,Animation,2007.0,2007-07-28,Japan,,,7.3,20,,
5483,Lisa and the Devil,Fantasy,1973.0,1973-05-08,Germany,1000000.0,,6.2,23,,
91070,L!fe Happens,Comedy,2011.0,2011-06-18,Canada,930000.0,30905.0,5.3,66,,
57100,Double Vision,Horror,2002.0,2002-10-17,Taiwan,,,6.2,20,,
77064,Public Access,Drama,1993.0,1993-01-01,United States,,,5.5,3,,
428687,Deidra & Laney Rob a Train,Drama,2017.0,2017-01-23,United States of America,,,5.7,17,,
16008,Room 205,Horror,2007.0,2007-08-10,Denmark,,,4.4,5,,
82447,The Stig-Helmer Story,Comedy,2011.0,2011-12-25,sv,,,4.8,12,,
255746,The Reunion 2 - The Funeral,Comedy,2014.0,2014-02-06,Denmark,,,5.4,7,,
41663,Fantozzi Against the Wind,Comedy,1980.0,1980-11-20,Italy,,,6.6,84,,
245175,Black Coffee,Comedy,2014.0,2014-01-10,United States,,,6.1,8,,
102059,Collision Course,Action,1988.0,1988-04-22,United States of America,,,3.5,6,,
31443,The President's Man,Action,2000.0,2000-01-01,United States,,,3.4,11,,
291351,The Sea of Trees,Drama,2016.0,2016-04-27,United States of America,,,6.3,133,,
40383,The Last Shark,Horror,1981.0,1981-04-02,Italy,,,6.0,23,,
132873,Die Mondverschwörung,Documentary,2011.0,2011-04-21,Germany,,,7.6,7,,
232100,Riley Rewind,Fantasy,2013.0,2013-12-12,United States of America,70.0,,7.1,7,,
24683,Razortooth,Action,2007.0,2007-01-01,United States of America,,,4.0,7,,
393949,Joe's Violin,Documentary,2016.0,2016-04-14,United States,,,6.0,3,,
325690,The Legendary Giulia and Other Miracles,Comedy,2015.0,2015-02-19,Italy,,,7.1,116,Edoardo Leo,
24356,Masked and Anonymous,Drama,2003.0,2003-08-08,United States of America,,,5.2,13,,
68192,Cabbages and Kings,Comedy,1978.0,1978-06-06,United States,,,7.0,1,,
211579,Our Sunhi,Romance,2013.0,2013-08-10,South Korea,,,7.1,12,,
20769,Chandni Bar,Crime,2001.0,2001-09-28,United States,,,5.0,4,,
713,The Piano,Drama,1993.0,1993-05-19,New Zealand,7000000.0,116700000.0,7.1,290,,
150230,Kill 'em All,Action,2012.0,2012-12-11,United States of America,,,5.3,12,,
23704,The Rocket Post,Drama,2004.0,2004-05-13,United Kingdom,,,7.0,1,,
57737,Barbie: A Fairy Secret,Animation,2011.0,2011-03-01,United States of America,,,5.4,65,,
85163,Destroyer,Horror,1988.0,1988-04-01,United States of America,,,5.0,3,,
127257,Every Stewardess Goes to Heaven,Drama,2002.0,2002-03-21,Spain,,,5.0,1,Daniel Burman,
8373,Transformers: Revenge of the Fallen,Science Fiction,2009.0,2009-06-19,United States of America,150000000.0,836297228.0,6.0,3192,,
46147,"Happy, Happy",Drama,2010.0,2010-11-05,Norway,,,6.1,14,,
84190,Detropia,Documentary,2012.0,2012-09-07,United States of America,,,6.8,13,Heidi Ewing,
48489,The Sin,Action,2004.0,2004-05-14,Thailand,,,6.0,3,,
106679,House of Mortal Sin,Horror,1976.0,1976-02-03,United Kingdom,,,6.9,11,,
73686,In Darkness,Drama,2011.0,2011-09-02,Canada,,5576725.0,7.1,45,,
290695,Melbourne,Drama,2014.0,2014-02-07,Iran,,,6.2,5,,
60033,"This World, Then the Fireworks",Crime,1997.0,1997-07-11,United States of America,,,0.0,0,,
83297,Crazy Thunder Road,Foreign,1980.0,1980-05-24,Japan,,,6.4,6,Gakuryû Ishii,
4485,Diva,Action,1981.0,1981-03-11,France,,,6.7,37,,
131907,God is on Air,Comedy,2002.0,2002-01-01,Spain,,,10.0,1,Jordi Mollà,
225975,The Verdict,Crime,2013.0,2013-10-09,Belgium,,,6.2,15,,
16049,Amazon Jack 3: Jungo Goes Bananas,Animation,2007.0,2007-12-21,da,,,5.5,4,,
7860,Lemon Tree,Drama,2008.0,2008-02-08,Israel,,,6.7,15,,
15991,Bad Biology,Fantasy,2008.0,2008-02-08,United States of America,,,4.7,45,,
63065,Neue Vahr Süd,Comedy,2010.0,2010-11-30,Germany,,,6.1,12,,
97046,Deseret,Documentary,1995.0,1995-02-07,United States,,,6.3,4,James Benning,
32666,Wild West Comedy Show: 30 Days & 30 Nights - Hollywood to the Heartland,Comedy,2006.0,2006-09-08,United States,,,8.0,1,,
11658,Tae Guk Gi: The Brotherhood of War,Action,2004.0,2004-02-05,South Korea,,15.0,7.4,134,,
202575,Thunder and the House of Magic,Family,2013.0,2013-12-24,Belgium,34000000.0,,6.3,125,,
133131,"Why, Charlie Brown, Why?",Family,1990.0,1990-03-16,United States of America,,,6.0,4,,
70859,Wild Palms,Drama,1993.0,1993-05-16,United States of America,,,5.9,7,,
326333,"Liza, the Fox-Fairy",Comedy,2015.0,2015-02-19,Hungary,,,7.4,30,,
1619,The Way of the Gun,Action,2000.0,2000-09-08,United States of America,8500000.0,19125401.0,6.4,106,,
49722,"Continental, a Film Without Guns",Drama,2007.0,2007-11-09,Canada,,,7.0,3,,
48693,The Mother and the Whore,Drama,1973.0,1973-05-01,France,,,8.0,31,,
345,Eyes Wide Shut,Mystery,1999.0,1999-07-14,United Kingdom,65000000.0,162091208.0,7.1,1266,,
76403,DNA,Horror,1997.0,1997-03-07,Philippines,,,3.5,11,,
129418,Bigfoot: The Lost Coast Tapes,Horror,2012.0,2012-09-03,United States of America,,,4.2,14,,
51800,The Dolphin: Story of a Dreamer,Animation,2009.0,2009-10-08,Italy,3000000.0,,0.0,0,,
5898,Brain Dead,Horror,1990.0,1990-01-16,United States of America,2000000.0,,5.8,18,,
443319,Phoenix Forgotten,Horror,2017.0,2017-04-21,United States of America,2800000.0,3600000.0,5.7,52,,
286407,Mission Blue,Documentary,2014.0,2014-01-30,Bermuda,,,7.7,7,,
51971,Hideaway (Le refuge),Drama,2009.0,2009-09-19,France,,,6.2,20,,
71208,Judas Kiss,Drama,2011.0,2011-04-01,Germany,500000.0,,5.7,21,,
27475,The Slumber Party Massacre,Comedy,1982.0,1982-11-12,United States of America,,,5.7,61,,
37753,Consenting Adults,Crime,1992.0,1992-10-16,United States of America,18000000.0,21591728.0,5.6,27,,
56935,The Lacemaker,Drama,1977.0,1977-05-25,Germany,,,5.4,13,,
122924,One in the Chamber,Action,2012.0,2012-08-21,Romania,6000000.0,,4.6,39,,
92931,Perry Mason: The Case of the Ruthless Reporter,Drama,1991.0,1991-01-06,United States of America,,,6.0,1,,
4437,2010,Thriller,1984.0,1984-12-06,United States of America,28000000.0,40400657.0,6.6,290,,
70669,Dark Souls,Horror,2011.0,2011-01-14,France,,,4.4,9,,
22466,Rover Dangerfield,Animation,1991.0,1991-08-02,United States of America,,,5.1,10,,
5137,Sky Captain and the World of Tomorrow,Mystery,2004.0,2004-09-17,United Kingdom,70000000.0,57958696.0,5.7,445,,
14243,Wild Style,Drama,1983.0,1983-03-18,United States of America,,,5.8,11,,
344277,Caught,Thriller,2015.0,2015-06-12,United States,,,4.6,8,Maggie Kiley,
105978,Neil Young Journeys,Music,2012.0,2012-06-29,United States of America,,,7.5,2,,
50526,Beats of Freedom,Documentary,2009.0,2009-03-12,United States,,,0.0,0,,
381935,Jack Goes Home,Drama,2016.0,2016-03-14,United States of America,,,5.1,21,,
55680,The Craigslist Killer,Drama,2011.0,2011-01-03,United States of America,,,4.6,16,Stephen T. Kay,
8216,Meet the Feebles,Comedy,1989.0,1989-08-12,New Zealand,750000.0,,6.4,68,,
209369,Into the Sun,,1992.0,1992-01-01,United States,,,4.2,6,,
8931,The Bastards,Action,2008.0,2008-05-20,Mexico,,,6.2,5,,
10336,Spawn,Action,1997.0,1997-07-31,United States of America,40000000.0,87840042.0,5.0,344,,
16382,Tear This Heart Out,Romance,2008.0,2008-09-12,Mexico,,,6.9,7,,
7290,2001: A Space Travesty,Comedy,2000.0,2000-10-31,Canada,26000000.0,,4.1,52,,
10952,New Jack City,Thriller,1991.0,1991-03-08,United States of America,8500000.0,47624253.0,6.3,134,,
91099,Your life in 65 minutes,,2006.0,2006-07-14,Spain,,,6.5,4,,
14177,Beauty Shop,Comedy,2005.0,2005-06-02,United States of America,25000000.0,36351350.0,5.4,118,,
44999,Casino Jack and the United States of Money,Documentary,2010.0,2010-05-09,United States of America,,,7.3,15,Alex Gibney,
160907,The Fall of the Essex Boys,Crime,2012.0,2012-02-07,United Kingdom,,,4.5,13,,
113137,The Book of Stars,,1999.0,1999-06-06,United States,,,7.0,2,,
7233,Rebound,Comedy,2005.0,2005-07-01,United States of America,45000000.0,16809014.0,5.2,96,,
1562,28 Weeks Later,Horror,2007.0,2007-04-26,Spain,15000000.0,64238440.0,6.5,1225,,
5966,Along Came Polly,Comedy,2004.0,2004-01-16,United States of America,42000000.0,171963386.0,5.8,795,,
192345,Cavemen,Comedy,2013.0,2013-10-26,United States of America,,,4.8,29,,
18710,Capone,Crime,1975.0,1975-04-16,United States of America,970000.0,2000000.0,6.0,16,,
166260,Doli Saja Ke Rakhna,,1998.0,1998-11-27,hi,,,6.0,2,,
338065,Dil Dhadakne Do,Drama,2015.0,2015-06-05,India,13000000.0,22000000.0,6.7,43,,
14127,Cherry Crush,Crime,2007.0,2007-02-16,United States of America,,,4.3,6,,
78132,For the Matches,Comedy,1980.0,1980-01-18,Finland,,,6.2,11,,
270336,The Angel of Vengeance - The Female Hamlet,Drama,1977.0,1977-01-01,Turkey,,,5.0,2,,
64372,Dana Carvey: Squatting Monkeys Tell No Lies,Comedy,2008.0,2008-06-14,United States of America,,,5.5,5,,
307931,The Wolfpack,Documentary,2015.0,2015-06-12,United States of America,,1301696.0,6.7,116,,
242203,What Matters Most,Drama,2001.0,2001-09-06,United States of America,,,0.0,0,,
18374,My Girlfriend Is an Agent,Comedy,2009.0,2009-04-04,South Korea,,,6.3,26,,
399106,Piper,Family,2016.0,2016-06-16,United States of America,,,8.2,487,,
207774,The Borderlands,Horror,2013.0,2013-08-24,United Kingdom,,,5.1,82,,
47383,The Man Next Door,Drama,2009.0,2009-11-10,Argentina,,,6.5,13,,
121091,Fever,Drama,1999.0,1999-05-16,United States,6.0,,6.0,1,Alex Winter,
15999,Vampire Hunter D: Bloodlust,Action,2000.0,2000-08-25,Japan,,,7.0,92,,
647,Final Fantasy VII: Advent Children,Action,2005.0,2005-07-14,Japan,,,6.7,290,,
208366,Rabbit Heart,Family,1987.0,1987-07-30,Germany,,,0.0,0,,
75138,Sharpe's Sword,History,1995.0,1995-04-26,United Kingdom,,,7.0,12,,
10821,120,History,2008.0,2008-02-15,Turkey,,,7.5,2,,
68637,Ducoboo,Comedy,2011.0,2011-06-22,France,,,4.9,79,,
71203,Agenda Grinding America Down,Documentary,2010.0,2010-09-03,United States of America,,,6.1,6,,
52286,The Student,Romance,1988.0,1988-10-05,France,,,5.9,51,Claude Pinoteau,
146405,A Season for Miracles,Drama,1999.0,1999-12-12,United States of America,,,7.5,4,,
11522,Pretty in Pink,Comedy,1986.0,1986-02-28,United States of America,,40471663.0,6.6,313,,
22460,The Wall,Action,1975.0,1975-07-01,India,,,7.4,16,,
41189,The Dying Gaul,Drama,2005.0,2005-01-01,United States of America,,,6.7,8,Craig Lucas,
40476,Kadosh,Drama,1999.0,1999-01-01,Israel,,,6.1,4,,
266036,Misunderstood,Drama,2014.0,2014-06-05,France,,,6.0,14,,
150223,The Wishing Tree,Drama,1977.0,1977-08-23,Georgia,,,5.8,4,,
120,The Lord of the Rings: The Fellowship of the Ring,Adventure,2001.0,2001-12-18,New Zealand,93000000.0,871368364.0,8.0,8892,,
137646,The Education of Mohammad Hussein,,2012.0,2012-05-14,United States of America,,,7.0,1,Heidi Ewing,
9442,Dead Men Don't Wear Plaid,Comedy,1982.0,1982-05-21,United States of America,,18196170.0,6.5,104,,
26497,Impy's Island,Animation,2006.0,2006-08-02,Germany,,,6.0,13,,
139572,Rising from Ashes,,2013.0,2013-08-02,Spain,,,6.0,2,,
135921,Everything or Nothing,Documentary,2012.0,2012-10-05,United Kingdom,,,7.1,25,,
410774,Schneewittchen,Family,2009.0,2009-12-25,de,,,0.0,0,,Laura Berlin
18803,Expired,Comedy,2007.0,2007-01-19,United States of America,,,6.6,10,,
202220,Badges of Fury,Comedy,2013.0,2013-06-21,China,,,4.4,45,,
11572,Kaena: The Prophecy,Animation,2003.0,2003-01-02,Canada,,8500.0,5.4,15,,
279570,10%: What Makes a Hero?,Adventure,2013.0,2013-07-16,Congo,,,0.0,0,,
33431,A Snake of June,Drama,2002.0,2002-01-01,Japan,,,6.7,29,,
197696,Welcome to New York,Drama,2014.0,2014-05-17,United States of America,,,5.3,39,,
26851,The Atomic Cafe,Documentary,1982.0,1982-03-17,United States of America,,,7.3,17,,
3097,"The Tulse Luper Suitcases, Part 1: The Moab Story",War,2003.0,2003-05-24,United Kingdom,10000000.0,25800.0,7.8,5,,
108177,Demetri Martin. Person.,Comedy,2007.0,2007-01-14,United States of America,,,6.9,9,Jay Karas,Demetri Martin
13969,First Daughter,Comedy,2004.0,2004-09-24,United States of America,30000000.0,,5.4,176,,
52856,Unstrung Heroes,Comedy,1995.0,1995-09-15,United States,,,6.4,9,Diane Keaton,
167644,Finnish Blood Swedish Heart,,2012.0,2012-09-23,Finland,,,5.5,2,,
159095,In Fear,Thriller,2013.0,2013-04-03,United Kingdom,,,5.6,88,,
316098,Brother Minister: The Assassination of Malcolm X,Documentary,1995.0,1995-03-01,United States,,,4.0,1,,
42870,Creatures from the Abyss,Science Fiction,1994.0,1994-01-01,Italy,250000.0,,5.3,10,,
320179,Resistance,Documentary,2015.0,2015-01-01,Denmark,,,7.2,5,,
121015,Steel,Action,1979.0,1979-10-21,United States of America,,,4.7,3,,
237957,Nostos: The Return,Drama,1989.0,1989-12-31,Italy,,,7.8,5,,
102858,The Fourth Dimension,Drama,2012.0,2012-06-27,United States,,,5.0,3,,
408647,Teen Titans: The Judas Contract,Science Fiction,2017.0,2017-03-22,United States of America,,,7.1,98,,
20303,Life and Debt,Documentary,2003.0,2003-02-28,United States,,,6.3,5,,
31582,Flawless,Comedy,1999.0,1999-11-26,United States of America,,4488529.0,5.9,56,,
86369,Mina Tannenbaum,Drama,1994.0,1994-03-02,France,,,4.8,3,,
103947,3x3,Comedy,2009.0,2009-03-12,Portugal,,,6.0,3,,
85883,The Woman Who Drinks,Drama,2001.0,2001-03-09,Canada,,,8.0,1,,
128634,Prototype,Science Fiction,1992.0,1992-12-23,United States of America,,,4.8,3,,
17110,One Point O,Science Fiction,2004.0,2004-03-19,Romania,,,5.8,33,,
15122,Love Stinks,Comedy,1999.0,1999-09-10,United States of America,,,5.4,11,,
46827,Rasputin,History,1996.0,1996-03-23,Hungary,,,5.4,13,,
244145,The Bottom of the Sea,,2003.0,2003-08-27,Spain,,,6.7,6,Damián Szifrón,
16923,Merlin and the War of the Dragons,Fantasy,2008.0,2008-11-25,United States of America,,,3.1,8,,
29785,Of Time and the City,Documentary,2008.0,2008-10-31,United Kingdom,,,7.4,9,Terence Davies,Terence Davies
136698,Underground: The Julian Assange Story,Drama,2012.0,2012-10-07,Australia,,,5.8,18,,
8987,The River Wild,Action,1994.0,1994-09-30,United States of America,45000000.0,,6.1,214,,
24920,City of the Living Dead,Horror,1980.0,1980-08-11,Italy,,,5.9,86,Lucio Fulci,
210691,Wiseguy,,1996.0,1996-05-02,United States of America,,,4.0,1,James Whitmore Jr.,Ken Wahl
85463,Atelier Fontana,Drama,2011.0,2011-02-27,United States,,,6.0,5,,
177979,Peng! Du bist tot!,,1987.0,1987-04-15,Germany,,,0.0,0,,
310568,The Summer of Sangaile,Drama,2015.0,2015-03-29,France,,,6.1,24,,
11145,The Electric Horseman,Drama,1979.0,1979-12-21,United States of America,,61801971.0,5.4,35,,
817,Austin Powers: The Spy Who Shagged Me,Adventure,1999.0,1999-06-08,United States of America,33000000.0,310940086.0,6.1,1034,,
80218,Plain Dirty,Romance,2003.0,2003-01-20,United States of America,,,4.0,1,,
171492,Ankur,Foreign,1974.0,1974-07-20,India,,,4.2,3,,
169760,Maidentrip,Adventure,2014.0,2014-01-17,Australia,,,7.4,27,,
21463,Roja,Drama,1992.0,1992-08-15,India,,,7.1,9,Mani Ratnam,Arvind Swamy
4365,Munchies,Comedy,1987.0,1987-03-01,United States of America,,,4.7,6,,
15774,"Swades: We, the People",Drama,2004.0,2004-12-17,India,5000000.0,,7.3,78,,
50217,From Prada to Nada,Comedy,2011.0,2011-01-28,United States of America,93.0,2500000.0,5.0,87,,
27420,Graduation Day,Horror,1981.0,1981-05-01,United States of America,,,5.0,22,,
124029,A Million to Juan,Comedy,1994.0,1994-05-15,United States of America,,1221832.0,4.3,3,,
143883,Den radio,TV Movie,2001.0,2001-03-24,Russia,,,9.0,5,,Leonid Barats
65262,He Knows You're Alone,Horror,1980.0,1980-09-12,United States of America,,,5.3,14,,
28917,Familiar Strangers,Comedy,2008.0,2008-01-01,United States of America,,,6.5,6,,
399173,The Assignment,Action,2016.0,2016-04-27,United States of America,5000000.0,,4.9,74,,
60308,Moneyball,Drama,2011.0,2011-09-22,United States of America,50000000.0,110206216.0,7.0,1409,,
335753,The Amityville Playhouse,Horror,2015.0,2015-06-23,United States,,,3.1,10,,
41863,Sundome,Drama,2007.0,2007-11-20,Japan,,,0.0,0,,
109479,Buddy Boy,Drama,1999.0,1999-09-05,United States,,,6.0,1,,
347465,Κλέφτες,Comedy,2007.0,2007-12-13,el,,,8.0,1,,
354547,Hawa,Drama,2003.0,2003-07-04,United States,,,0.0,0,,
73222,Swooni,,2011.0,2011-08-24,United States,,,0.0,0,,
605,The Matrix Revolutions,Adventure,2003.0,2003-11-05,United States of America,150000000.0,424988211.0,6.4,3155,,
5753,Deadly Prey,Thriller,1987.0,1987-11-02,United States of America,,,5.5,16,,
30265,Chinese Box,Drama,1997.0,1997-09-04,Hong Kong,,,5.8,9,Wayne Wang,Jeremy Irons
9637,Scooby-Doo,Mystery,2002.0,2002-06-14,United States of America,84000000.0,275650703.0,5.4,853,,
272634,The Circle,Drama,2015.0,2015-02-18,Sweden,,,5.5,34,,
405040,Warkop DKI Reborn: Jangkrik Boss! Part 1,Comedy,2016.0,2016-10-08,Indonesia,,,7.0,3,,
7090,Ken Park,Drama,2002.0,2002-08-31,France,1300000.0,447741.0,5.7,136,,
15800,Trekkies,Documentary,1997.0,1997-10-18,United States of America,,,6.3,22,,
20759,The Great White Hype,Comedy,1996.0,1996-05-03,United States of America,,,5.1,29,,
401513,Attraction,Drama,2017.0,2017-01-26,Russia,6277106.0,,6.1,51,,
37420,Timescape,Mystery,1992.0,1992-05-09,United States of America,,,6.4,20,,
2004,Kebab Connection,Action,2004.0,2004-04-21,Germany,,,6.6,20,,
55551,Lumumba,Drama,2000.0,2000-05-13,United States,,,5.5,8,Raoul Peck,Eriq Ebouaney
38543,Ironclad,Romance,2011.0,2011-03-03,United Kingdom,25000000.0,,6.2,231,,
290098,The Handmaiden,Thriller,2016.0,2016-06-01,South Korea,8575000.0,1983204.0,8.1,453,,
330,The Lost World: Jurassic Park,Adventure,1997.0,1997-05-23,United States of America,73000000.0,229074524.0,6.2,2528,,
436340,Félicité,Drama,2017.0,2017-03-29,France,,,6.0,3,,
13249,Seraphim Falls,Western,2006.0,2006-09-13,United States of America,18000000.0,1196307.0,6.4,147,,
228194,The Hundred-Foot Journey,Drama,2014.0,2014-08-06,India,22000000.0,88880821.0,7.3,516,,
291122,Long Gone,,2003.0,2003-01-20,United States,,,0.0,0,,
180935,Please Subscribe,,2013.0,2013-03-23,United States,,,7.4,8,,
22175,The Shortcut,Mystery,2009.0,2009-02-07,United States of America,,,4.6,39,,
10596,Replicant,Action,2001.0,2001-05-11,United States of America,17000000.0,,5.0,93,,
20870,Afonya,Romance,1975.0,1975-10-13,Russia,,,6.9,16,,
15514,I Love You Too,Drama,2001.0,2001-02-15,Netherlands,,,5.0,5,,
16806,Johnny Dangerously,Action,1984.0,1984-12-21,United States of America,,,6.3,67,,
455601,Maria Bamford: Old Baby,Comedy,2017.0,2017-05-02,United States,,,6.4,5,Jessica Yu,Maria Bamford
458310,Hasan Minhaj: Homecoming King,Comedy,2017.0,2017-05-23,United States of America,,,8.1,22,,
32559,Mall Girls,Drama,2009.0,2009-09-25,Poland,,,5.4,7,Katarzyna Roslaniec,
329712,The Measure of a Man,Drama,2015.0,2015-03-16,France,,106498.0,6.2,107,,
271724,Hippocrates,Drama,2014.0,2014-09-03,France,,,6.3,150,,
14765,The Last Deadly Mission,Crime,2007.0,2007-01-01,France,,,6.1,40,,
42122,The Dresser,Drama,1983.0,1983-12-06,United Kingdom,,,6.8,18,Peter Yates,
288421,Making 'Do the Right Thing',Documentary,1989.0,1989-11-03,United States of America,,,0.0,0,,
353257,Earthfall,Action,2015.0,2015-06-22,Canada,,,3.3,15,,
4247,Scary Movie,Comedy,2000.0,2000-07-07,United States of America,19000000.0,278019771.0,6.0,1468,,
275210,The Violent Kind,Thriller,2008.0,2008-01-01,United States of America,,,2.0,1,,
17886,Mutants,Horror,2009.0,2009-05-06,France,,,5.5,22,,
39964,Lost & Found,Comedy,1999.0,1999-04-23,United States of America,1.0,100.0,4.9,26,,
11158,Honey I Blew Up the Kid,Adventure,1992.0,1992-07-16,United States of America,40000000.0,58662452.0,4.8,272,,
1583,Lammbock,Comedy,2001.0,2001-08-23,Germany,,,7.0,66,,
46869,Love on the Side,Romance,2004.0,2004-09-30,United States of America,,,5.7,6,,
30237,Onegin,Drama,1999.0,1999-12-22,United Kingdom,14000000.0,206128.0,5.8,26,,
73835,Il Paramedico,Comedy,1982.0,1982-02-07,Italy,,,5.0,2,,
62691,Midnight Sun,Drama,2006.0,2006-06-17,Japan,,,6.9,9,,
51090,With Love... from the Age of Reason,Comedy,2010.0,2010-07-28,France,8000000.0,,5.1,34,,
2099,Raw Deal,Action,1986.0,1986-06-06,United States of America,8500000.0,16209459.0,5.5,159,,
69903,The Greatest,Drama,1977.0,1977-05-17,United States,,,7.2,6,,
20968,Sarkar,Crime,2005.0,2005-07-01,India,1900000.0,5900000.0,6.9,17,,
125317,The Quarry,Drama,1998.0,1998-09-09,United States,,,2.5,2,Marion Hänsel,John Lynch
16436,North Face,Adventure,2008.0,2008-10-23,Austria,,927704.0,7.4,77,,
1413,M. Butterfly,Drama,1993.0,1993-09-09,United States of America,,1499795.0,6.6,35,,
103012,Lucky,Drama,2011.0,2011-09-11,South Africa,,,8.5,2,,
74714,Diên Biên Phu,Drama,1992.0,1992-03-04,France,30000000.0,,5.4,4,,
24619,Blind Horizon,Drama,2003.0,2003-12-14,United States of America,5000000.0,,5.9,27,,
30723,Cavegirl,Comedy,1985.0,1985-05-01,United States of America,,,4.8,5,,
185574,Louis C.K.: Oh My God,Comedy,2013.0,2013-04-13,United States of America,,,7.7,66,,
231616,Brother's Keeper,Drama,2013.0,2013-04-05,United States,,,4.8,3,,
7088,Christmas in Boston,Comedy,2005.0,2005-12-14,United States of America,,,5.5,14,,
53101,Manborg,Horror,2011.0,2011-09-22,Canada,,,5.0,24,,
50161,Dolphins,Action,2007.0,2007-07-24,United Kingdom,,,4.2,3,,
59201,Kinjite: Forbidden Subjects,Action,1989.0,1989-02-03,United States of America,,,4.4,12,,
345875,The Abandoned,Thriller,2016.0,2016-01-08,United States of America,,,4.1,66,,
29587,Style Wars,Music,1983.0,1983-01-01,United States of America,,,8.1,14,,
37964,Brown Sugar,Comedy,2002.0,2002-10-05,United States,8000000.0,27362712.0,7.0,31,,
63493,The Ledge,Drama,2011.0,2011-05-06,United States of America,10000000.0,610986.0,5.9,103,,
169798,Licks,Drama,2013.0,2013-07-27,United States,,,6.7,3,,
14202,The Painted Veil,Drama,2006.0,2006-12-09,Canada,19400000.0,,7.1,319,,
12660,Charlotte Gray,Drama,2001.0,2001-12-17,Australia,,741394.0,6.1,31,,
39922,The Sinful Dwarf,Crime,1973.0,1973-12-20,Denmark,,,5.8,13,,
228967,The Interview,Action,2014.0,2014-12-25,United States of America,44000000.0,12342632.0,6.1,2340,,
290916,7.2,,2014.0,2014-10-16,United States,,,0.0,0,,
13998,Margot at the Wedding,Comedy,2007.0,2007-08-31,United States of America,10000000.0,,5.9,74,,
10697,The Taste of Others,Drama,2000.0,2000-03-01,France,,,6.6,48,,
21244,Cyclomania,Drama,2001.0,2001-01-01,Finland,1353676.0,,6.5,5,,
444902,Dirty Dancing,Music,2017.0,2017-05-24,United States of America,,,5.3,58,,
295699,Everybody Wants Some!!,Comedy,2016.0,2016-03-30,United States of America,10000000.0,3400278.0,6.3,419,,
20064,Little Boy Blue,Drama,1997.0,1997-06-01,United States of America,,,7.4,3,,
44998,The Dry Land,Drama,2010.0,2010-07-30,United States of America,,12000.0,6.0,1,,
18533,Bronson,Drama,2008.0,2008-10-09,United Kingdom,230000.0,2260712.0,6.9,756,,
17632,The Hunt for Gollum,Action,2009.0,2009-05-04,United Kingdom,5000.0,,6.3,30,,
53435,"A Man, a Woman and a Bank",Action,1979.0,1979-09-28,United States,,,6.3,4,,
206822,No Nukes,Documentary,1980.0,1980-07-18,United States,,,0.0,0,,
64433,Pardon,Comedy,2005.0,2005-03-04,Turkey,,,7.7,6,,
207933,Stonehearst Asylum,Thriller,2014.0,2014-09-11,United States of America,,,6.6,427,,
48289,The Debt,Drama,2010.0,2010-04-11,United States of America,20000000.0,45636368.0,6.2,261,,
64992,Human Lanterns,Action,1982.0,1982-07-14,Hong Kong,,,6.7,5,,
13830,Shottas,Action,2002.0,2002-02-27,Jamaica,200000.0,,7.4,38,,
24453,The Razor's Edge,Drama,1984.0,1984-10-19,United States,,,6.9,16,,
122293,The Philadelphia Experiment,Adventure,2012.0,2012-07-27,Canada,,,4.4,42,,
135990,Shell,Drama,2012.0,2012-11-26,United Kingdom,,,6.4,15,,
236041,En Büyük Şaban,Comedy,1983.0,1983-02-21,United States,,,7.3,3,,
60287,The Thirty Nine Steps,Mystery,1978.0,1978-11-04,United Kingdom,,,7.3,14,,
64850,Mr. Average,Comedy,2006.0,2006-06-21,Belgium,,,7.5,3,,
108586,A Bunny's Tale,,1985.0,1985-02-25,United States,,,5.0,1,,
274669,Century of the Dragon,Thriller,1999.0,1999-10-15,cn,,,8.0,2,,
15473,LD 50 Lethal Dose,Horror,2003.0,2003-02-23,United Kingdom,,,3.0,11,,
29291,Klimt,Drama,2006.0,2006-03-03,Austria,,,5.5,20,,
15373,Role Models,Comedy,2008.0,2008-02-03,United States of America,28000000.0,92380927.0,6.4,575,,
276729,Heaven Adores You,Documentary,2014.0,2014-05-14,United States of America,,,6.8,12,,
9736,Love Me No More,Thriller,2008.0,2008-04-30,France,,,6.8,42,,
61540,The Girl in the Yellow Pajamas,Mystery,1977.0,1977-12-31,Italy,,,6.8,3,,
34592,ZMD: Zombies of Mass Destruction,Horror,2009.0,2009-01-01,United States of America,,,4.7,31,,
318954,Beyond the Mask,Action,2015.0,2015-04-06,United States of America,,1236094.0,5.7,24,,
28509,Komodo vs. Cobra,Horror,2005.0,2005-08-19,United States of America,450000.0,,3.1,12,,
414276,Freaky Ali,Comedy,2016.0,2016-09-09,India,,,7.3,3,,
248417,Patch Town,Music,2014.0,2014-01-04,United States,,,5.9,8,,
23190,Life After People,TV Movie,2008.0,2008-01-21,United States of America,,,6.9,24,,
290672,Detour,Thriller,1998.0,1998-10-05,United States of America,,,0.0,0,,
1279,Samaritan Girl,Drama,2004.0,2004-02-10,South Korea,1000000.0,,6.9,54,,
317954,City of Gold,Documentary,2016.0,2016-03-11,United States,,,5.7,13,,
159701,I Do,Drama,2013.0,2013-05-31,United States of America,,,5.0,5,,
223895,Class Enemy,Drama,2013.0,2013-08-01,Slovenia,,,6.6,16,,
54898,The Green Ray,Drama,1986.0,1986-08-29,France,,,7.4,25,,
13984,Fubar,Comedy,2002.0,2002-05-24,Canada,350000.0,,5.9,16,,
25852,Nothing Like the Holidays,Comedy,2008.0,2008-12-12,United States of America,,,6.5,17,Alfredo De Villa,Elizabeth Peña
10657,Needful Things,Drama,1993.0,1993-08-27,United States of America,,,5.9,136,,
52010,"Ultramarines: A Warhammer 40,000 Movie",Animation,2010.0,2010-12-10,United Kingdom,,,5.2,27,,
329750,(Dis)Honesty: The Truth About Lies,Documentary,2015.0,2015-05-22,United States of America,,,6.8,21,Yael Melamede,
11003,The Wedding Singer,Romance,1998.0,1998-02-13,United States of America,18000000.0,123306987.0,6.5,603,,
267815,The Absent,,2014.0,2014-08-11,United States,,,5.0,1,,
58714,Due partite,Drama,2009.0,2009-01-01,Italy,,,6.6,15,,
187782,Bedevil,Horror,1993.0,1993-09-11,United States,,,5.0,1,Tracey Moffatt,
49396,The Haunted,Horror,1991.0,1991-05-06,United States,,,5.3,10,,
158914,The Look of Love,Comedy,2013.0,2013-04-26,United Kingdom,,,5.2,40,,
5590,Donkey Skin,Music,1970.0,1970-12-20,France,,,7.6,66,,
215928,Around the Block,Drama,2013.0,2013-09-06,Australia,,,5.4,10,,
107985,The World's End,Comedy,2013.0,2013-07-18,United Kingdom,20000000.0,46089287.0,6.7,1820,,
330206,Anti-Social,Crime,2015.0,2015-01-01,Hungary,,,5.2,10,,
159201,Ozzie,,2006.0,2006-09-20,United States,,,5.0,2,,
104376,The Castle,Drama,1994.0,1994-01-01,France,,,5.3,5,,
15283,Pom Poko,Adventure,1994.0,1994-07-16,Japan,,,7.2,177,,
86834,Noah,Drama,2014.0,2014-03-20,United States of America,125000000.0,362637473.0,5.5,2408,,
32249,2000 AD,Action,2000.0,2000-01-01,Hong Kong,,,6.7,9,,
41233,Step Up 3D,Drama,2010.0,2010-08-04,United States of America,30000000.0,159291809.0,6.6,595,,
110909,Things I Never Told You,Comedy,1996.0,1996-10-11,Spain,,,3.3,6,,
136616,The Pursuit of Unhappiness,Comedy,2012.0,2012-11-29,Germany,,,6.7,4,,
28071,Night of the Seagulls,Horror,1975.0,1975-01-01,Spain,,,5.5,8,,
24739,Miracle Mile,Romance,1989.0,1989-05-19,United States of America,3000000.0,1145404.0,7.2,50,,
13526,The Weight of Water,Crime,2000.0,2000-09-25,France,16000000.0,109130.0,5.6,33,,
9650,Hard Luck,Crime,2007.0,2007-08-22,United States of America,,,5.5,21,,
32532,Everything Will Be OK,Animation,2006.0,2006-01-10,United States of America,,,8.2,19,,
163875,Into the Mind,Documentary,2013.0,2013-09-25,United States of America,,,6.9,9,,
17414,Dunston Checks In,Adventure,1996.0,1996-01-12,United States of America,16000000.0,,5.1,59,,
341012,Popstar: Never Stop Never Stopping,Comedy,2016.0,2016-06-03,United States of America,,9496130.0,6.6,348,,
310137,Bound to Vengeance,Thriller,2015.0,2015-06-26,United States of America,,,5.6,110,,
10571,Boys and Girls,Comedy,2000.0,2000-06-16,United States of America,16000000.0,20627372.0,5.4,107,,
63736,Almighty Thor,Action,2011.0,2011-05-07,United States of America,,,2.3,15,,
10360,Hunger,Drama,2008.0,2008-05-15,United Kingdom,,2724474.0,7.2,311,,
74684,"Massaï, les guerriers de la pluie",Adventure,2004.0,2004-12-22,France,,,8.5,2,,
7351,Julia,Drama,2008.0,2008-02-09,France,6000000.0,1300000.0,7.2,23,,
460024,Stasis,Adventure,2017.0,2017-06-02,United States of America,,,4.0,37,,
80973,The Girl from the Naked Eye,Action,2012.0,2012-06-15,United States of America,1100000.0,,4.3,20,,
7978,The Wolfman,Drama,2010.0,2010-02-11,United States of America,150000000.0,,5.5,562,,
12920,Dreamer: Inspired By a True Story,Drama,2005.0,2005-09-10,United States,,,6.4,72,John Gatins,Kurt Russell
8871,How the Grinch Stole Christmas,Family,2000.0,2000-11-17,Germany,123000000.0,345141403.0,6.2,1440,,
150140,Promise,TV Movie,1986.0,1986-12-21,United States of America,,,0.0,0,,
431490,BoJack Horseman Christmas Special: Sabrina's Christmas Wish,Comedy,2014.0,2014-12-19,United States,,,6.6,9,,
57186,Skinning,Action,2010.0,2010-10-06,Serbia,500000.0,198.0,5.9,14,,
56428,Beyond Bedlam,Horror,1994.0,1994-04-22,United Kingdom,4800000.0,,4.0,4,,
81660,The Selling,Comedy,2011.0,2011-04-29,United States,,,5.8,3,,
19154,The Second Arrival,Action,1998.0,1998-11-06,United States,,,3.1,25,,
191476,42 One Dream Rush,Fantasy,2010.0,2010-09-15,United States of America,1000000.0,,7.8,6,,
2594,Monsieur Batignole,Comedy,2002.0,2002-03-06,France,,,7.0,51,,
41994,David Cross: Bigger and Blackerer,Comedy,2010.0,2010-05-25,United States of America,,,6.1,7,Lance Bangs,
18506,Once Upon A Mattress,Comedy,2005.0,2005-12-18,United States of America,,,5.2,8,,
39074,The Bedroom Window,Crime,1987.0,1987-01-16,United States of America,,,6.2,20,,
99254,Casey Jones,Action,2011.0,2011-09-18,United States of America,20000.0,,3.8,4,,
189291,Tirano Banderas,Drama,1993.0,1993-11-04,Cuba,,,0.0,0,José Luis García Sánchez,Gian Maria Volonté
331313,Keeping Up with the Joneses,Action,2016.0,2016-10-20,United States of America,40000000.0,29918745.0,5.9,608,,
9570,The Black Hole,Adventure,1979.0,1979-12-18,United States of America,20000000.0,35841901.0,6.1,132,,
214091,The Last of Robin Hood,Drama,2013.0,2013-09-06,United States of America,,,5.7,23,Richard Glatzer,Dakota Fanning
307318,Stephen Fry Live: More Fool Me,,2014.0,2014-11-01,United States,,,7.0,2,,
84730,"Csocsó, avagy éljen május elseje!",Comedy,2001.0,2001-12-06,Hungary,,,6.0,1,Koltai Róbert,
42153,Céleste,Drama,1981.0,1981-09-18,Germany,,,5.0,1,,
61901,The Prodigies,Science Fiction,2011.0,2011-06-07,Luxembourg,,,5.6,47,,
32338,Every Jack has a Jill,Comedy,2009.0,2009-07-29,Canada,,,5.0,15,,
52449,Bad Teacher,Comedy,2011.0,2011-05-16,United States of America,20000000.0,216197492.0,5.4,1634,,
17106,Numb,Comedy,2007.0,2007-04-30,United States of America,,,5.3,26,,
28170,The Gore Gore Girls,Comedy,1972.0,1972-12-15,United States of America,63500.0,,6.0,17,,
27116,Bluebeard,Mystery,1972.0,1972-09-01,Germany,,,5.7,10,,
33209,WWE: The Rise & Fall of ECW,Documentary,2004.0,2004-11-16,United States,,,7.5,2,Kevin Dunn,
201099,Don't Give a Damn,Action,1995.0,1995-02-17,Hong Kong,,,6.0,2,,
393443,Extremis,Documentary,2016.0,2016-04-17,United States,,,7.3,17,Dan Krauss,
17212,Patrick,Horror,1978.0,1978-10-01,Australia,,,6.1,27,,
258691,A Ring by Spring,Comedy,2014.0,2014-03-08,United States,,,5.4,5,,
15711,The Lost,Horror,2006.0,2006-03-11,United States of America,,,6.1,18,,
11675,Halloween: H20,Horror,1998.0,1998-08-05,United States of America,17000000.0,55041738.0,5.7,306,,
285869,Wet Bum,Drama,2014.0,2014-09-07,Canada,,,0.0,0,,
440047,"Nick Cannon: Stand Up, Don't Shoot",Comedy,2017.0,2017-02-10,United States of America,,,7.0,1,,
171738,Only Daughter,,2013.0,2013-03-02,United States,,,0.0,0,,
377158,United States of Love,Drama,2016.0,2016-07-29,Poland,,,5.5,4,,
374471,Porto,Romance,2017.0,2017-09-14,Poland,,,7.8,5,,
208988,The War,Documentary,2007.0,2007-09-23,United States of America,,,5.3,3,,
20242,Outrageous Fortune,Action,1987.0,1987-01-30,United States of America,,,5.6,32,,
59944,From Me To You,Romance,2010.0,2010-09-25,Japan,,,6.1,20,,
11049,Interstella 5555: The 5tory of the 5ecret 5tar 5ystem,Science Fiction,2003.0,2003-05-18,France,,,7.4,79,,
55741,Sacrifice,Drama,2010.0,2010-12-17,China,10000000.0,,6.2,10,,
106446,Anything You Want,Drama,2010.0,2010-09-10,United States,,,6.5,4,Achero Mañas,
14226,Riding Alone for Thousands of Miles,Drama,2005.0,2005-12-22,China,7500000.0,3752325.0,7.3,21,,
50037,Beyond the Black Rainbow,Fantasy,2010.0,2010-12-03,Canada,1100000.0,,5.7,78,,
14543,The Matrix Revisited,Documentary,2001.0,2001-11-19,United States of America,,,6.7,71,,
169881,The Physician,Adventure,2013.0,2013-12-25,Germany,32000000.0,57284237.0,7.2,365,,
77514,A Friend of the Deceased,Drama,1997.0,1997-09-10,Ukraine,,,5.0,3,,
34015,We Live in Public,Documentary,2009.0,2009-08-28,United States of America,,,7.4,18,Ondi Timoner,
372490,Swept Under,Thriller,2015.0,2015-12-06,Canada,,,4.4,12,,
55912,Twice Upon a Yesterday,Comedy,1998.0,1998-11-27,Spain,,258464.0,5.1,8,,
38099,Hand of Death,Action,1976.0,1976-07-15,Hong Kong,,,6.1,11,,
150657,Merry In-Laws,Comedy,2012.0,2012-12-08,Canada,,,7.0,1,,
139725,Twice Upon a Time,Drama,2012.0,2012-06-13,France,,,6.2,9,,
374617,Imperium,Crime,2016.0,2016-08-19,United States of America,,35000.0,6.3,381,,
250810,Great Communist Bank Robbery,Documentary,2004.0,2004-05-10,United States,,,7.5,1,,
117263,Olympus Has Fallen,Action,2013.0,2013-03-20,United States of America,70000000.0,161025640.0,6.2,3010,,
262514,The Bodyguard,Action,1979.0,1979-01-01,Russia,,,3.5,2,,
254166,Stratos,Crime,2014.0,2014-02-11,Greece,,,5.8,5,,
113947,The Sessions,Drama,2012.0,2012-05-02,United States of America,1000000.0,9138338.0,6.6,183,,
90928,Rhyme & Reason,Documentary,1997.0,1997-03-04,United States of America,,,6.3,8,,
30634,Organize İşler,Comedy,2005.0,2005-12-22,tr,20000.0,,6.2,13,Yılmaz Erdoğan,
72431,Red Tails,Drama,2012.0,2012-01-19,United States of America,58000000.0,50365377.0,5.9,180,,
134693,Heathens and Thieves,Action,2012.0,2012-08-01,United States of America,,,6.0,2,,
1786,Au Revoir les Enfants,Drama,1987.0,1987-10-06,Germany,,,7.5,137,,
67303,Tale About the Cat and the Moon,Animation,1997.0,1997-01-01,Portugal,,,7.0,3,,
194523,Blind Detective,Crime,2013.0,2013-07-04,Hong Kong,,,6.3,38,,
196940,Quartier Mozart,,1992.0,1992-05-26,United States,,,5.0,1,,
11300,Something Wild,Action,1986.0,1986-11-07,United States of America,,8362969.0,6.5,68,,
160265,Koyla,,1997.0,1997-04-06,India,,,6.4,14,,
223195,The Making of a Legend: Gone with the Wind,Documentary,1988.0,1988-10-01,United States of America,,,8.0,1,,
91745,Romeo & Juliet,Drama,2013.0,2013-09-12,United Kingdom,,1162635.0,6.6,175,,
209251,Cannibal,Thriller,2013.0,2013-10-11,Spain,,,5.8,37,,
38789,I Manegen med Glenn Killing: Live från Berns,Comedy,1995.0,1995-09-30,Sweden,,,0.0,0,,
21035,Turkish Delight,Drama,1973.0,1973-02-22,Netherlands,,,7.0,34,,
217414,¿Quién mató a Bambi?,Comedy,2013.0,2013-11-15,Spain,,850259.0,5.7,22,,
430423,Mystère à la Tour Eiffel,Mystery,2015.0,2015-09-11,France,,,7.8,4,,
29388,High Life,Action,2009.0,2009-02-07,Canada,,,6.1,20,,
22797,The Butcher Boy,Comedy,1997.0,1997-07-13,United Kingdom,,,6.7,36,,
333,Bollywood/Hollywood,Comedy,2002.0,2002-01-01,Canada,,,6.1,4,Deepa Mehta,
320588,"Hello, My Name Is Doris",Comedy,2015.0,2015-11-27,United States of America,1000000.0,14444999.0,6.5,156,,
38961,Tamara Drewe,Comedy,2010.0,2010-07-14,United Kingdom,,,5.8,142,,
11008,Major Payne,Adventure,1995.0,1995-03-24,United States of America,,,6.1,164,,
160718,I Spy Returns,TV Movie,1994.0,1994-02-03,United States,,,0.0,0,,Bill Cosby
9813,The Quiet,Drama,2005.0,2005-09-12,United States of America,900000.0,381420.0,6.1,73,,
10413,Nowhere to Run,Action,1993.0,1993-01-15,United States of America,,,5.5,120,,
309028,Midnight Diner,Drama,2014.0,2014-11-10,Japan,,,7.6,10,Joji Matsuoka,
119374,The Forest,Drama,2002.0,2002-11-01,Brazil,,,5.0,2,,
31924,The Morning After,Crime,1986.0,1986-12-25,United States of America,,25147055.0,5.9,22,,
64805,Body to Body,Thriller,2003.0,2003-04-22,France,,,7.0,5,,
49948,Fantasia 2000,Animation,1999.0,1999-12-17,United States of America,80000000.0,90874570.0,7.0,300,,
38319,Your Highness,Comedy,2011.0,2011-04-08,United States of America,49900000.0,26121638.0,5.2,511,,
11228,Daylight,Action,1996.0,1996-12-06,United States of America,80000000.0,159212469.0,5.8,385,,
184323,Daylight,Drama,2013.0,2013-04-10,Netherlands,,,6.9,27,,
143146,Ritual,Horror,2013.0,2013-12-31,United States of America,,,6.1,6,,
68430,Paradise,Drama,1991.0,1991-09-18,United States of America,34000000.0,18634643.0,5.6,13,Mary Agnes Donoghue,Melanie Griffith
21253,Four Days in September,Action,1997.0,1997-05-01,Brazil,,310724.0,7.3,22,,
63899,White Bim Black Ear,Drama,1977.0,1977-09-15,Russia,,,6.9,9,,
44801,Real Men,Action,1987.0,1987-09-25,United States of America,,,6.9,16,,
100205,Baby Snakes,,1979.0,1979-12-21,United States of America,,,8.3,2,Frank Zappa,Frank Zappa
67794,Heat and Dust,Drama,1983.0,1983-01-01,United Kingdom,,,5.9,7,,
4612,Absolon,Action,2003.0,2003-01-01,Canada,,,4.3,24,,
16074,Mountain Patrol,Drama,2004.0,2004-10-01,China,1200000.0,,6.8,12,,
97361,'D',Drama,2005.0,2005-06-03,India,,,5.8,3,,
46169,Twitches Too,Drama,2007.0,2007-10-12,United States of America,,,5.5,51,,
10485,Ghost Dad,Comedy,1990.0,1990-06-29,United States of America,,24707633.0,4.5,51,,
312497,Ascension,Drama,2014.0,2014-12-15,Canada,,,6.3,41,,
359255,The Inhabitants,Thriller,2015.0,2015-10-13,United States of America,,,4.4,14,,
77233,Mr. North,Fantasy,1988.0,1988-07-22,United States,,1221366.0,4.5,3,Danny Huston,Anthony Edwards
1729,The Forbidden Kingdom,Action,2008.0,2008-04-18,China,55000000.0,127906624.0,6.3,476,,
20525,Hana,Action,2006.0,2006-06-02,Japan,,,6.2,13,,
36040,Walkabout,Adventure,1971.0,1971-07-01,Australia,,,7.4,111,,
340487,Certain Women,Drama,2016.0,2016-09-25,United States of America,,1130466.0,6.3,65,,
2292,Clerks,Comedy,1994.0,1994-09-13,United States of America,27000.0,3151130.0,7.4,769,,
80957,Pressed,Crime,2011.0,2011-02-18,Canada,,,4.9,9,,
184098,Think Like a Man Too,Comedy,2014.0,2014-06-20,United States of America,24000000.0,70181428.0,6.3,229,,
27094,Lenny,Drama,1974.0,1974-11-10,United States of America,,,7.2,42,,
35336,Brothers: The Return,Crime,2006.0,2006-03-10,Sweden,,,5.0,2,,
1429,25th Hour,Crime,2002.0,2002-12-16,United States of America,15000000.0,13060843.0,7.2,640,,
259075,Cave of the Sharks,Action,1978.0,1978-06-28,Mexico,,,0.0,0,,
26752,Silent Wedding,Comedy,2009.0,2009-02-18,Romania,,,7.0,15,,
10783,Lucky Numbers,Action,2000.0,2000-10-27,France,65000000.0,,4.9,53,,
621,Grease,Romance,1978.0,1978-07-07,United States of America,6000000.0,181813770.0,7.2,1633,,
176238,Hawking,Documentary,2013.0,2013-03-11,United Kingdom,,,7.9,14,,
230266,Miss Julie,Drama,2014.0,2014-09-07,United Kingdom,5500000.0,5000000.0,5.8,46,,
28574,Caged Women,Action,1982.0,1982-11-10,France,,,4.0,7,,
110501,Seven and a Half,Comedy,2006.0,2006-06-21,Serbia,,,6.5,6,Miroslav Momčilović,
42450,Macon County Line,Drama,1974.0,1974-01-01,United States of America,,,7.6,4,,
75300,The Last Ride,Drama,2012.0,2012-06-22,United States of America,,,5.9,5,,
9940,Cheerleader Massacre,Horror,2003.0,2003-03-25,United States of America,,,3.6,9,,
94336,Dreileben: Beats Being Dead,Drama,2011.0,2011-04-13,Germany,,,9.0,2,Christian Petzold,
4031,Going Places,Drama,1974.0,1974-05-12,France,,,7.1,61,,
202132,50 Children: The Rescue Mission of Mr. and Mrs. Kraus,Documentary,2013.0,2013-04-07,United States,,,0.0,0,,
4836,Layer Cake,Drama,2004.0,2004-09-30,United Kingdom,6500000.0,11850214.0,7.0,565,,
342163,Sin hijos,Romance,2015.0,2015-05-14,Argentina,,,6.8,16,,
47718,I Don't Kiss,Drama,1991.0,1991-11-20,France,,,6.8,5,André Téchiné,
334670,Gayby Baby,Documentary,2015.0,2015-04-29,United States,,,6.0,12,,
419700,Sandy Wexler,Comedy,2017.0,2017-04-14,United States of America,,,5.3,105,,
25377,Paintball,Thriller,2009.0,2009-04-24,Spain,,,3.7,32,,
80048,Rid Of Me,Comedy,2011.0,2011-11-18,United States,,,5.0,6,,
42252,The Missouri Breaks,Drama,1976.0,1976-05-19,United States of America,,,6.2,41,,
321751,A Perfect Day,Comedy,2015.0,2015-08-28,Spain,,1702433.0,6.6,194,,
2204,Alice in the Cities,Drama,1974.0,1974-05-17,Germany,,,7.2,45,,
259910,Marvel Studios: Assembling a Universe,TV Movie,2014.0,2014-03-18,United States of America,,,6.6,44,,
9618,Tango & Cash,Action,1989.0,1989-12-22,United States of America,55000000.0,63408614.0,6.1,468,,
25630,Kurt Cobain: About a Son,Documentary,2006.0,2006-10-03,United States of America,,,7.1,22,,
86154,La Fuga,,2001.0,2001-05-24,United States,,,4.3,4,,
43920,Dog Pound,Drama,2010.0,2010-04-24,Canada,,430041.0,7.5,104,,
30478,Bloody New Year,Horror,1987.0,1987-05-11,United Kingdom,,,6.5,2,,
172782,Dances with Dragon,Romance,1991.0,1991-12-19,Hong Kong,,,6.5,1,Wong Jing,
302688,My Big Fat Greek Wedding 2,Romance,2016.0,2016-03-23,Canada,18000000.0,88923251.0,5.6,328,,
26016,Kathy Griffin: She'll Cut a Bitch,Comedy,2009.0,2009-04-15,United States of America,,,9.0,1,,
40064,To the Devil a Daughter,Horror,1976.0,1976-03-04,Germany,,,6.0,26,,
145711,Naughty or Nice,TV Movie,2012.0,2012-12-24,United States of America,,,6.1,19,,
9944,The Pelican Brief,Drama,1993.0,1993-12-16,United States of America,45000000.0,195268056.0,6.3,377,,
375599,Bad Guys Always Die,Action,2015.0,2015-11-27,Hong Kong,,5000.0,5.3,10,,
53284,Do Dooni Chaar,Drama,2010.0,2010-10-08,India,,,4.0,4,,
11779,Buena Vista Social Club,Documentary,1999.0,1999-02-17,Cuba,,,7.3,76,,
126108,Playing 'In the Company of Men',Drama,2003.0,2003-05-15,France,,,6.5,2,,
242462,The Activist,Thriller,2014.0,2014-03-07,France,,,4.0,2,,
86751,Dying at Grace,Documentary,2003.0,2003-01-01,Canada,,,6.5,2,,
22200,Once Upon a Time in the Midlands,Action,2002.0,2002-09-06,United Kingdom,,,5.9,14,,
40508,3 Ninjas Knuckle Up,Adventure,1995.0,1995-04-07,United States of America,,,4.2,32,Shin Sang-ok,
9666,Ju-on: The Grudge 2,Horror,2003.0,2003-08-15,Japan,,,6.5,73,,
356161,Phantom Boy,Adventure,2015.0,2015-10-14,France,,,7.4,9,,
41889,Sorceress,Action,1982.0,1982-03-01,United States of America,,,4.6,9,,
19103,As You Like It,Comedy,2006.0,2006-01-01,United Kingdom,,,5.5,13,Kenneth Branagh,Bryce Dallas Howard
67941,Max & Co,Animation,2007.0,2007-09-08,United States,,,6.8,2,,
331,Jurassic Park III,Adventure,2001.0,2001-07-18,United States of America,93000000.0,368780809.0,5.7,2109,,
44862,Once Fallen,Drama,2010.0,2010-11-02,United States of America,,,4.0,9,,
47408,Rampo Noir,Fantasy,2005.0,2005-05-11,Japan,,,5.6,8,,
91443,Chronic Town,Drama,2010.0,2010-10-26,United States,,,0.0,0,,
40713,Sky Of Love,Romance,2007.0,2007-11-03,Japan,,44038000.0,7.1,30,,
30427,Glory to the Filmmaker!,Drama,2007.0,2007-06-02,Japan,,,6.2,12,,
181564,Crossing the Last Line,Action,1991.0,1991-07-09,Russia,,,5.3,2,,
8841,The Class,Drama,2008.0,2008-09-24,France,,28814580.0,6.9,179,,
1946,eXistenZ,Action,1999.0,1999-04-14,Canada,15000000.0,2856712.0,6.7,487,,
1444,Junebug,Comedy,2005.0,2005-08-03,United States,,,6.5,66,,
16632,100 Days with Mr. Arrogant,Comedy,2004.0,2004-01-16,South Korea,3200000.0,,6.1,30,,
51000,Mia and the Migoo,Animation,2008.0,2008-09-06,France,,,5.9,7,,
23568,American Virgin,Comedy,2009.0,2009-10-03,United States of America,4000000.0,,4.6,37,,
64942,Mary,Drama,2005.0,2005-11-18,Italy,,,5.1,9,,
279144,"The Death of ""Superman Lives"": What Happened?",Documentary,2015.0,2015-05-01,United States of America,,,6.7,49,,
75134,Sharpe's Honour,History,1994.0,1994-06-08,United Kingdom,,,6.3,13,,
78546,The Antichrist,Drama,1974.0,1974-11-22,Italy,,,5.7,21,,
264098,Superdome,Crime,1978.0,1978-01-09,United States of America,,,0.0,0,,
208478,Destricted,Documentary,2006.0,2006-09-15,United States,,,4.8,12,,
17181,Nanking,Documentary,2007.0,2007-02-10,United States of America,,,7.6,14,,
83552,This Is Not a Film,Documentary,2011.0,2011-09-27,Iran,,,6.9,22,,
39256,Godzilla 1985,Action,1984.0,1984-12-15,United States of America,2000000.0,4100000.0,6.7,34,,
45489,Sukeban Deka The Movie,Thriller,1987.0,1987-02-14,Japan,,,0.0,0,,
171061,Below Sea Level,Documentary,2008.0,2008-08-31,Italy,,,6.5,2,Gianfranco Rosi,Gianfranco Rosi
25218,Live!,Thriller,2007.0,2007-01-01,United States of America,,,5.7,48,,
290762,Miss You Already,Comedy,2015.0,2015-09-12,United Kingdom,,,7.3,232,Catherine Hardwicke,
135800,No Logo: Taking Aim at the Brand Bullies,Documentary,2003.0,2003-07-01,United States,,,0.0,0,,
8046,Gigli,Drama,2003.0,2003-08-01,United States of America,54000000.0,7266209.0,3.5,105,,
38256,Hierro,Mystery,2009.0,2009-09-26,Spain,,,6.1,21,,
294,Desert Hearts,Drama,1985.0,1985-10-01,United States of America,350000.0,2400000.0,6.7,21,,
42469,The Creeping Flesh,Science Fiction,1973.0,1973-02-12,United Kingdom,,,6.0,18,,
245775,Yves Saint Laurent,Drama,2014.0,2014-01-08,France,12000000.0,21026290.0,6.4,270,,
36136,Another Day in Paradise,Thriller,1998.0,1998-12-30,United States of America,,,6.4,38,,
241885,Red Family,Drama,2013.0,2013-11-06,South Korea,,,4.5,3,,
56825,Compagni di scuola,Comedy,1988.0,1988-12-12,Italy,,,6.8,39,Carlo Verdone,
11891,Kung Pow: Enter the Fist,Action,2002.0,2002-01-25,Hong Kong,,,6.0,161,,
44119,Born Killers,Action,2005.0,2005-01-01,United States,,,5.0,5,,
20083,Shinjuku Incident,Drama,2009.0,2009-03-22,Hong Kong,15000000.0,,6.7,68,,
241239,A Most Violent Year,Crime,2014.0,2014-12-30,United Arab Emirates,20000000.0,12007070.0,6.5,550,,
67166,Runaway Brain,Animation,1995.0,1995-08-11,United States,,,5.9,11,,
17898,Silver Bullet,Horror,1985.0,1985-10-10,United States of America,,,6.1,116,Daniel Attias,
29352,Super Stooges vs the Wonder Women,Action,1974.0,1974-04-11,Hong Kong,,,0.0,0,,
158864,American Milkshake,,2013.0,2013-09-06,United States,,,3.8,4,,
20294,Welcome,Drama,2007.0,2007-12-21,India,,36500000.0,6.5,26,,
107250,The Wandering Soul Murders,TV Movie,2001.0,2001-01-09,Canada,,,5.5,4,,
37834,Knight and Day,Action,2010.0,2010-06-15,United States of America,117000000.0,261930431.0,5.9,1583,,
413421,Phillauri,Fantasy,2017.0,2017-03-24,India,,,7.1,11,,
288098,Skies Above the Landscape,Comedy,2006.0,2006-03-15,Bosnia and Herzegovina,,,0.0,0,,
53034,Legend of Lemnear,Animation,1987.0,1987-07-24,Japan,,,4.8,2,,
63536,"Naval Cadets, Charge!",Adventure,1987.0,1987-06-06,Russia,,,6.5,2,,
280901,Shakespeare and Victor Hugo's Intimacies,Documentary,2009.0,2009-11-13,Mexico,,,9.0,2,,
160859,Elena,Documentary,2013.0,2013-04-11,United States of America,,,7.6,10,,
59455,Pour 100 briques t'as plus rien !,Comedy,1982.0,1982-05-12,France,,,5.6,7,Édouard Molinaro,Daniel Auteuil
408620,Asura: The City of Madness,Action,2016.0,2016-09-28,South Korea,,,5.8,12,,
8388,¡Three Amigos!,Comedy,1986.0,1986-12-12,United States of America,25000000.0,,6.3,287,,
161143,Madly Madagascar,Animation,2013.0,2013-01-29,United States of America,,,5.9,39,David Soren,Ben Stiller
92233,Forbidden Photos of a Lady Above Suspicion,Mystery,1970.0,1970-11-19,Italy,,,7.2,9,,
23111,Moscow on the Hudson,Comedy,1984.0,1984-06-04,United States of America,,25100000.0,6.3,52,,
214074,October November,Drama,2013.0,2013-09-05,Austria,,,7.0,3,Götz Spielmann,
73340,Heir To An Execution,Documentary,2004.0,2004-01-01,United States,,,0.0,0,,
14458,Altered,Horror,2006.0,2006-01-01,United States of America,8000000.0,,5.0,61,,
9458,Desperate Measures,Action,1998.0,1998-01-30,United States of America,50000000.0,,5.9,60,,
4251,Veer-Zaara,Drama,2004.0,2004-11-12,India,7000000.0,29385320.0,7.5,67,,
293768,Kidnap,Drama,2017.0,2017-08-04,United Kingdom,21000000.0,24527158.0,6.0,244,,
188640,Shootout at Wadala,,2013.0,2013-05-03,hi,,,6.9,7,,
80701,The Master and Margaret,Drama,1972.0,1972-07-15,Serbia,,,5.8,4,,
65103,Race to Nowhere,Documentary,2009.0,2009-12-31,United States,,,6.0,1,,
27370,Paranormal Entity,Horror,2009.0,2009-12-22,United States of America,,,5.1,31,Shane Van Dyke,Fia Perera
219808,Despiser,,2003.0,2003-04-15,United States,,,5.0,1,,
17494,Unlawful Entry,Crime,1992.0,1992-06-26,Japan,23000000.0,57138719.0,5.8,63,,
279049,Mission Impossible: Samurai,History,2014.0,2014-06-21,Japan,,,6.0,3,,
92469,The Treasure of the Amazon,Thriller,1985.0,1985-05-30,Mexico,,,5.3,2,,
121572,Toad Road,Thriller,2013.0,2013-10-25,United States of America,,,4.7,11,,
15994,Cut Loose,,2008.0,2008-09-17,United States,,,5.0,1,,
71920,LOC: Kargil,,2003.0,2003-12-12,United States,,,5.0,3,,
20558,Scooby-Doo! in Where's My Mummy?,Animation,2005.0,2005-11-24,United States of America,,,6.4,49,,
10942,Babylon 5: The Gathering,Science Fiction,1993.0,1993-02-22,United States of America,,,6.4,57,,
73546,The Captivating Star of Happiness,Drama,1975.0,1975-11-11,Russia,,,5.7,7,,
15048,Beaufort,History,2007.0,2007-02-02,Israel,,,7.0,13,,
264767,Misconception,Documentary,2014.0,2014-04-21,United States of America,,,0.0,0,,
326591,Hollywood between Paranoia and Sci-Fi. The Power of Myth,Documentary,2011.0,2011-05-06,France,118399.0,,0.0,0,,
117530,Hong Kong Confidential,Drama,2010.0,2010-09-16,United States,,,6.0,2,,
114033,...And the Pursuit of Happiness,Documentary,1986.0,1986-01-01,United States of America,,,8.3,3,,
32140,Snowball Express,Comedy,1972.0,1972-01-01,United States of America,,,6.3,8,,
37098,The Last Truck: Closing of a GM Plant,Documentary,2009.0,2009-09-07,United States of America,,,0.0,0,,
39042,Multiple Sarcasms,Drama,2010.0,2010-05-07,United States of America,,,6.3,2,,
45360,Dr. Bronner's Magic Soapbox,Documentary,2007.0,2007-06-29,United States,,18.0,6.0,5,Sara Lamm,
57544,Dying of Laughter,Comedy,1999.0,1999-03-12,Spain,3000000.0,,6.1,18,Álex de la Iglesia,Santiago Segura
5953,The Lady in the Car with Glasses and a Gun,Drama,1970.0,1970-10-22,France,,,2.5,2,,
22451,The Bone Snatcher,Science Fiction,2003.0,2003-12-23,South Africa,,,4.5,12,,
25,Jarhead,Drama,2005.0,2005-11-04,Germany,72000000.0,96889998.0,6.6,776,,
33005,Mimic: Sentinel,Horror,2003.0,2003-04-14,United States of America,,,4.8,36,,
28410,Tuff Turf,Drama,1985.0,1985-01-11,United States of America,,,5.9,24,,
47939,Three Wishes,Drama,1995.0,1995-10-27,United States of America,,7025496.0,6.1,18,,
56142,Conversation Piece,Drama,1974.0,1974-12-10,France,,,7.0,15,,
17771,Sunshine,Drama,1999.0,1999-09-13,Austria,,,6.1,28,,
85822,Free Radicals: A History of Experimental Film,Documentary,2012.0,2012-08-03,United States,,,8.0,2,,
32691,Nouvelle Vague,Drama,1990.0,1990-03-23,Switzerland,,,5.9,7,Jean-Luc Godard,
18935,Ernest Goes to Camp,Comedy,1987.0,1987-05-22,United States of America,3000000.0,23509382.0,5.5,40,,
70575,Children of the Corn: Genesis,Horror,2011.0,2011-08-30,United States of America,,,4.0,30,Joel Soisson,
105371,Girls Rock!,Documentary,2008.0,2008-03-07,United States of America,,,0.0,0,,
37015,Lookin' Italian,Crime,1994.0,1994-01-01,United States of America,,,0.0,0,,
6948,The Woods,Mystery,2006.0,2006-09-25,United Kingdom,,,5.6,63,,
347669,Stranded,Comedy,2015.0,2015-12-31,Spain,,,5.3,14,,
85711,Fuck Up,Drama,2012.0,2012-03-16,Norway,,,5.7,9,,
2166,The Revengers' Comedies,Comedy,1998.0,1998-06-09,France,,,3.8,7,,
80617,Mythbusters Holiday Special,,2006.0,2006-12-06,United States,,,7.5,88,,
418697,Thank You for Your Service,Documentary,2016.0,2016-09-16,United States,,,0.0,0,,
140229,The Girl and Death,Drama,2012.0,2012-11-15,Netherlands,,,5.1,6,,
7012,The Day After,TV Movie,1983.0,1983-11-20,United States of America,,,6.7,97,,
2284,Mr. Magorium's Wonder Emporium,Comedy,2007.0,2007-11-14,Canada,,69474661.0,6.0,365,,
19939,Cape No. 7,Comedy,2008.0,2008-08-22,Taiwan,16000000.0,,6.5,15,,
86549,August,Drama,2011.0,2011-06-09,United States,,,6.3,16,,
46445,Buddy goes West,Comedy,1981.0,1981-05-14,Italy,,,6.1,23,,
376389,Sky Ladder: The Art of Cai Guo-Qiang,Documentary,2016.0,2016-01-21,United States of America,,,8.4,10,,
501,Grizzly Man,Documentary,2005.0,2005-08-12,United States of America,,,7.3,213,,
313,Snow Cake,Romance,2006.0,2006-02-09,Canada,12000000.0,1381665.0,7.3,51,,
352694,Poison Berry in my Brain,Comedy,2015.0,2015-05-09,Japan,,,6.0,1,,
93937,Dangerous Curves,Comedy,1989.0,1989-07-07,United States,,,4.3,2,,
334543,Lion,Drama,2016.0,2016-11-24,Australia,12000000.0,140302754.0,8.0,1699,,
21181,Lucky Miles,Action,2007.0,2007-07-19,Australia,,,5.3,3,,
98566,Teenage Mutant Ninja Turtles,Science Fiction,2014.0,2014-08-07,United States of America,125000000.0,477200000.0,5.8,2677,,
85873,GhostWatcher,Horror,2002.0,2002-10-19,United States of America,,,4.0,3,,
180970,Offset,Drama,2006.0,2006-07-20,Romania,,,0.0,0,,
73065,The Humanoid,Fantasy,1979.0,1979-04-11,Italy,,,5.0,1,,
32047,Prince of the City,Drama,1981.0,1981-08-19,United States of America,,,7.3,40,,
31642,Heaven & Earth,History,1993.0,1993-12-24,France,33000000.0,,6.4,51,,
111396,Adrift,Drama,2009.0,2009-11-13,Vietnam,,,6.2,3,,
44055,LoveDeath,Action,2006.0,2006-02-24,ja,,,7.0,1,Ryûhei Kitamura,
337405,Jim Norton: Contextually Inadequate,Comedy,2015.0,2015-04-24,United States of America,,,7.8,5,,
337876,Gabbar Is Back,Drama,2015.0,2015-05-01,India,11000000.0,41000000.0,7.0,33,,
114,Pretty Woman,Romance,1990.0,1990-03-23,United States of America,14000000.0,463000000.0,7.0,1807,,
103686,Paradise: Love,Drama,2012.0,2012-04-27,Austria,3600000.0,24267.0,6.7,53,,
171910,I Am Divine,Documentary,2013.0,2013-03-09,United States of America,,,7.0,20,,
246,Zatoichi,Adventure,2003.0,2003-09-06,Japan,,,7.3,236,,
282963,Doctor Who: Planet of the Dead,Family,2009.0,2009-07-26,United Kingdom,,,7.3,51,,
429792,Tony Roberts: Motorcity Motormouth,Comedy,2016.0,2016-12-02,United States of America,,,7.0,1,,
399798,Brad Williams: Fun Size,Comedy,2015.0,2015-05-08,United States of America,,,8.5,1,,
46925,Six Pack,Drama,1982.0,1982-07-16,United States of America,,20225989.0,5.8,8,,
73265,Campus Man,Comedy,1987.0,1987-04-10,United States,,989000.0,5.2,3,,
372058,Your Name.,Romance,2016.0,2016-08-26,Japan,,355298270.0,8.5,1030,,
80287,Rent-a-Cop,Comedy,1987.0,1987-11-28,United States of America,,,4.6,9,,
46789,Submarino,Drama,2010.0,2010-09-01,Denmark,,,7.0,44,,
374319,Prinzessin Maleen,Mystery,2015.0,2015-12-25,de,,,6.0,1,,
67988,Curse of the Wolf,Horror,2006.0,2006-01-01,United States of America,,,4.7,3,,
76341,Mad Max: Fury Road,Action,2015.0,2015-05-13,Australia,150000000.0,378858340.0,7.3,9629,,
90967,"When You Comin' Back, Red Ryder?",Drama,1979.0,1979-02-09,United States of America,,,7.5,1,,
53086,Paragraph 78: Film One,Thriller,2007.0,2007-02-21,Russia,,,6.3,12,,
65107,The Elder Son,Drama,1975.0,1975-06-06,Russia,,,5.2,5,,
369665,Trevor Noah: Lost In Translation,Comedy,2015.0,2015-11-22,United States of America,,,8.0,2,,
433054,Legion of Brothers,Documentary,2017.0,2017-01-21,United States of America,,,5.5,2,,
70476,Gracie's Choice,TV Movie,2004.0,2004-01-12,United States,,,6.2,13,Peter Werner,
420245,Don't Knock Twice,Horror,2017.0,2017-02-03,United Kingdom,,,5.3,136,,
43933,Monsters,Drama,2010.0,2010-06-18,United Kingdom,500000.0,4242978.0,6.2,597,,
2169,Manta - Der Film,Comedy,1991.0,1991-09-18,Germany,,,3.9,9,,
411632,End of a Gun,Action,2016.0,2016-09-23,United States of America,7500000.0,,4.8,14,,
341045,Bolshoi Babylon,Documentary,2015.0,2015-01-01,United States,,,3.7,12,,
145689,Atlantic Records: The House That Ahmet Built,,2007.0,2007-05-02,United States,,,7.0,2,,
154786,Wavemakers,Documentary,2013.0,2013-07-06,Canada,,,0.0,0,,
37445,Les Misérables: 10th Anniversary Concert at the Royal Albert Hall,Music,1995.0,1995-10-14,United States,,,8.5,9,,
14726,Espion(s),Drama,2009.0,2009-01-28,France,,,5.9,14,,
47260,Caught,Action,1996.0,1996-01-24,United States of America,,,6.5,5,,
70196,The Veteran,Action,2011.0,2011-04-29,United Kingdom,,,5.8,50,,
38117,Beastly,Drama,2011.0,2011-01-21,United States of America,17000000.0,43165571.0,5.9,878,,
69022,Bipedalism,Drama,2005.0,2005-05-02,Netherlands,,2800.0,2.5,5,,
79374,Blind,Thriller,2011.0,2011-08-10,South Korea,,,7.5,31,,
334461,Comedy Central Roast of Joan Rivers,Comedy,2009.0,2009-08-09,United States of America,,,7.2,6,Joel Gallen,Joan Rivers
288295,Lana Turner... a Daughter's Memoir,Documentary,2001.0,2001-01-01,United States of America,,,9.0,1,,
20472,Saturday the 14th,Comedy,1981.0,1981-10-30,United States of America,,,5.1,15,,
505,Johnny Handsome,Crime,1989.0,1989-09-12,United States of America,20000000.0,7237794.0,6.1,49,,
20726,Little Giants,Comedy,1994.0,1994-10-14,United States of America,,,6.0,87,,
25007,Death of a Dynasty,,2005.0,2005-04-29,United States of America,,42108.0,4.0,2,,
188509,Elway To Marino,Documentary,2013.0,2013-04-23,United States,,,8.3,3,,
45799,Everybody's Fine,Drama,1990.0,1990-05-20,Italy,,,6.4,24,,
203059,John Hodgman: RAGNAROK,Comedy,2013.0,2013-06-19,United States,,,5.8,7,Lance Bangs,Scott Adsit
363676,Sully,Drama,2016.0,2016-09-07,United States of America,60000000.0,238470033.0,7.0,2106,,
18618,Gettin' It,Comedy,2006.0,2006-01-01,United States of America,,,2.0,2,,
4233,Scream 2,Horror,1997.0,1997-12-09,United States of America,24000000.0,172363301.0,6.1,856,,
13697,Grand Canyon,Drama,1991.0,1991-12-25,United States of America,,,6.8,51,,
10030,Good Luck Chuck,Comedy,2007.0,2007-09-21,Canada,25000000.0,59192128.0,5.6,454,,
314555,Melody,Drama,2014.0,2014-08-23,France,,,7.5,3,,
172785,Expecting,Comedy,2013.0,2013-12-06,United States of America,,,4.9,21,,
60859,The Confession,Drama,1970.0,1970-04-29,France,,,7.3,21,,
172545,Alive and Kicking,Comedy,1996.0,1996-11-08,United Kingdom,,,0.0,1,,
26255,Love Potion No. 9,Comedy,1992.0,1992-11-13,United States of America,,754935.0,5.4,67,,
131475,Cold Blooded,Thriller,2012.0,2012-07-31,Canada,,,5.1,8,,
361138,Urban Family,,2015.0,2015-08-07,Finland,,,6.7,3,,
134371,Atlas Shrugged Part II,Drama,2012.0,2012-10-12,United States of America,,,5.4,41,,
349028,The Interior,Thriller,2015.0,2015-07-27,Canada,,,4.7,3,,
238997,Louis Theroux: America's Most Dangerous Pets,Documentary,2011.0,2011-10-29,United States,,,7.8,5,,
19336,Godzilla vs. Gigan,Foreign,1972.0,1972-03-12,Japan,,,5.6,27,,
27576,Salt,Action,2010.0,2010-07-21,United States of America,110000000.0,293329073.0,6.2,2125,,
86467,Bel Ami,Romance,2012.0,2012-03-09,Italy,9000000.0,8303261.0,5.0,155,,
28148,Ninja III: The Domination,Horror,1984.0,1984-09-14,United States of America,,,5.9,18,,
12791,End of the Line,Horror,2007.0,2007-10-14,Canada,,,5.4,33,,
369406,Nowhere Boys: The Book of Shadows,Science Fiction,2016.0,2016-01-01,Australia,,,5.4,10,,
129269,Into the Universe with Stephen Hawking,Documentary,2010.0,2010-04-24,United Kingdom,,,7.7,28,,
109912,The Little Kidnappers,TV Movie,1990.0,1990-08-17,Canada,,,5.0,2,,
364153,Zombie Ninjas vs Black Ops,Action,2015.0,2015-10-10,Australia,,,0.0,0,,
26514,Where the Red Fern Grows,Drama,1974.0,1974-06-21,United States of America,,,6.7,24,,
392011,Kedi,Documentary,2017.0,2017-02-10,Turkey,,,7.4,21,,
50008,RKO 281,History,1999.0,1999-11-20,United States of America,,,6.3,14,,
1665,Last Days,Drama,2005.0,2005-05-13,United States of America,,1928985.0,5.3,95,,
28943,Shiner,Drama,2000.0,2000-09-22,United Kingdom,,,5.1,10,,
84170,Five Broken Cameras,War,2011.0,2011-11-23,Israel,,,7.8,29,,
8944,What Just Happened,Comedy,2008.0,2008-10-17,United States of America,25000000.0,6673422.0,5.2,128,,
41203,Neighbor,Horror,2009.0,2009-07-28,United States of America,,,5.4,7,,
29845,A Woman Under the Influence,Romance,1974.0,1974-09-19,United States of America,,,7.8,87,,
282983,Magical Girl,Drama,2014.0,2014-09-07,Spain,,,7.6,47,Carlos Vermut,Bárbara Lennie
80961,Çöpçüler Kralı,,1977.0,1977-08-09,Turkey,,,8.0,7,,
341201,Great Transport,War,1983.0,1983-07-04,Serbia,,,10.0,2,,
57212,War Horse,Drama,2011.0,2011-12-25,United States of America,66000000.0,177584879.0,7.0,1016,,
38138,A Fork in the Road,Comedy,2010.0,2010-04-20,United States of America,,,6.2,12,,
360592,The Dust Storm,Romance,2016.0,2016-12-13,United States of America,,,6.0,3,,
89068,Deep Core,Action,2000.0,2000-10-21,United States of America,,,3.3,6,,
64694,"No eres tú, soy yo",Drama,2010.0,2010-08-27,Mexico,,,5.8,13,,
355066,Bad Cat,Comedy,2016.0,2016-02-05,Turkey,,,7.1,12,,
97284,Film Ist.,,1998.0,1998-01-01,United States,,,0.0,0,,
78387,Heber Holiday,Comedy,2007.0,2007-09-15,United States of America,500000.0,,5.2,3,,
4641,Read It and Weep,Comedy,2006.0,2006-07-21,United States of America,,,5.3,44,,
612,Munich,Drama,2005.0,2005-12-22,Canada,70000000.0,130358911.0,7.0,706,,
105885,eCupid,Romance,2011.0,2011-06-23,United States,,,5.1,20,,
70912,The Advocate,Drama,1993.0,1993-09-25,United States,,667.0,5.8,8,,
43974,The Silence,Drama,1998.0,1998-09-06,Iran,,,6.3,5,,
149232,The Pardon,Crime,2013.0,2013-03-22,United States of America,5000000.0,,5.0,3,,
105398,Death Steps in the Dark,Comedy,1977.0,1977-02-17,Greece,,,5.0,5,,
39510,Blood Tea and Red String,Animation,2006.0,2006-10-04,United States,,,7.7,6,,
12569,Extract,Comedy,2009.0,2009-09-03,United States of America,8000000.0,10848783.0,5.7,192,,
253256,The Heart Machine,Drama,2014.0,2014-10-24,United States of America,,,5.5,10,,
37724,Skyfall,Action,2012.0,2012-10-25,United Kingdom,200000000.0,1108561013.0,6.9,7718,,
33501,The Moment After,Science Fiction,1999.0,1999-07-04,United States of America,,,4.5,4,,
47762,Scenes from a Mall,Comedy,1991.0,1991-02-22,United States of America,3000000.0,9563393.0,4.8,22,,
408270,Wet Woman in the Wind,Thriller,2016.0,2016-08-05,Japan,,,0.0,0,,
72841,Last Call at the Oasis,Documentary,2011.0,2011-09-09,United States,,,7.0,2,,
36301,The Tangerine Bear: Home in Time for Christmas!,Animation,2000.0,2000-01-01,United States of America,,,6.1,8,,
103713,Eminem AKA,Documentary,2004.0,2004-12-07,United States,,,5.8,3,,
19596,Electric Dreams,Music,1984.0,1984-07-20,United Kingdom,,,6.4,37,,
74135,Gantz: Perfect Answer,Action,2011.0,2011-04-23,Japan,,,6.6,50,,
108497,Autumn Tale,,2000.0,2000-09-18,tr,,,6.0,1,,
37866,The Polar Bear King,Adventure,1991.0,1991-11-28,Germany,,,5.8,9,,
42296,Catfish,Documentary,2010.0,2010-09-17,United States of America,30000.0,3045943.0,6.5,201,Henry Joost,
23998,"It's Christmastime Again, Charlie Brown",Animation,1992.0,1992-11-27,United States,,,5.9,10,,
268245,1000 To 1,Drama,2014.0,2014-03-04,United States of America,,,6.0,14,,
19429,Absence of Malice,Drama,1981.0,1981-12-18,United States of America,12000000.0,40716963.0,6.8,42,,
14533,Gia,Drama,1998.0,1998-01-31,United States of America,,,6.7,156,,
351964,The Escort,Drama,2015.0,2015-06-15,United States of America,,,6.0,117,,
402877,Lifeline,Thriller,2016.0,2016-05-06,United States,,,0.0,0,,
45006,Interceptor,Action,1992.0,1992-10-13,United States of America,,,5.6,5,,
37609,The Cheetah Girls 2,Comedy,2006.0,2006-07-31,United States of America,,,5.4,78,,
143983,"Me, a Groupie",Music,1970.0,1970-11-26,Switzerland,,,5.3,4,,
186279,The Battle of Amfar,Documentary,2013.0,2013-01-18,United States,,,5.0,1,,
204922,Before I Go to Sleep,Mystery,2014.0,2014-09-03,France,22000000.0,15447154.0,6.2,672,,
363579,The Age of Shadows,Action,2016.0,2016-09-07,South Korea,8620000.0,,7.7,34,,
2355,Reign Over Me,Drama,2007.0,2007-03-23,United States of America,20000000.0,22222308.0,7.1,340,,
22707,Amandla! A Revolution in Four-Part Harmony,Documentary,2002.0,2002-09-21,United States,,405331.0,8.0,3,,
71825,Mistress,Comedy,1992.0,1992-07-24,United States of America,,1102469.0,5.7,10,,
133448,Macbeth,Drama,2010.0,2010-10-06,United Kingdom,,,6.9,9,Rupert Goold,
81189,Love Letters of a Portuguese Nun,Adventure,1977.0,1977-03-10,Germany,,,6.5,7,,
35451,Love on Sunday,Drama,2006.0,2006-07-22,Japan,,,7.0,1,,
42528,Long Live Death,Drama,1971.0,1971-01-01,France,,,6.1,8,,
9098,Regular Guys,Comedy,1996.0,1996-05-30,Germany,,,5.2,9,,
375366,The Girl with All the Gifts,Drama,2016.0,2016-09-23,United Kingdom,5005600.0,,6.4,453,,
290,Barton Fink,Comedy,1991.0,1991-08-01,United Kingdom,9000000.0,6153939.0,7.4,450,,
117023,Sharkman,Horror,2001.0,2001-01-01,United States,,,2.0,1,,
109176,The Jungle Book: Mowgli's Story,,1998.0,1998-01-01,United States,,,6.2,6,,
13927,Tin Toy,Animation,1988.0,1988-08-01,United States of America,,,6.3,95,John Lasseter,
300155,A Royal Night Out,Thriller,2015.0,2015-05-14,United Kingdom,,228136.0,6.3,84,,
77451,The Things of Love,Drama,1989.0,1989-01-01,Spain,,,6.8,5,,
54229,Cold Trail,Drama,2006.0,2006-12-29,Iceland,,,6.0,1,,
349498,Flying Colors,Comedy,2015.0,2015-05-01,Japan,,,7.4,25,,
406429,League of Gods,Action,2016.0,2016-07-28,China,38000000.0,,5.0,14,,
268666,Hafu,Documentary,2013.0,2013-04-05,United States of America,,,0.0,0,,
40373,Waiting for Godot,Drama,2001.0,2001-01-01,United States,,,7.8,8,,
174352,Let the Fire Burn,Documentary,2013.0,2013-10-02,United States,,,7.3,6,,
124834,Mondo,Drama,1995.0,1995-06-01,France,,,7.0,3,Tony Gatlif,
11830,Tampopo,Comedy,1985.0,1985-11-23,Japan,,,7.9,57,,
73981,Ayurveda: Art of Being,Documentary,2001.0,2001-09-20,India,300000.0,2074000.0,5.5,3,,
25379,The Blue Butterfly,Adventure,2004.0,2004-02-20,Canada,,,6.8,6,Léa Pool,Marc Donato
97805,Wirey Spindell,,2000.0,2000-01-21,United States,,,5.5,2,Eric Schaeffer,Eric Schaeffer
200727,"Love, Rosie",Comedy,2014.0,2014-10-16,United Kingdom,,4439431.0,7.7,1660,,
250114,Nick Offerman: American Ham,Comedy,2014.0,2014-01-23,United States of America,,,6.8,15,Jordan Vogt-Roberts,Nick Offerman
13013,Son of Dracula,Comedy,1974.0,1974-04-12,United Kingdom,,,2.2,3,Freddie Francis,
49991,The Devil At Your Heels,Documentary,1981.0,1981-03-13,United States,300000.0,,5.3,2,,
133704,"George Lopez: It's Not Me, It's You",Comedy,2012.0,2012-07-24,United States of America,,,6.3,2,,
174350,The Genius of Marian,Documentary,2013.0,2013-04-18,United States,,,0.0,0,,
70160,The Hunger Games,Science Fiction,2012.0,2012-03-12,United States of America,75000000.0,691210692.0,6.9,9634,,
246655,X-Men: Apocalypse,Science Fiction,2016.0,2016-05-18,United States of America,178000000.0,543934787.0,6.4,4831,,
250902,The Image Revolution,Documentary,2013.0,2013-11-21,United States of America,50000.0,,5.7,3,,
93685,Swingers,Romance,2002.0,2002-10-01,Netherlands,,,6.3,6,,
157016,Our Nixon,Documentary,2013.0,2013-01-23,United States of America,,,6.6,9,,
44857,Molly,Drama,1999.0,1999-10-22,United States of America,,,5.5,14,,
14566,Feed,Mystery,2005.0,2005-05-11,Australia,,,5.7,38,,
9920,Ultraviolet,Science Fiction,2006.0,2006-03-03,United States of America,30000000.0,31070211.0,4.8,468,,
28698,Everything,Drama,2004.0,2004-10-08,United Kingdom,,,4.8,5,,
85184,Nightmares,Horror,1980.0,1980-10-30,Australia,,,5.0,3,,
53150,C.H.U.D. II: Bud the Chud,Horror,1989.0,1989-05-05,United States of America,,,3.5,25,,
43649,The New Comics,Comedy,1994.0,1994-01-01,Italy,,,5.0,32,,
674,Harry Potter and the Goblet of Fire,Adventure,2005.0,2005-11-05,United Kingdom,150000000.0,895921036.0,7.5,5758,,
140750,ThanksKilling 3,Comedy,2012.0,2012-11-13,United States of America,100000.0,,2.8,6,,
33516,Gothic,Drama,1986.0,1986-11-30,United Kingdom,,,5.8,33,,
123075,The Bad Seed,Drama,1985.0,1985-02-07,United States,,,6.7,3,,
913,The Thomas Crown Affair,Drama,1999.0,1999-08-06,United States of America,48000000.0,124305181.0,6.7,349,,
40056,Prom Queen: The Marc Hall Story,Comedy,2004.0,2004-06-01,United States,,,5.6,5,,
17914,Safe Sex,Comedy,1999.0,1999-10-22,Greece,,,7.1,7,,
12537,The French Lieutenant's Woman,Drama,1981.0,1981-08-28,United Kingdom,,2689068.0,6.7,46,,
39194,Rhinoceros,Comedy,1974.0,1974-01-21,United States,,,7.5,2,,
364833,The End of a Great Era,Comedy,2015.0,2015-10-01,Russia,,,6.0,3,,
285020,"Christmas, Again",,2014.0,2014-08-13,United States,,,6.5,11,Charles Poekel,Kentucker Audley
22597,The Broken Hearts Club: A Romantic Comedy,Comedy,2000.0,2000-02-01,United States of America,1000000.0,1744858.0,6.3,26,,
18595,Garage,Comedy,2007.0,2007-10-05,Ireland,,,6.5,14,,
24331,Scanners II: The New Order,Horror,1991.0,1991-06-28,Canada,,14225876.0,4.6,22,,
19065,Pure Luck,Comedy,1991.0,1991-08-09,United States of America,17010000.0,24941969.0,5.5,32,,
59050,The Voice of the Moon,Adventure,1990.0,1990-01-01,Italy,,,6.7,10,,
159538,The Strange Case of Alice Cooper,Music,1979.0,1979-04-09,United States,,,6.8,3,,Alice Cooper
53947,The Murder of Fred Hampton,Documentary,1971.0,1971-01-01,United States of America,,,7.5,2,,
82313,Shoot First And Pray You Live,Adventure,2008.0,2008-12-04,United States of America,,,6.0,1,,
26987,Christmas Do-Over,Comedy,2006.0,2006-12-16,United States of America,,,5.5,8,,
355389,This Changes Everything,Documentary,2015.0,2015-09-10,United States of America,,,6.0,2,,
80427,Platform,Drama,2000.0,2000-09-04,China,,,6.8,18,,
28527,The Polish Bride,Drama,1998.0,1998-03-26,Netherlands,,,6.8,4,,
68184,Cougar Hunting,Comedy,2011.0,2011-04-22,United States of America,5500000.0,,2.6,10,,
86004,Talaash,Crime,2012.0,2012-11-30,India,8510000.0,,6.7,58,,
2894,The Lady and the Duke,War,2001.0,2001-09-07,France,,,6.0,4,,
2021,Jack & Sarah,Comedy,1995.0,1995-06-02,France,,218626.0,5.1,10,,
116988,Cadena perpetua,Crime,1979.0,1979-08-09,Mexico,,,7.3,6,,
182827,The Great Passage,Drama,2013.0,2013-04-04,Japan,,,7.6,12,,
77280,"Mercredi, folle journée !",Drama,2001.0,2001-03-28,France,,,6.5,2,Pascal Thomas,
57953,Project Grizzly,Documentary,1997.0,1997-10-03,Canada,,,5.6,6,,
318044,"What Happened, Miss Simone?",Documentary,2015.0,2015-01-22,United States of America,,,7.7,111,,
36971,Whisky,Comedy,2004.0,2004-08-06,Spain,,,5.5,14,,
265432,Hunger auf Leben,Drama,2004.0,2004-06-18,Germany,,,0.0,0,,
246133,Entertainment,Drama,2015.0,2015-08-11,United States of America,,,5.2,21,,
28282,Waterborne,Action,2005.0,2005-03-13,United States of America,,,5.5,4,,
38575,The Karate Kid,Action,2010.0,2010-06-10,China,40000000.0,357852395.0,6.2,1675,,
69061,Dr. Otto and the Riddle of the Gloom Beam,Comedy,1986.0,1986-04-09,United States,,,6.0,3,,
18274,Frogs,Horror,1972.0,1972-03-10,United States of America,,,4.1,30,,
15511,VeggieTales: The Pirates Who Don't Do Anything,Adventure,2008.0,2008-01-11,United States of America,,,5.9,25,,
19575,Bob Funk,Comedy,2009.0,2009-03-20,United States of America,,,5.0,6,,
57124,Swastika,Documentary,1974.0,1974-09-01,United States,,,5.2,3,,
1701,Con Air,Action,1997.0,1997-06-01,United States of America,75000000.0,224012234.0,6.5,1289,,
5063,The Passerby,Drama,1982.0,1982-04-14,France,,,5.3,5,,
229559,The Unexpected Love,Comedy,2014.0,2014-04-25,Spain,,,6.3,22,Jorge Torregrossa,Javier Cámara
205005,Fred & Vinnie,,2011.0,2011-01-01,United States,,,0.0,0,,
77,Memento,Mystery,2000.0,2000-10-11,United States of America,9000000.0,39723096.0,8.1,4168,,
11330,Pusher III: I'm the Angel of Death,Action,2005.0,2005-08-22,Denmark,,,7.1,65,,
71134,Innocent Lies,Drama,1995.0,1995-06-30,France,,,6.2,3,,
272525,Henry Kissinger: Secrets of a Superpower,Documentary,2008.0,2008-10-15,Germany,,,0.0,0,,Henry Kissinger
52212,Miranda,Comedy,1985.0,1985-10-15,Italy,,,5.3,15,,
51505,The Christmas Hope,Family,2009.0,2009-12-13,United States of America,,,6.7,6,,
24050,The Good Life,Drama,2007.0,2007-01-18,United States of America,,,6.9,13,,
115306,Ricky Rapper,Comedy,2008.0,2008-02-14,Finland,,,6.3,2,,
408220,Justice League Dark,Action,2017.0,2017-01-24,United States of America,,,7.0,171,,
152625,Akkare Akkare Akkare,Comedy,1990.0,1990-01-01,India,,,7.3,4,,
82968,Blood of My Blood,Drama,2011.0,2011-09-27,Portugal,,,6.8,10,,
46993,Madame Satã,Drama,2002.0,2002-01-01,Brazil,,,5.6,9,,
8277,American Pie Presents: Beta House,Comedy,2007.0,2007-12-10,United States of America,,,5.4,480,,
334679,All Work All Play: The Pursuit of eSports Glory Live,Documentary,2015.0,2015-04-20,United States,,,5.9,9,Patrick Creadon,
369605,Sky Line,Documentary,2015.0,2015-11-20,United States of America,,,6.0,1,,
116167,56 Up,Documentary,2012.0,2012-05-14,United States,,,7.5,12,,
214910,Hwayi: A Monster Boy,Action,2013.0,2013-10-09,South Korea,,,7.4,44,,
58487,La stratégie de l'échec,Comedy,2000.0,2000-01-28,France,,,6.3,9,Dominique Farrugia,
86594,In Search of Ancient Astronauts,Documentary,1973.0,1973-01-05,United States,,,10.0,1,Harald Reinl,Rod Serling
300600,RISE,Crime,2014.0,2014-11-06,Australia,446000.0,,5.0,3,,
413782,Mifune: The Last Samurai,Documentary,2016.0,2016-11-25,Japan,,,7.6,5,,
131194,Eagle's Wing,Western,1979.0,1979-11-23,United Kingdom,,,5.0,5,,
328692,Ventoux,Drama,2015.0,2015-05-14,Netherlands,,,5.8,4,,
121929,Thursday Till Sunday,Drama,2012.0,2012-01-28,Chile,,,7.0,5,,
409160,iGirl,Romance,2016.0,2016-07-07,cn,,,0.0,0,,
300816,Mama's Dirty Girls,Thriller,1974.0,1974-08-17,United States of America,,,0.0,0,,
255940,In Order Not to Be Here,,2003.0,2003-01-01,United States,,,8.0,1,,
24060,Darfur Now,Crime,2007.0,2007-09-09,United States of America,,,5.3,3,,
201,Star Trek: Nemesis,Science Fiction,2002.0,2002-12-13,United States of America,60000000.0,67312826.0,6.1,488,,
20641,Love's Enduring Promise,TV Movie,2004.0,2004-11-20,United States,,,6.8,14,Michael Landon Jr.,January Jones
1624,Liar Liar,Comedy,1997.0,1997-03-21,United States of America,45000000.0,302710615.0,6.4,1456,,
18927,Stander,Action,2003.0,2003-01-01,Canada,,31651.0,6.1,27,,
25373,A Cry in the Wild,Drama,1990.0,1990-06-01,United States,,1.0,6.7,6,,
10429,Takedown,Action,2000.0,2000-03-15,United States of America,,,6.3,56,,
49522,Nativity!,Comedy,2009.0,2009-11-27,United Kingdom,,,6.2,46,Debbie Isitt,
447758,Carnage: Swallowing the Past,Science Fiction,2017.0,2017-03-19,United Kingdom,,,8.3,3,,
83284,Dennis,,2007.0,2007-08-23,United States,,,6.1,12,,
88905,Monster Island,Horror,2004.0,2004-03-07,United States of America,,,4.0,6,,
40507,Original Gangstas,Action,1996.0,1996-05-10,United States of America,4800000.0,3014000.0,5.5,5,,
172847,Scenic Route,Drama,2013.0,2013-08-23,United States of America,,,6.2,82,,
117266,Craigslist Joe,Adventure,2012.0,2012-08-02,United States of America,,,6.3,31,,
105083,Il tuo dolce corpo da uccidere,Horror,1970.0,1970-06-27,Italy,,,7.5,2,,
50530,The New Year's Rate Plan,Romance,2008.0,2008-12-04,Russia,3200000.0,3877492.0,5.6,8,,
55853,Gang of Four,Adventure,1989.0,1989-02-08,France,,,6.5,2,,
6028,The Mirror Crack'd,Crime,1980.0,1980-09-19,United Kingdom,,11000000.0,6.0,43,,
52943,The Phone Box,Horror,1972.0,1972-12-13,Spain,,,6.7,23,Antonio Mercero,
45408,The Protector,Action,1985.0,1985-07-11,Hong Kong,,,5.7,34,,
274985,How Hitler Lost the War,Documentary,1989.0,1989-01-01,United States,,,0.0,0,,
26750,Fall of the Republic: The Presidency of Barack H. Obama,Documentary,2009.0,2009-10-21,United States of America,200000.0,,6.4,7,Alex Jones,Alex Jones
3423,The Things of Life,Drama,1970.0,1970-03-13,Switzerland,,,6.9,21,,
31059,Nasha Russia: Yaytsa sudby,,2010.0,2010-01-21,Russia,2000000.0,22212223.0,4.6,15,,
108639,Blush,Drama,2005.0,2005-12-07,France,,,4.0,1,,
41834,Journey of Hope,Drama,1990.0,1990-08-01,France,,,7.7,3,,
366502,The Tip of the Iceberg,Mystery,2016.0,2016-11-03,Spain,,,5.8,11,,
291675,Gabriela,,2001.0,2001-02-14,United States,,,0.0,0,,
18394,Essex Boys,Crime,2000.0,2000-07-14,United Kingdom,,,5.7,30,Terry Winsor,
50670,Sir Henry at Rawlinson End,Comedy,1980.0,1980-11-07,United Kingdom,,,5.8,3,,
337104,Chronic,Drama,2015.0,2015-10-21,France,,,5.3,16,,
7520,Cocktail,Drama,1988.0,1988-07-29,United States of America,20000000.0,171504781.0,5.7,330,,
11496,They Call Me Renegade,Action,1987.0,1987-10-30,Italy,,,5.9,39,,
16149,The Great Rock 'n' Roll Swindle,Comedy,1980.0,1980-09-11,United Kingdom,,,6.7,9,,
40480,Bad Company,Action,1995.0,1995-01-20,United States of America,,,4.9,12,,
46567,"It Can Be Done, Amigo",Comedy,1972.0,1972-03-31,Italy,,,5.3,12,,
394822,London Town,Drama,2017.0,2017-08-03,Germany,,,6.3,16,,
26422,The Pillow Book,Drama,1996.0,1996-05-12,France,,,6.9,41,,
176570,Shadow People,Thriller,2013.0,2013-03-17,United States of America,,,5.0,44,,
41617,In Search of Mozart,Documentary,2006.0,2006-01-04,United States,,,4.7,3,,
47975,The Spaghetti West,Documentary,2005.0,2005-01-01,United States,,,6.5,2,,
140966,Pirates of the 20th Century,Adventure,1980.0,1980-07-14,Russia,,,6.7,3,,
73646,I Accuse,Thriller,2003.0,2003-11-30,Canada,,,5.3,5,,
1803,Angel,Action,1984.0,1984-04-19,United States of America,3000000.0,,5.9,17,,
55470,One Missed Call 3: Final,Horror,2006.0,2006-06-24,Japan,,,4.9,20,,
11406,Goldene Zeiten,Comedy,2006.0,2006-06-26,Germany,,,4.7,5,,
340255,Welcome to Happiness,Fantasy,2015.0,2015-04-27,United States of America,,,4.5,3,,
46059,The Hot Rock,Crime,1972.0,1972-01-26,United States of America,,,6.7,27,,
24092,2LDK,Comedy,2003.0,2003-10-04,Japan,,,7.1,18,,
96108,See What I'm Saying: The Deaf Entertainers Documentary,Documentary,2010.0,2010-03-19,United States,,,4.0,2,,
9301,The Princess and the Warrior,Romance,2000.0,2000-10-12,Germany,,,7.1,33,,
145593,Kyle Kinane: Whiskey Icarus,Comedy,2012.0,2012-11-24,United States,,,9.0,2,,
248424,"Papita, Maní, Tostón",Comedy,2013.0,2013-12-20,Venezuela,,,8.3,6,,
42257,Hester Street,Drama,1975.0,1975-10-19,United States of America,,,5.6,7,,
343,Harold and Maude,Comedy,1971.0,1971-12-20,United States of America,1200000.0,,7.7,266,,
158150,How to Fall in Love,Comedy,2012.0,2012-07-21,United States of America,4000000.0,,5.2,20,,
222454,3 Hati Dua Dunia Satu Cinta,,2010.0,2010-07-01,United States,,,0.0,0,,
20377,The Brave Little Toaster Goes to Mars,Animation,1998.0,1998-05-19,United States,,,5.8,12,,
15803,Multi-Facial,Drama,1995.0,1995-01-01,United States of America,3000.0,,5.9,7,,
70027,The Wrecking Crew,Music,2008.0,2008-03-11,United States of America,,,7.3,26,,
12807,Looking for Cheyenne,Romance,2005.0,2005-04-01,France,,,6.2,3,,
110428,Camille Claudel 1915,Drama,2013.0,2013-03-13,France,3512454.0,115860.0,7.0,20,,
116,Match Point,Drama,2005.0,2005-10-26,Ireland,15000000.0,85306374.0,7.2,1134,,
182228,100 Degrees Below Zero,Action,2013.0,2013-03-29,United States of America,500000.0,,3.6,23,,
9326,Romancing the Stone,Action,1984.0,1984-03-30,Mexico,10000000.0,86572238.0,6.6,477,,
2671,Ringu,Horror,1998.0,1998-01-31,Japan,1200000.0,8690429.0,6.9,310,,
344854,The Pack,Thriller,2015.0,2015-08-05,Australia,,,5.2,38,,
420511,Ice Girls,,2016.0,2016-03-11,Canada,,,4.0,3,,
39772,Little Crumb,Drama,1999.0,1999-12-22,Netherlands,,,7.6,4,,
38636,Dancing Outlaw II: Jesco Goes to Hollywood,Documentary,1999.0,1999-01-01,United States of America,,,4.3,2,,
284284,The Keeping Room,Drama,2014.0,2014-09-25,United States of America,,,5.2,70,,
35125,Taxi Zum Klo,Drama,1980.0,1980-11-01,Germany,,,6.7,11,,
211755,Hunter × Hunter: Phantom Rouge,Animation,2013.0,2013-01-12,Japan,,,6.7,29,,
70387,A Man Called Sledge,Western,1970.0,1970-11-14,Italy,,,6.5,11,,
28997,Jean Charles,Drama,2009.0,2009-06-26,Brazil,,,6.2,18,,
86522,Louis Theroux: The Ultra Zionists,Documentary,2011.0,2011-02-03,United States,,,6.3,10,,
326013,I Remember You,,1986.0,1986-09-08,ru,,,3.0,2,,
64264,Gloss,Comedy,2007.0,2007-08-23,Russia,2500000.0,4684165.0,3.6,6,Andrei Konchalovsky,Yuliya Vysotskaya
14105,Already Dead,Action,2007.0,2007-12-11,United States of America,,,4.4,6,,
44373,New Best Friend,Drama,2002.0,2002-04-12,United States of America,,,5.0,11,,
414455,Chronically Metropolitan,Drama,2017.0,2017-08-04,United States of America,,,5.8,9,,
40341,Carnival of Souls,Horror,1998.0,1998-08-21,United States of America,2000000.0,,3.4,9,,
48573,Lope,Drama,2010.0,2010-09-03,Brazil,,,5.6,9,,
307020,Tarzan Rıfkı,Comedy,1986.0,1986-03-12,Turkey,,,6.8,2,,
9819,Marvin's Room,Drama,1996.0,1996-12-18,United States of America,23000000.0,12803305.0,6.6,130,,
10464,"Corrina, Corrina",Comedy,1994.0,1994-08-12,United States of America,,,6.4,83,,
105325,How to Hook Up Your Home Theater,Animation,2007.0,2007-12-21,United States of America,,,7.8,17,Kevin Deters,Bill Farmer
78604,Michael,Drama,2011.0,2011-05-12,Austria,,,7.4,34,,
77235,You're So Cupid,Fantasy,2010.0,2010-11-06,United States of America,,,4.8,15,,
10257,The Twins Effect II,Adventure,2004.0,2004-08-12,Hong Kong,,,4.8,26,,
63360,The Initiation,Thriller,1984.0,1984-12-07,United States of America,,,6.3,16,,
92397,Rites of Spring,Horror,2011.0,2011-01-01,United States of America,,,4.1,19,,
41477,Lone Wolf and Cub: Baby Cart in Peril,Action,1972.0,1972-11-15,Japan,,,6.9,29,,
54398,Strigoi,Comedy,2009.0,2009-11-01,United States,,,6.2,10,,
317,Grbavica: The Land of My Dreams,Drama,2006.0,2006-03-01,Bosnia and Herzegovina,,,6.9,15,,
11000,The Birdcage,Comedy,1996.0,1996-03-08,United States of America,31000000.0,185260553.0,6.7,303,,
270403,Gett: The Trial of Viviane Amsalem,Drama,2014.0,2014-06-25,Germany,,,7.4,44,,
79078,11/11/11,Horror,2011.0,2011-11-01,United States of America,,,2.2,13,,
46469,Proteus,Drama,2003.0,2003-09-07,Canada,,,6.7,3,,
11577,Pat Garrett & Billy the Kid,Western,1973.0,1973-05-23,United States of America,4638783.0,11000000.0,7.2,67,,
283552,The Light Between Oceans,Drama,2016.0,2016-09-02,New Zealand,20000000.0,25956113.0,6.9,403,,
8392,My Neighbor Totoro,Fantasy,1988.0,1988-04-16,Japan,,,8.0,1730,,
220809,The Phone Call,Drama,2013.0,2013-10-01,United Kingdom,,,7.5,11,,
31473,An American Tail: The Treasure of Manhattan Island,Family,1998.0,1998-11-16,United States of America,,,5.7,36,,
16576,Cheeni Kum,Drama,2007.0,2007-05-25,India,,,6.4,5,,
74465,We Bought a Zoo,Drama,2011.0,2011-12-22,United States of America,50000000.0,120081841.0,6.5,928,Cameron Crowe,Matt Damon
2023,Hidalgo,Western,2004.0,2004-03-05,United States of America,100000000.0,108103450.0,6.5,321,,
12706,Croupier,Drama,1998.0,1998-06-25,Germany,,,6.7,80,,
78400,The City Below,Romance,2010.0,2010-09-15,Germany,,,5.4,6,,
121113,Toomorrow,Comedy,1970.0,1970-08-27,United Kingdom,,,0.0,0,Val Guest,
10133,Cypher,Thriller,2002.0,2002-10-01,United States of America,7500000.0,,6.7,196,,
43065,"Nightmares in Red, White and Blue",Documentary,2009.0,2009-08-06,United States,,,6.5,23,,
46830,Poison Ivy,Comedy,1985.0,1985-02-10,United States of America,,,5.4,7,,
41664,Fantozzi Retires,Comedy,1988.0,1988-12-22,it,,,5.9,68,,
426265,Burning Sands,Drama,2017.0,2017-01-24,United States,,,6.3,30,,
13804,Fast & Furious,Action,2009.0,2009-04-02,United States of America,85000000.0,363164265.0,6.5,2426,,
34696,Fuel,Drama,2009.0,2009-01-01,United States,,,0.0,0,,
354832,The Cookie Mobster,Family,2014.0,2014-12-27,United States of America,,,0.0,0,,
196738,Inside: 'Dr. Strangelove or: How I Learned to Stop Worrying and Love the Bomb',Documentary,2000.0,2000-05-04,United States of America,,,5.0,1,,
46432,Woh Lamhe,Drama,2006.0,2006-09-26,United States,,,5.0,3,Mohit Suri,Kangana Ranaut
84175,Beasts of the Southern Wild,Drama,2012.0,2012-06-29,United States of America,1800000.0,21107746.0,6.8,411,,
115046,Black & White & Sex,Drama,2012.0,2012-01-27,Australia,,,6.3,12,,
41568,Tales from the Crapper,Science Fiction,2004.0,2004-01-29,United States of America,,,3.6,7,,
60306,Victim,Drama,2010.0,2010-11-17,United States of America,,,4.0,12,,
22521,Terror's Advocate,Documentary,2007.0,2007-06-06,France,,,6.7,11,Barbet Schroeder,Jacques Vergès
20410,Scooby-Doo and the Alien Invaders,Animation,2000.0,2000-01-01,United States,,,6.3,51,,
246400,"20,000 Days on Earth",Documentary,2014.0,2014-07-05,United Kingdom,,,7.0,73,,
61062,The Unjust,Crime,2010.0,2010-10-28,South Korea,,,6.5,30,,
11239,Shall We Dance?,Music,1996.0,1996-01-27,Japan,,,7.2,35,,
54466,Dirty Business,Documentary,2009.0,2009-10-06,United States of America,,,0.0,0,,
124101,Rock Hudson's Home Movies,Documentary,1992.0,1992-09-12,United States,,,5.0,1,Mark Rappaport,
1991,Death Proof,Action,2007.0,2007-05-21,United States of America,25000000.0,25037897.0,6.7,1359,,
117340,Hello Lonesome,Drama,2010.0,2010-06-01,United States,,,6.3,3,,
40505,I Got the Hook Up,Action,1998.0,1998-05-27,United States of America,,,5.4,8,,
20695,Blessed,Thriller,2004.0,2004-05-16,Romania,,,5.8,5,,
252391,Kiki's Delivery Service,Fantasy,2014.0,2014-03-01,Japan,,,5.8,13,,
11557,St. Elmo's Fire,Drama,1985.0,1985-06-20,United States of America,,37803872.0,6.0,133,,
218909,Summer House,Drama,2013.0,2013-04-21,United States,,,3.0,1,,
21780,Annie: A Royal Adventure,Music,1995.0,1995-11-18,United States,,,3.6,8,,
86221,The Sleep Room,Drama,1998.0,1998-03-31,United States,,,7.0,1,,
47439,Time Regained,Drama,1999.0,1999-05-19,France,,,7.3,11,,
9384,Starsky & Hutch,Comedy,2004.0,2004-03-05,United States of America,60000000.0,170268750.0,5.6,661,,
24757,Stoic,Crime,2009.0,2009-01-01,Canada,2000000.0,,5.3,15,,
272875,The Continent,Drama,2014.0,2014-07-24,China,,,6.6,19,,
13015,George Carlin: Life Is Worth Losing,Documentary,2005.0,2005-11-05,United States of America,,,8.1,18,,
250625,Looking for Palladin,,2008.0,2008-03-05,United States,,,0.0,0,,
67367,The Thorn in the Heart,Documentary,2009.0,2009-10-10,France,,,5.5,4,,
23378,Into the Woods,Drama,1991.0,1991-03-15,United States,,,7.9,10,James Lapine,
327909,No Man's Island,Romance,2014.0,2014-10-16,Hungary,,,0.0,0,,
376599,Miles Jupp: Is The Chap You're Thinking Of,Comedy,2015.0,2015-11-13,United States,,,0.0,0,,Miles Jupp
279661,Killer Legends,History,2014.0,2014-07-01,United States,,,5.7,30,,
203066,Motorcycle Gang,,1994.0,1994-09-25,United States,,,0.0,0,John Milius,
229878,Blood and Ties,Thriller,2013.0,2013-10-24,South Korea,,,6.7,15,,
22939,Spider-Plant Man,Comedy,2005.0,2005-03-11,United Kingdom,,,5.5,12,,Rowan Atkinson
5458,Cruel Intentions 2,Drama,2000.0,2000-11-09,United States of America,,,4.4,99,,
217919,Salomé,,2013.0,2013-08-10,United States,,,7.9,11,,
37916,Swept Away,Drama,1974.0,1974-12-18,Italy,,,7.4,36,Lina Wertmüller,
40876,Down to the Bone,Drama,2004.0,2004-01-14,United States of America,,,6.5,11,,
171581,The Marine 3: Homefront,Action,2013.0,2013-03-05,United States of America,,,5.4,32,,
74836,Idaho Transfer,Science Fiction,1973.0,1973-06-15,United States,,,5.3,4,,
295389,Decameron proibitissimo (Boccaccio mio statte zitto),Comedy,1972.0,1972-08-03,Italy,,,0.0,0,,
253876,The Greatest Ears in Town: The Arif Mardin Story,,2010.0,2010-06-15,United States,,,0.0,0,,
5846,Sky High,Action,2003.0,2003-12-05,Japan,,,6.6,14,,
25338,The Silent Partner,Crime,1978.0,1978-09-07,Canada,,,6.9,23,,
310131,The Witch,Mystery,2016.0,2016-02-19,Canada,3500000.0,40423945.0,6.3,1471,,
19267,The Big Brawl,Action,1980.0,1980-09-10,Hong Kong,,,5.9,27,,
11986,Betty Blue,Drama,1986.0,1986-04-09,France,,2003822.0,7.5,88,,
49953,A Turtle's Tale: Sammy's Adventures,Animation,2010.0,2010-08-03,France,,,5.6,153,,
41441,The Sword with No Name,Action,2009.0,2009-09-24,South Korea,,,6.1,16,,
61663,Why Not Me?,Comedy,1999.0,1999-01-06,France,,,6.4,6,,
9700,The Lost City,Drama,2005.0,2005-09-03,United States of America,9600000.0,4386236.0,5.9,25,,
107257,A Perfect Ending,Drama,2012.0,2012-06-01,United States of America,,,6.0,24,,
15824,The Inheritance,Drama,2003.0,2003-02-21,United Kingdom,,,7.0,13,,
365805,Wrecker,Thriller,2015.0,2015-11-06,Canada,,,3.9,24,,
793,Blue Velvet,Crime,1986.0,1986-08-01,United States of America,6000000.0,8551228.0,7.7,758,,
168864,GMO OMG,Documentary,2013.0,2013-09-13,United States,,,7.4,15,,
32119,The Boys of St. Vincent,Drama,1992.0,1992-12-06,Canada,,,7.0,7,,
10688,Hamlet,Drama,2000.0,2000-05-12,United States of America,2000000.0,1568749.0,6.0,35,,
80742,School of Seduction,Comedy,2004.0,2004-09-17,Spain,,,2.3,2,,
122368,The Boy Who Walked Backwards,Drama,1995.0,1995-02-05,Denmark,,,6.8,4,,
155084,13 Sins,Horror,2014.0,2014-04-18,United States of America,5000000.0,13809.0,6.2,355,,
31245,Hobgoblins,Horror,1988.0,1988-07-14,United States of America,,,2.2,18,,
130278,Struck,,2008.0,2008-12-30,United States of America,,,8.0,1,,
178806,21 Ways to Ruin a Marriage,Comedy,2013.0,2013-02-07,Finland,,,6.4,7,,
208436,The Salt Prince,Fantasy,1983.0,1983-02-26,Germany,,,5.1,4,,
169917,A Walk Among the Tombstones,Crime,2014.0,2014-09-18,United States of America,28000000.0,53181600.0,6.2,1145,,
14709,Varsity Blues,Comedy,1999.0,1999-01-15,United States of America,,,6.0,126,,
303680,No Touching At All,Drama,2014.0,2014-05-31,Japan,,,5.7,8,,
215741,How Strange to be Named Federico: Scola Narrates Fellini,Documentary,2013.0,2013-09-12,Italy,96.0,,7.4,7,Ettore Scola,
31139,Office Romance,Comedy,1977.0,1977-10-26,Russia,,,8.1,47,Eldar Ryazanov,
59500,Jade Warrior,Action,2006.0,2006-09-08,China,,,5.9,17,,
159304,Runaway,,2009.0,2009-06-08,Canada,,,7.0,2,,
254738,The Knot,Documentary,2000.0,2000-03-25,ru,,,0.0,0,Alexander Sokurov,
40160,Meteor,Action,1979.0,1979-10-19,United States of America,,,5.1,37,,
172014,Underground,Documentary,1976.0,1976-05-09,United States of America,,,0.0,0,,
13825,The Lazarus Project,Drama,2008.0,2008-10-21,United Kingdom,9750000.0,558000.0,6.0,116,,
123846,Prime Mover,,2009.0,2009-02-08,United States,5000000.0,,4.0,1,,
11946,New Mischief by Emil,Comedy,1972.0,1972-10-21,Sweden,,,6.1,15,,
24660,A Detective Story,Science Fiction,2003.0,2003-04-01,United States,,,7.2,30,Shinichiro Watanabe,
14832,The Cement Garden,Drama,1993.0,1993-02-20,France,,322975.0,7.2,23,,
14337,Primer,Science Fiction,2004.0,2004-10-08,United States of America,7000.0,424760.0,6.9,671,Shane Carruth,
90125,Marley,Documentary,2012.0,2012-04-20,United Kingdom,,,7.5,107,,
609,Poltergeist,Horror,1982.0,1982-06-04,United States of America,10700000.0,122200000.0,7.1,811,,
102668,Budz House,Comedy,2011.0,2011-10-25,United States,,,4.3,5,,
72842,Albatross,Drama,2011.0,2011-10-14,United Kingdom,,,6.1,31,,
11445,Gypo,Drama,2005.0,2005-08-24,United Kingdom,,,5.8,4,,
264337,Spare Parts,Action,2015.0,2015-01-16,United States,,,6.6,65,,
19361,Sleep with Me,Comedy,1994.0,1994-01-01,United States of America,,161410.0,5.3,11,,
20345,The Bird with the Crystal Plumage,Horror,1970.0,1970-02-19,Italy,500000.0,,7.1,90,,
56583,The Saint of Fort Washington,Drama,1993.0,1993-11-03,United States of America,,,4.0,5,,
26133,Tuesdays with Morrie,Drama,1999.0,1999-12-05,United States of America,,,6.0,10,,
173480,The Other Shore,,2013.0,2013-07-23,United States,,,7.5,2,,
306966,Summer Camp,Horror,2016.0,2016-05-13,Spain,,,5.1,41,,
388586,The Love of Ulysses,,1984.0,1984-03-18,United States,,,0.0,0,,
37793,Ghosts,Music,1997.0,1997-09-04,United States of America,,,7.0,22,,
62894,Uuno Turhapuron Aviokriisi,Comedy,1981.0,1981-10-16,fi,,,4.3,3,Ere Kokkonen,
97794,The Road,Horror,2011.0,2011-11-30,Philippines,,,5.1,18,,
70374,Little Criminals,Crime,1995.0,1995-01-01,Canada,,,7.6,8,,
99599,Daughter of the Nile,Drama,1987.0,1987-08-22,Taiwan,,,7.0,3,,
51022,The Wounds,War,1998.0,1998-05-27,Serbia,10000.0,150000.0,7.2,16,,
102534,The Good Son,Thriller,2011.0,2011-03-25,fi,560000.0,,3.5,2,Zaida Bergroth,
33994,ivans xtc.,Drama,2000.0,2000-09-12,United States of America,,,5.2,7,,
345918,Come and Find Me,Drama,2016.0,2016-11-11,United States of America,,,5.7,71,,
10322,Being There,Comedy,1979.0,1979-12-19,United States of America,,30177511.0,7.7,243,,
417870,Girls Trip,Comedy,2017.0,2017-07-21,United States of America,,,7.1,393,,
87945,Chain Camera,Documentary,2001.0,2001-01-19,United States,,,0.0,0,Kirby Dick,
18,The Fifth Element,Adventure,1997.0,1997-05-07,France,90000000.0,263920180.0,7.3,3962,,
148864,Omertà,Drama,2012.0,2012-07-11,Canada,,,4.4,4,,
5951,The Jane Austen Book Club,Comedy,2007.0,2007-09-09,United States of America,,,6.6,121,,
206266,Shining Night: A Portrait of Composer Morten Lauridsen,Documentary,2012.0,2012-02-07,United States,,,0.0,0,,
241071,Brightest Star,Comedy,2014.0,2014-01-31,United States of America,,,4.5,11,,
155325,300 Miles to Heaven,Drama,1989.0,1989-10-30,Denmark,,,4.5,2,,
303856,The Presence,Horror,2014.0,2014-10-31,Germany,40000.0,,3.9,15,,
181135,Twist of Faith,Drama,2013.0,2013-03-09,United States,,,6.5,4,,
67809,Normal,Drama,2003.0,2003-01-21,United States of America,,,7.2,12,,
122959,Ballroom Dancer,Documentary,2011.0,2011-11-20,United States,,,5.0,1,,
268413,Antidote,Crime,2014.0,2014-05-08,Turkey,,,6.0,8,,
206953,Louis Theroux: America's Most Hated Family in Crisis,Documentary,2011.0,2011-04-03,United Kingdom,,,7.5,16,,
258945,Anything Can Happen,Documentary,1995.0,1995-12-10,Poland,,,4.5,2,,
230232,Heavenly Shift,Comedy,2013.0,2013-10-24,Hungary,,,5.7,3,,
138376,A Dark Truth,Action,2012.0,2012-11-29,Canada,,5750.0,5.3,35,,
209410,Shuddh Desi Romance,Comedy,2013.0,2013-09-06,India,,,5.7,29,,
33379,Greenfingers,Comedy,2001.0,2001-07-27,United Kingdom,,1443067.0,6.6,15,,
81022,Widows,Drama,2011.0,2011-08-18,Argentina,,,4.5,4,,
73,American History X,Drama,1998.0,1998-10-30,United States of America,20000000.0,23875127.0,8.2,3120,,
317557,Queen of Katwe,Drama,2016.0,2016-09-23,United States of America,15000000.0,10367161.0,7.1,103,,
4043,Law of Desire,Comedy,1987.0,1987-02-06,Spain,,,7.2,37,,
107852,Ça brûle,Drama,2006.0,2006-08-16,France,,,0.0,0,,
14839,Blue Collar,Drama,1978.0,1978-02-10,United States of America,,6521083.0,7.2,30,,
204668,Belle and Sebastian,Adventure,2013.0,2013-12-18,France,,,6.9,144,,
122372,The Ghostmaker,Horror,2011.0,2011-08-01,United States of America,,,4.9,19,,
123787,Weed,Documentary,1972.0,1972-04-01,United States of America,,,0.0,0,Alex de Renzy,
11107,Eddie,Action,1996.0,1996-05-31,United States of America,,,5.4,46,,
54445,S.W.A.T.: Firefight,Action,2011.0,2011-03-01,United States of America,8000000.0,,5.4,77,,
14748,Boy A,Crime,2007.0,2007-10-28,United Kingdom,,1200398.0,7.1,155,,
81273,The Dirty Picture,Drama,2011.0,2011-12-02,India,,,5.8,17,,
148031,Freedom Road,Drama,1979.0,1979-10-29,United States,,,3.5,2,,
62394,The Education of Little Tree,Drama,1997.0,1997-12-25,Canada,,,0.0,0,,
13476,Win a Date with Tad Hamilton!,Comedy,2004.0,2004-01-23,United States of America,17000000.0,16980098.0,5.5,163,,
298078,Ruined Heart: Another Love Story Between A Criminal & A Whore,Crime,2014.0,2014-10-24,Philippines,,,6.7,7,,
23522,The Book of Life,Comedy,1998.0,1998-08-22,France,,,6.9,9,,
118427,Mommy,Horror,1995.0,1995-11-28,United States of America,,,0.0,0,,
164120,Tropicália,Music,2012.0,2012-09-14,Brazil,,,6.5,5,,
376290,Miss Sloane,Drama,2016.0,2016-11-25,France,13000000.0,3500605.0,7.2,317,,
154030,The Tower,Action,2012.0,2012-12-25,South Korea,,,6.2,60,,
37727,Jönssonligan får guldfeber,Comedy,1984.0,1984-10-19,Denmark,,,5.3,14,,
37850,Rebellion,Action,2009.0,2009-10-08,Hong Kong,,,6.2,9,,
373976,The PHD Movie 2,Comedy,2015.0,2015-12-23,United States,,,0.0,0,,
148853,Legacy,,2006.0,2006-09-20,France,,,5.5,2,,
41488,The Statement,Drama,2003.0,2003-12-12,France,,,5.9,23,,
30999,Jason and the Argonauts,Action,2001.0,2001-01-07,United States of America,30000000.0,,5.4,16,Nick Willing,
1364,Sex and Lucia,Drama,2001.0,2001-08-24,Spain,,2628241.0,6.6,132,,
44414,Liebestraum,Horror,1991.0,1991-09-13,United States of America,,,6.2,5,,
24936,The Deep End,Drama,2001.0,2001-01-21,United States of America,3000000.0,,6.0,35,,
162437,Katatsumori,,1994.0,1994-05-22,Japan,,,7.0,1,Naomi Kawase,
4951,10 Things I Hate About You,Comedy,1999.0,1999-03-30,United States of America,16000000.0,53478166.0,7.3,1768,,
30127,The Invisible Woman,Comedy,2009.0,2009-06-05,Brazil,,,6.4,45,,
115283,A.C.O.D.,Comedy,2013.0,2013-10-03,United States of America,,175705.0,5.5,106,,
24272,Joseph and the Amazing Technicolor Dreamcoat,Music,1999.0,1999-11-07,United States of America,,,6.1,13,David Mallet,
60254,The Other Dumas,Drama,2010.0,2010-02-10,France,,,6.1,7,,
1024,Heavenly Creatures,Drama,1994.0,1994-09-02,New Zealand,5000000.0,3049135.0,6.9,299,,
300602,Capture the Flag,Comedy,2015.0,2015-08-28,Spain,14000000.0,8306690.0,5.7,52,,
141971,Blackout,Thriller,2008.0,2008-12-26,Finland,,,6.7,3,,
10449,When a Man Loves a Woman,Drama,1994.0,1994-04-29,United States of America,,50021959.0,6.0,71,,
44104,Private,Drama,2004.0,2004-08-12,Italy,,,7.8,4,,
232679,When the Game Stands Tall,Drama,2014.0,2014-08-22,United States of America,15000000.0,30127963.0,6.3,134,,
55429,Kołysanka,Horror,2010.0,2010-02-12,Poland,,,5.4,8,,
245703,Midnight Special,Adventure,2016.0,2016-02-18,United States of America,18000000.0,6212282.0,6.2,705,,
21344,The Krays,Drama,1990.0,1990-04-27,United Kingdom,,,5.6,34,,
380124,Boo! A Madea Halloween,Comedy,2016.0,2016-10-21,United States of America,,,5.3,219,Tyler Perry,
10139,Milk,History,2008.0,2008-11-26,United States of America,20000000.0,54586584.0,7.1,628,,
208968,Kumail Nanjiani: Beta Male,Comedy,2013.0,2013-07-21,United States of America,,,6.1,5,,
314635,Schmitke,Comedy,2014.0,2014-10-05,Czech Republic,,,0.0,0,,
149722,The 12 Disasters of Christmas,TV Movie,2012.0,2012-12-02,Canada,,,3.2,15,,
316437,Pairon Talle,,2011.0,2011-01-15,hi,,,5.0,1,,
94583,The Gay Bed and Breakfast of Terror,Horror,2007.0,2007-07-13,United States,,,3.6,7,,
20761,Play It to the Bone,Comedy,1999.0,1999-12-25,United States of America,24000000.0,8434146.0,5.7,53,,
99762,Salem Falls,Crime,2011.0,2011-11-19,United States of America,,,5.1,7,,
88253,Down Twisted,Action,1987.0,1987-03-01,United States,,,1.0,1,,
306383,Gajakessari,,2014.0,2014-05-23,United States,,,6.0,1,,
130719,The Mystery of Oberwald,,1981.0,1981-09-03,United States,,,7.5,2,,
18602,Morvern Callar,Drama,2002.0,2002-01-01,United Kingdom,,,7.2,34,,
153170,Bandh Darwaza,Horror,1990.0,1990-05-07,India,,,0.0,0,,
44946,Knucklehead,Drama,2010.0,2010-10-22,United States of America,,,4.9,10,,
21752,If I Were You 2,Comedy,2009.0,2009-02-01,Brazil,,,5.9,55,,
30352,Disorganized Crime,Action,1989.0,1989-04-14,United States of America,,,4.7,10,,
206408,Chinese Puzzle,Comedy,2013.0,2013-12-04,France,,,6.4,228,Cédric Klapisch,
570,Fat Girl,Drama,2001.0,2001-03-07,France,,,6.2,44,,
13141,Strangers with Candy,Comedy,2006.0,2006-07-28,United States of America,,,5.8,20,,
9517,Bully,Crime,2001.0,2001-06-15,United Kingdom,,480811.0,6.7,125,,
359244,Craig Ferguson: Just Being Honest,Comedy,2015.0,2015-09-10,United States of America,,,6.5,4,,
57400,The Human Resources Manager,Comedy,2011.0,2011-03-04,France,,,7.2,6,,
140441,Sadako 3D,Horror,2012.0,2012-05-12,Japan,,,5.9,18,,
15846,The Burrowers,Action,2008.0,2008-09-09,United States of America,7000000.0,,5.4,58,,
65515,The Eleventh Hour,Action,2008.0,2008-01-01,United States of America,,,4.3,4,,
421,The Life Aquatic with Steve Zissou,Adventure,2004.0,2004-12-10,United States of America,50000000.0,34808403.0,7.1,781,,
2900,The Astronaut's Wife,Drama,1999.0,1999-08-26,United States of America,75000000.0,19598588.0,5.5,263,,
31382,The Touch of Satan,Horror,1971.0,1971-08-23,United States of America,,,1.7,9,,
165550,Provocateur,Thriller,1998.0,1998-05-19,United States of America,,,3.0,1,,
306825,Deadly Daycare,Drama,2014.0,2014-10-24,United States of America,,,3.0,5,,
149320,King: A Filmed Record... Montgomery to Memphis,Documentary,1970.0,1970-03-24,United States of America,,,10.0,1,Sidney Lumet,Paul Newman
37190,Transylmania,Horror,2009.0,2009-12-04,United States of America,,263941.0,4.1,17,,
34075,Beyond Witch Mountain,,1982.0,1982-02-20,United States,,,6.0,1,,
285689,Glen Campbell: I'll Be Me,Documentary,2014.0,2014-04-24,United States of America,,365522.0,7.1,16,,
281338,War for the Planet of the Apes,Drama,2017.0,2017-07-11,Canada,152000000.0,369907963.0,6.7,1675,,
37573,My Only Sunshine,Drama,2009.0,2009-03-05,Turkey,,,6.6,8,Reha Erdem,
267178,Mad As Hell,,2014.0,2014-04-29,United States of America,,,10.0,1,,
2469,Tie Me Up! Tie Me Down!,Comedy,1989.0,1989-12-12,Spain,,,7.0,102,,
12198,Flight of the Red Balloon,Family,2007.0,2007-05-17,France,3000000.0,,6.1,15,,
71665,Divina Confusión,Drama,2008.0,2008-09-26,Mexico,,,4.3,2,,
81649,Pink Saris,Documentary,2010.0,2010-09-14,United States,,,5.0,1,,
27296,The Gingerdead Man,Fantasy,2005.0,2005-01-01,United States of America,,,3.9,20,,
159770,The Dirties,Drama,2013.0,2013-10-04,Canada,,,6.0,42,,
10620,Once Upon a Time in China and America,Action,1997.0,1997-02-01,United States of America,12000000.0,,5.7,23,,
9716,Everyone Says I Love You,Music,1996.0,1996-12-06,United States of America,20000000.0,,6.5,149,,
125513,Slayers Premium,Adventure,2001.0,2001-12-22,ja,,,4.5,2,,
10629,Veronica Guerin,Drama,2003.0,2003-07-11,Ireland,17000000.0,1569918.0,6.8,61,,
31410,My Sweet Little Village,Comedy,1985.0,1985-08-01,Czech Republic,,,7.5,21,,
78480,Monsieur Lazhar,Drama,2011.0,2011-09-10,Canada,,6581915.0,6.6,82,,
408194,Devil's Bride,Drama,2016.0,2016-09-09,Latvia,3100000.0,,6.6,8,,
14750,Mischief,Comedy,1985.0,1985-02-08,United States of America,,8692426.0,6.2,28,,
135097,The Cinema Snob Movie,Comedy,2012.0,2012-09-27,United States of America,,,9.0,1,,
75007,S.I.S.,Action,2008.0,2008-08-24,United States,,,4.0,6,,
171776,Sparks,Action,2013.0,2013-03-01,United States of America,,,4.9,38,,
24825,The Octagon,Adventure,1980.0,1980-08-14,United States of America,,18971000.0,4.4,37,,
42000,The Great Yokai War,Comedy,2005.0,2005-08-06,Japan,,,5.8,16,,
82693,Silver Linings Playbook,Drama,2012.0,2012-09-08,United States of America,21000000.0,205738714.0,7.0,4840,,
51993,Terri,Comedy,2011.0,2011-07-01,United States of America,,144633.0,6.6,44,,
64994,Martial Club,Action,1981.0,1981-08-19,Hong Kong,,,5.2,5,Liu Chia-Liang,
3526,Frances,Drama,1982.0,1982-12-03,United States of America,,5000000.0,7.1,24,,
72711,The Interrupters,Documentary,2011.0,2011-07-29,United States of America,,282448.0,5.7,12,,
42182,Octopus 2: River of Fear,Horror,2001.0,2001-12-06,United States of America,,,3.4,12,,
91551,Death of a Superhero,Animation,2011.0,2011-05-04,Germany,3.0,,6.9,44,,
34765,Zenon: Z3,TV Movie,2004.0,2004-06-11,United States,,,5.3,17,,
154442,Tree Without Leaves,,1986.0,1986-11-15,Japan,,,6.2,6,,
20684,Preaching to the Perverted,Comedy,1997.0,1997-07-04,United Kingdom,,,6.5,8,,
245692,The Search,Drama,2014.0,2014-11-26,Georgia,25000000.0,,7.1,26,,
16791,Five Children and It,Adventure,2004.0,2004-10-15,United Kingdom,,,5.5,67,,
297462,Old Fashioned,Romance,2014.0,2014-10-18,United States of America,,,6.4,14,,
9334,The Scorpion King,Action,2002.0,2002-04-16,United States of America,60000000.0,165333180.0,5.3,802,,
400791,Old Fashioned: The Story of the Wisconsin Supper Club,Documentary,2015.0,2015-04-10,United States of America,,,10.0,1,,
87440,Struck by Lightning,Comedy,2012.0,2012-04-20,United States of America,,22930.0,6.2,96,,
73621,Night Patrol,Comedy,1984.0,1984-11-16,United States,,,4.8,3,,
252990,Chariot,Thriller,2013.0,2013-07-15,United States of America,,,5.5,24,,
66668,The Shrink Is In,Comedy,2001.0,2001-08-01,United States of America,6000000.0,,5.8,5,,
69321,Pretty Maids All in a Row,Comedy,1971.0,1971-04-28,United States of America,,,6.8,10,,
84108,Alabama's Ghost,Horror,1973.0,1973-02-02,United States of America,,,4.0,1,,
298077,Ambition,Science Fiction,2014.0,2014-10-24,Iceland,,,6.8,31,,
218689,Backstreet Dreams,Drama,1990.0,1990-09-29,United States of America,,,5.0,2,,
253239,Diplomacy,Drama,2014.0,2014-03-05,France,,3946880.0,7.2,73,,
18093,Northanger Abbey,Drama,2007.0,2007-03-25,United Kingdom,,,6.9,78,,
258251,Ironclad 2: Battle for Blood,Action,2014.0,2014-03-14,United Kingdom,,,5.4,34,,
43978,The Apple,Drama,1998.0,1998-01-01,Iran,,,7.3,14,,
34729,Our Lips Are Sealed,Comedy,2000.0,2000-05-18,Australia,,,5.6,61,,
129415,Katt Williams: Kattpacalypse,Comedy,2012.0,2012-08-25,United States,,,6.3,6,Marcus Raboy,Katt Williams
80210,The Undefeated,Documentary,2011.0,2011-07-15,United States,1000000.0,,1.9,5,,
237692,This American Journey,Drama,2013.0,2013-10-22,United States of America,,,0.0,0,,
27924,Autumn Marathon,Comedy,1979.0,1979-06-06,Russia,,,7.1,14,Georgiy Daneliya,Oleg Basilashvili
10379,Drop Dead Fred,Comedy,1991.0,1991-04-19,United Kingdom,6788000.0,13878334.0,5.9,107,,
10998,Fatal Attraction,Romance,1987.0,1987-09-11,United States of America,14000000.0,320145693.0,6.6,305,,
55553,"Rakkaudella, Maire",,1999.0,1999-09-17,fi,,,0.0,0,,
20694,Rugrats Go Wild,Animation,2003.0,2003-06-13,United States of America,,,5.6,62,,
90019,Magnum Cop,Thriller,1978.0,1978-02-03,Italy,,,4.5,2,,
34068,Assassin(s),Drama,1997.0,1997-04-30,Germany,,,6.3,16,,
36907,The Plague,Action,1992.0,1992-01-01,France,,,5.1,7,,
25019,The Beatles: The First U.S. Visit,Music,1991.0,1991-11-13,United States of America,,,7.0,2,,
290556,Viktor,Thriller,2014.0,2014-09-04,France,10000000.0,,5.0,2,,
15990,The Cathedral,Science Fiction,2002.0,2002-10-18,Poland,,,7.4,16,,
287344,Gaston's War,War,1997.0,1997-10-23,Netherlands,,,0.0,0,,
80303,That's Cunning! Shijo Saidai no Sakusen?,Comedy,1996.0,1996-08-10,Japan,,,5.5,4,,
39929,Hello Mary Lou: Prom Night II,Horror,1987.0,1987-11-13,Canada,,2683519.0,6.0,35,,
140883,Prahaar: The Final Attack,,1991.0,1991-01-01,India,,,8.3,2,,
306523,Ogni maledetto Natale,Comedy,2014.0,2014-11-27,Italy,,,5.3,57,,
19482,My Dear Enemy,Comedy,2008.0,2008-09-24,South Korea,,,6.2,9,,
11382,Bullets Over Broadway,Action,1994.0,1994-10-14,United States of America,,,7.0,130,,
68347,Food of the Gods II,Horror,1989.0,1989-05-18,Canada,,,5.8,8,,
87388,In the Arms of a Killer,Thriller,1992.0,1992-01-05,United States of America,,,2.8,2,,
394415,Rachel Feinstein: Only Whores Wear Purple,Comedy,2016.0,2016-04-23,United States of America,,,0.0,0,,
249703,Do I Have to Take Care of Everything?,Drama,2014.0,2014-02-28,Finland,,,6.0,4,,
104859,Mac & Devin Go to High School,Comedy,2012.0,2012-07-03,United States,,,4.9,56,,
20049,Ayan,Action,2009.0,2009-04-03,India,3230939.0,18000000.0,6.7,19,,
49028,Rakht Charitra,Action,2010.0,2010-10-21,India,390000.0,,5.4,7,,
1552,Parenthood,Comedy,1989.0,1989-07-31,United States of America,,126297830.0,6.4,177,,
45533,Pyaar Kiya To Darna Kya,Comedy,1998.0,1998-03-27,United States,,,6.3,10,,
108879,Louis Theroux: Extreme Love - Autism,Documentary,2012.0,2012-04-19,United States,,,6.7,6,,
21538,The American Astronaut,Action,2001.0,2001-01-20,United States,,,6.5,12,,
426670,Dolly Parton's Christmas of Many Colors: Circle of Love,Drama,2016.0,2016-11-30,United States,,,6.2,5,Stephen Herek,
13763,Purple Rain,Drama,1984.0,1984-07-27,United States of America,7200000.0,68392977.0,6.6,91,,
358859,The Event,Documentary,2015.0,2015-09-02,Russia,,,5.0,1,,
30778,I Am Omega,Action,2007.0,2007-11-18,United States of America,,,4.0,21,Griff Furst,
25088,The Willies,Horror,1990.0,1990-12-27,United States of America,,,4.2,6,,
17610,Year One,Comedy,2009.0,2009-06-18,United States of America,60000000.0,62357900.0,4.6,538,,
28665,Fame,Music,2009.0,2009-01-01,United States of America,,,5.5,139,,
47607,Tiny Furniture,Romance,2010.0,2010-11-12,United States of America,65000.0,416498.0,5.6,60,,
77174,ParaNorman,Family,2012.0,2012-08-03,United States of America,60000000.0,107139399.0,6.7,808,,
365451,"Baby, Baby, Baby",Romance,2015.0,2015-10-30,United States,,,6.0,4,Brian Klugman,Adrianne Palicki
2966,"20,000 Leagues Under the Sea",Adventure,1997.0,1997-05-11,Australia,,,4.6,13,,
79365,The Jayne Mansfield Story,Drama,1980.0,1980-10-29,United States of America,,,5.3,3,,
15468,"Spy, Stand Up",Thriller,1982.0,1982-01-27,France,,,6.1,6,,
336669,Land and Shade,Drama,2015.0,2015-05-18,Brazil,,,7.2,16,,
125806,Dischord,,2001.0,2001-08-01,United States,,,0.0,0,,
3293,Pirates of Silicon Valley,Documentary,1999.0,1999-05-10,United States of America,,,6.8,178,,
264166,Point and Shoot,Documentary,2014.0,2014-04-19,United States of America,,,7.1,18,,
417427,The Good Boy,Comedy,2016.0,2016-11-10,Russia,,,5.1,8,,
40855,Sex Positive,Documentary,2009.0,2009-06-12,United States of America,,,0.0,0,,
71200,Snake Eater,Action,1989.0,1989-02-22,United States of America,,,4.9,6,,
106070,Zarkorr! The Invader,Science Fiction,1996.0,1996-04-30,United States of America,,,5.0,1,,
157115,Jug Face,Horror,2013.0,2013-08-09,United States of America,,,5.3,71,,
22537,Inuyasha the Movie 2: The Castle Beyond the Looking Glass,Action,2002.0,2002-12-22,Japan,,,6.6,15,,
38985,Sorcerer,Action,1977.0,1977-06-24,United States of America,22000000.0,12000000.0,7.5,104,,
8875,Timber Falls,Horror,2007.0,2007-12-07,United States of America,2600000.0,,5.2,38,,
208495,Mission Park,Crime,2013.0,2013-09-06,United States,,,5.1,5,,
5910,Fireworks,Crime,1997.0,1997-09-03,Japan,,,7.6,118,,
5833,Casper's Haunted Christmas,Animation,2000.0,2000-10-31,Canada,,,5.0,42,,
4477,The Devil's Own,Crime,1997.0,1997-03-12,United States of America,90000000.0,140807547.0,5.9,300,,
102831,Chameleon Street,Comedy,1989.0,1989-05-01,United States,,,8.5,2,,
90414,"I Love You, Don't Touch Me!",Comedy,1997.0,1997-01-21,United States of America,,,6.0,1,Julie Davis,
366692,Margaret Cho: PsyCHO,Comedy,2015.0,2015-09-25,United States of America,,,0.0,0,,
22477,September,Drama,1987.0,1987-01-01,United States of America,,,6.3,40,,
25706,Brain Smasher... A Love Story,Action,1993.0,1993-11-17,United States,,,6.3,5,Albert Pyun,Andrew Dice Clay
42082,Another State of Mind,Documentary,1984.0,1984-03-01,United States of America,130000.0,,5.8,3,,
155217,Ranma ½,Action,2011.0,2011-12-09,ja,,,6.0,2,,
25652,Crocodile,Drama,1996.0,1996-11-16,South Korea,,,6.3,12,,
85963,Great Directors,Documentary,2010.0,2010-07-02,United States,,,6.2,6,,
41426,Jubilee,Comedy,1978.0,1978-02-01,United Kingdom,,,5.9,16,,
211954,Instructions Not Included,Comedy,2013.0,2013-07-20,Mexico,5500000.0,99067206.0,7.5,210,,
266058,A Girl at My Door,Drama,2014.0,2014-05-22,South Korea,,,7.1,40,,
18495,Folks!,Comedy,1992.0,1992-05-01,United States of America,,6132924.0,6.1,10,,
61718,Bad Day to Go Fishing,Drama,2009.0,2009-07-31,Uruguay,,,5.9,10,,
14785,Bandit Queen,Drama,1994.0,1994-09-09,India,,399.0,7.1,11,,
1598,Cape Fear,Crime,1991.0,1991-11-15,United States of America,35000000.0,182300000.0,7.0,692,,
166085,Tasting Menu,Comedy,2013.0,2013-06-14,Spain,3780000.0,,4.0,1,,
321283,Flogsta Heaven,Documentary,2015.0,2015-10-16,Sweden,,,0.0,0,,
44369,Boy,Drama,2009.0,2009-01-01,Philippines,,,5.0,3,,
241953,Independents,Documentary,2007.0,2007-07-21,United States,,,0.0,0,,
257561,Animated Motion: Part 5,,1978.0,1978-01-01,United States,,,0.0,0,Grant Munro,
27331,Charley Varrick,Action,1973.0,1973-09-19,United States of America,,,7.0,57,,
153118,The Man Without a Shadow,Animation,2004.0,2004-12-31,Switzerland,,,8.5,2,,
107355,The Kidnapping Of The President,Drama,1980.0,1980-08-15,United States of America,,,5.0,1,,
136795,The Heat,Action,2013.0,2013-06-27,United States of America,43000000.0,158674180.0,6.5,1595,,
60160,Gamera the Brave,Action,2006.0,2006-11-11,Japan,,,5.9,11,,
86541,Ghost Graduation,Comedy,2012.0,2012-02-03,Spain,,,5.7,50,,
253283,Take Care,Comedy,2014.0,2014-03-07,United States of America,,,5.6,30,,
127236,Me Too,Drama,2012.0,2012-09-07,Russia,,,5.5,10,,
314400,Blood of My Blood,History,2015.0,2015-09-09,Switzerland,,,5.8,13,Marco Bellocchio,
11933,Nothing but Trouble,Comedy,1991.0,1991-02-14,United States of America,40000000.0,8479793.0,5.0,88,,
16846,Gingerdead Man 2: Passion of the Crust,Comedy,2008.0,2008-07-04,France,,,5.4,13,,
15378,The Grand,Comedy,2007.0,2007-06-07,United States of America,5400000.0,,6.3,22,,
55616,Dracula: Pages from a Virgin's Diary,Horror,2002.0,2002-02-28,Canada,1596010.0,,6.9,8,,
282024,The Iron Ivan,Drama,2014.0,2014-07-10,Russia,12000000.0,,6.2,14,,
130736,3 Zimmer/Küche/Bad,Comedy,2012.0,2012-10-03,Germany,,,7.1,28,Dietrich Brüggemann,
55044,Cisco Pike,Drama,1972.0,1972-01-14,United States of America,,,4.6,4,,
275477,China Cry: A True Story,Drama,1990.0,1990-11-02,United States of America,,,5.7,3,,
257605,The Trial of Lee Harvey Oswald,TV Movie,1977.0,1977-09-30,United States of America,,,0.0,0,,
31583,Kill Me Again,Drama,1989.0,1989-10-27,United States of America,4000000.0,,5.7,21,,
85621,Men in Hope,Romance,2011.0,2011-08-25,Czech Republic,,,6.7,20,,
253794,Haunting of the Innocent,Thriller,2014.0,2014-02-01,United States of America,,,2.3,5,,
138832,We're the Millers,Comedy,2013.0,2013-08-07,United States of America,37000000.0,269994119.0,6.8,3053,,
24007,More Things That Happened,Mystery,2007.0,2007-08-14,France,,,9.2,5,David Lynch,
381066,Jules and Dolores,Comedy,2016.0,2016-09-08,Brazil,,,6.9,9,,
237214,Duniyadari,,2014.0,2014-07-19,United States,390000.0,3.0,0.0,0,,
37050,So Normal,Comedy,2003.0,2003-10-23,Brazil,,,6.4,26,,
27453,Sketches of Frank Gehry,Documentary,2006.0,2006-05-12,United States of America,,,6.3,9,Sydney Pollack,
136071,Johan Falk: Alla råns moder,Action,2012.0,2012-10-24,Sweden,,,6.3,6,,
213321,Investigation Held by Kolobki,Animation,1986.0,1986-01-01,Russia,,,6.3,3,,
41945,The Rainbow,Action,1989.0,1989-05-05,United Kingdom,,,6.3,3,,
84984,The House of the Yellow Carpet,Thriller,1983.0,1983-09-09,Italy,,,5.0,1,,
35939,Glorious 39,War,2009.0,2009-11-20,United Kingdom,6000000.0,,5.3,35,,
348634,A Christmas Detour,Comedy,2015.0,2015-12-01,Canada,,,6.8,29,,
60730,Khubsoorat,Comedy,1980.0,1980-02-26,India,,,5.7,3,,
13544,FB: Fighting Beat,Action,2007.0,2007-01-01,Thailand,,,5.7,3,,
410117,Lady Macbeth,Drama,2017.0,2017-01-20,United Kingdom,,923.0,6.7,89,,
11205,Wheels on Meals,Romance,1984.0,1984-08-17,Hong Kong,,,7.0,66,,
46431,The Education Of Shelby Knox,Documentary,2005.0,2005-06-21,United States of America,,,0.0,0,,
159167,The World According to Dick Cheney,,2013.0,2013-01-18,United States,,,7.0,4,,
15182,Just Buried,Comedy,2007.0,2007-09-09,Canada,,,6.3,20,Chaz Thorne,Jay Baruchel
223702,Sausage Party,Adventure,2016.0,2016-07-11,Canada,19000000.0,140705322.0,5.6,2310,,
65614,Dreaming of Space,Drama,2005.0,2005-06-23,Russia,2000000.0,696681.0,5.7,3,Aleksey Uchitel,
24163,As Tears Go By,Drama,1988.0,1988-06-09,Hong Kong,,,6.9,48,Wong Kar-wai,
116014,Enemies: A Love Story,Comedy,1989.0,1989-12-13,Canada,,7754571.0,5.7,11,,
87502,Flight,Drama,2012.0,2012-11-02,United States of America,31000000.0,161772375.0,6.5,2449,,
670,Oldboy,Drama,2003.0,2003-01-01,South Korea,3000000.0,14980005.0,8.0,2000,,
375898,Meet the Guilbys,Comedy,2016.0,2016-01-20,France,,,5.2,14,,
4644,The Year of Getting to Know Us,Comedy,2008.0,2008-01-24,United States of America,,,4.4,6,,
298296,Heidi,Horror,2014.0,2014-09-08,United States,,,6.3,4,,
41559,The Job,Comedy,2009.0,2009-09-26,United States of America,,,4.3,4,,
14456,Shrooms,Horror,2007.0,2007-08-16,Ireland,,4910682.0,4.8,99,,
85052,Housefull 2,Drama,2012.0,2012-04-05,India,,,5.0,28,,
180383,Deceptive Practice: The Mysteries and Mentors of Ricky Jay,Documentary,2012.0,2012-10-04,United States of America,500000.0,,7.1,17,,
125063,The Glitterball,Family,1977.0,1977-01-01,United Kingdom,,,4.8,2,,
45958,Biutiful,Drama,2010.0,2010-10-20,Mexico,,25147786.0,7.1,299,,
411656,Tonio,Drama,2016.0,2016-10-13,Netherlands,,,6.3,3,,
38425,Fantasy Mission Force,Action,1983.0,1983-02-13,Taiwan,,,5.6,5,,
87706,The Dark,Horror,1979.0,1979-04-27,United States of America,,,5.2,8,,
24631,"Maria, ihm schmeckt's nicht!",Comedy,2009.0,2009-08-05,Germany,,,5.5,15,,
71996,Stunts,Drama,1977.0,1977-06-01,United States of America,,,6.0,1,,
262988,The Men Who Made the Movies: Samuel Fuller,Documentary,2002.0,2002-07-02,United States of America,,,0.0,0,,
356300,How to Plan an Orgy in a Small Town,Comedy,2015.0,2015-09-19,Canada,,,5.0,31,,
434873,It Stains the Sands Red,Comedy,2016.0,2016-10-08,United States of America,,,5.6,21,,
3133,Badlands,Crime,1973.0,1973-10-15,United States of America,,,7.5,301,,
245891,John Wick,Action,2014.0,2014-10-22,Canada,20000000.0,88761661.0,7.0,5499,,
191608,Garpastum,,2005.0,2005-10-27,Russia,,,1.0,2,Aleksey German Jr,
62796,William & Kate,Drama,2011.0,2011-04-18,United States,20.0,15.0,5.8,30,Mark Rosman,Camilla Luddington
54677,Four Days in October,Documentary,2010.0,2010-10-05,United States,,,6.6,4,,
160124,A Long and Happy Life,Drama,2013.0,2013-04-11,Russia,,,6.3,3,,
20216,Cookers,Drama,2001.0,2001-04-23,United States,,,6.0,7,,
76268,My Son,Drama,2006.0,2006-03-07,France,,,6.3,4,,
37828,Armadillo,Documentary,2010.0,2010-05-27,Denmark,1500000.0,,7.0,48,,
125700,Faat Kiné,Drama,2001.0,2001-02-11,Senegal,,,7.5,2,,
189197,The Pacific,Action,2010.0,2010-03-15,United States of America,120000000.0,,7.9,318,,
48567,Scary Godmother: Halloween Spooktakular,Animation,2003.0,2003-10-22,United States of America,,,6.0,4,,
25237,Come and See,Drama,1985.0,1985-07-01,Russia,,,8.1,174,,
264048,A Patriotic Man,Drama,2013.0,2013-12-04,Finland,2300000.0,,6.5,2,,
59474,Cazuza: Time Doesn't Stop,Drama,2004.0,2004-06-11,Brazil,,,6.9,34,,
82877,The Gospel of Judas,Documentary,2006.0,2006-04-05,United States of America,,,7.0,2,,
22599,The Hire: Star,Action,2001.0,2001-06-01,United States of America,,,7.2,18,,
10900,Surveillance,Horror,2008.0,2008-02-08,United States of America,3500000.0,1115493.0,6.0,111,,
10863,Eye of the Needle,Action,1981.0,1981-07-24,United Kingdom,,18000000.0,6.4,49,,
370835,Cold Deck,Drama,2015.0,2015-12-04,Canada,,,6.0,7,,
9062,Love Story,Drama,1970.0,1970-12-16,United States of America,2200000.0,136400000.0,6.6,123,,
27337,Linda Linda Linda,Comedy,2005.0,2005-07-23,Japan,,,7.3,34,,
347945,Synchronicity,Thriller,2015.0,2015-07-22,United States of America,,4505.0,5.7,114,,
284296,Top Five,Drama,2014.0,2014-12-12,United States of America,,25434291.0,6.3,212,,
43949,Flipped,Romance,2010.0,2010-08-06,United States of America,14000000.0,1755212.0,7.4,426,,
241287,Tropico,Fantasy,2013.0,2013-12-05,United States,,,8.4,30,,
12598,Jo,Comedy,1971.0,1971-08-31,France,,,7.1,49,,
131172,Nasty Habits,Comedy,1977.0,1977-03-18,United Kingdom,,,0.0,0,,
16985,Legally Blondes,Comedy,2009.0,2009-04-28,United States of America,,,4.4,48,,
73306,Karaoke Terror,Horror,2003.0,2003-11-08,Japan,,,6.5,4,,
86819,Alois Nebel,Animation,2011.0,2011-09-04,Czech Republic,,,6.5,8,,
47792,Voyage to Cythera,Drama,1984.0,1984-04-21,Greece,,,5.9,10,,
54405,Hear My Song,Comedy,1991.0,1991-12-27,United States,,,4.1,4,Peter Chelsom,
6418,Hotel Chevalier,Drama,2007.0,2007-09-03,France,,,7.1,204,,
267579,The Ardor,Western,2014.0,2014-05-14,Argentina,,,4.4,12,,
116312,The National Shotgun,Comedy,1978.0,1978-09-14,Spain,,1622164.0,7.2,14,,
24618,Bee Season,Drama,2005.0,2005-09-03,United States of America,14000000.0,6856989.0,5.2,26,Scott McGehee,Richard Gere
212058,Ordinary Sinner,Romance,2001.0,2001-10-21,United States of America,,,0.0,0,,
67323,The Adventures of Sebastian Cole,Drama,1998.0,1998-09-11,United States,,,6.5,2,,
380075,Fog in August,Drama,2016.0,2016-09-29,Germany,8000000.0,,7.5,16,,
36880,Wodaabe: Herdsmen of the Sun,Documentary,1989.0,1989-01-01,France,,,8.0,5,Werner Herzog,Werner Herzog
138853,Ghost,Mystery,2010.0,2010-11-13,Japan,,9833553.0,4.3,4,,
112160,Sexual Chronicles of a French Family,Comedy,2012.0,2012-05-09,France,,,4.3,93,,
24633,Phantom Pain,Drama,2009.0,2009-04-30,Germany,,,5.3,8,,
293452,The Disappointments Room,Drama,2016.0,2016-09-09,United States of America,15000000.0,,4.3,144,D.J. Caruso,
72642,Solitary,Thriller,2009.0,2009-03-29,United States of America,,,5.8,3,,
59333,Official Rejection,Comedy,2009.0,2009-04-04,United States of America,,,2.5,2,,
150747,Dead Man Talking,Comedy,2012.0,2012-10-03,Belgium,,,5.4,11,Patrick Ridremont,
31051,Lupin the Third: Bye Bye Liberty Crisis,Action,1989.0,1989-04-01,Japan,,,5.6,7,,
47610,Gravity,Crime,2010.0,2010-03-24,Germany,,,6.8,9,,
9559,A Perfect World,Crime,1993.0,1993-11-24,United States of America,30000000.0,135130999.0,7.2,376,,
64655,Archipelago,Drama,2010.0,2010-10-22,United Kingdom,,,5.0,15,,
9884,Collateral Damage,Action,2002.0,2002-02-06,United States of America,85000000.0,78382433.0,5.5,431,,
126760,Cancel My Reservation,,1972.0,1972-09-21,United States of America,,,4.0,2,,
276537,The Last Man on the Moon,Drama,2016.0,2016-02-26,United States,,,6.3,21,,
440708,Mom or Dad?,Comedy,2017.0,2017-02-14,Italy,,,5.6,61,,
415,Batman & Robin,Action,1997.0,1997-06-20,United Kingdom,125000000.0,238207122.0,4.2,1447,,
17832,Kull the Conqueror,Adventure,1997.0,1997-08-29,United States of America,,,5.2,39,,
27211,"Feyzo, the Polite One",Comedy,1978.0,1978-01-01,Turkey,,,6.6,5,,
12257,Home Fries,Drama,1998.0,1998-11-25,United States of America,15000000.0,10443316.0,4.8,32,,
26028,Jimi Plays Monterey,Music,1986.0,1986-10-23,United States of America,,,6.7,7,,
142758,Deadly Renovations,Horror,2010.0,2010-01-09,United States,,,3.0,1,,
75471,Twisted Desire,Crime,1996.0,1996-05-13,United States of America,,,4.3,6,,
376867,Moonlight,Drama,2016.0,2016-10-21,United States of America,4000000.0,65046687.0,7.3,1831,,
91673,Wolf and Calf,Animation,1984.0,1984-01-01,Russia,,,4.3,3,,
95077,"Dagmar's Hot Pants, Inc.",Drama,1971.0,1971-10-01,United States of America,,,3.5,2,,
120386,The Stud,Romance,1978.0,1978-08-17,United Kingdom,,,5.0,6,,
40012,Raising Jeffrey Dahmer,Drama,2006.0,2006-04-13,United States,,,5.0,1,,
250551,Gunday,Action,2014.0,2014-02-14,India,,,5.7,35,Ali Zafar,Ranveer Singh
273309,VeggieTales: Lord of the Beans,Family,2005.0,2005-06-01,United States of America,,,5.0,3,Mike Nawrocki,
68735,Warcraft,Action,2016.0,2016-05-25,Canada,160000000.0,433677183.0,6.3,2325,,
147441,Exodus: Gods and Kings,Adventure,2014.0,2014-12-03,Spain,140000000.0,268031828.0,5.6,1957,,
18736,The Lizzie McGuire Movie,Family,2003.0,2003-04-25,United States of America,17000000.0,55534455.0,5.8,292,,
148636,The Hunchback,Romance,1997.0,1997-03-16,United States of America,,,2.8,3,,
81215,Kinyarwanda,Drama,2011.0,2011-01-24,United States of America,400000.0,,6.3,4,,
229670,Manrape,Drama,1978.0,1978-02-24,Sweden,,,0.0,0,,
42983,A Lonely Woman,Drama,1987.0,1987-03-15,Poland,,,5.0,1,,
231218,Dog,Drama,2001.0,2001-08-16,United Kingdom,,,7.2,3,Andrea Arnold,
163202,A Borrowed Life,Drama,1994.0,1994-01-01,Taiwan,,,5.0,1,,
9921,Shadowboxer,Action,2005.0,2005-09-09,United States of America,,,5.7,24,,
16640,Pirates of the Great Salt Lake,Action,2006.0,2006-01-01,United States,,,5.0,1,,
13931,Mike's New Car,Animation,2002.0,2002-05-24,United States of America,,,6.9,141,,
40775,The Bostonians,Drama,1984.0,1984-01-01,United Kingdom,,,5.5,4,,
306555,Mio papà,Drama,2014.0,2014-11-27,it,,,7.3,7,,
84089,"Maradona, the Hand of God",Drama,2007.0,2007-03-29,it,,,5.6,7,Marco Risi,
325645,"Senza famiglia, nullatenenti cercano affetto",Drama,1972.0,1972-03-30,Italy,,,6.0,1,,
55061,Frankie & Alice,Drama,2010.0,2010-05-17,Canada,,693181.0,5.7,32,,
147538,It's Such a Beautiful Day,Fantasy,2012.0,2012-10-05,United States of America,,,7.8,94,Don Hertzfeldt,Don Hertzfeldt
109472,The Girl,Drama,2001.0,2001-06-06,United States,,,0.0,0,,
75900,My Week with Marilyn,Drama,2011.0,2011-10-17,United Kingdom,6400000.0,35057696.0,6.6,418,,
24357,Final Flight of the Osiris,Science Fiction,2003.0,2003-03-21,United States,,,7.0,41,Andrew R. Jones,Pamela Adlon
47462,Everyone,Comedy,2004.0,2004-09-30,United States,,,4.6,8,Bill Marchant,
376565,The Duelist,Action,2016.0,2016-09-29,Russia,12823507.0,6101904.0,6.0,20,,
76411,Times Square,Drama,1980.0,1980-10-17,United States of America,,,7.4,9,,
34086,Spaced Invaders,Comedy,1990.0,1990-04-27,United States of America,3000000.0,15369573.0,4.8,27,,
47251,Indian Summer,Drama,1972.0,1972-10-27,France,,,8.0,12,,
77118,I Accidentally Domed Your Son,Action,2004.0,2004-01-01,United States,,,7.0,1,,
54865,You Will Be Mine,Music,2009.0,2009-03-11,France,3000000.0,,5.8,18,,
9385,The Twelve Tasks of Asterix,Family,1976.0,1976-09-08,France,,,7.3,241,,
125360,Julie Johnson,Romance,2001.0,2001-01-01,United States of America,,,7.5,4,,
32536,Rejected,Animation,2000.0,2000-07-25,United States of America,,,7.5,50,,
68716,Venus & Vegas,Action,2010.0,2010-11-01,United States of America,,,3.4,10,,
149255,You Don't Know Bo,Documentary,2012.0,2012-12-08,United States,,,7.5,12,,
106682,The Comeback,Horror,1978.0,1978-06-16,United Kingdom,,,6.0,6,,
34193,Magic,Drama,1978.0,1978-11-08,United States of America,,,7.0,59,,
36298,"Me, Them And Lara",Comedy,2010.0,2010-01-01,Italy,,,5.4,42,,
42748,Bo,Drama,2010.0,2010-02-10,Belgium,,,5.5,9,,
10024,My Sister's Keeper,Drama,2009.0,2009-06-26,United States of America,30000000.0,95714875.0,7.1,614,,
39764,Glass: A Portrait of Philip in Twelve Parts,Documentary,2007.0,2007-09-07,United States,,20.0,6.4,5,Scott Hicks,Woody Allen
33997,Desert Flower,Drama,2009.0,2009-09-24,Austria,,14631377.0,7.2,82,,
50454,Christmas Angel,Comedy,2009.0,2009-11-10,United States of America,,,6.5,4,,
112054,Beyond Justice,Adventure,1992.0,1992-12-02,Italy,,,2.3,2,Duccio Tessari,
64393,Hard-Hearted,Crime,2007.0,2007-06-19,Russia,,,4.0,2,,
207766,Missionary,Drama,2013.0,2013-07-25,United States,,,5.1,7,,
175541,Black Nativity,Drama,2013.0,2013-11-27,United States of America,17500000.0,7018189.0,5.8,16,,
9607,Super Mario Bros.,Adventure,1993.0,1993-05-28,United Kingdom,48000000.0,20915465.0,4.0,236,,
37601,Tombs of the Blind Dead,Horror,1972.0,1972-04-10,Portugal,,,5.6,32,Amando de Ossorio,
21836,Humanity's End,Action,2009.0,2009-01-01,United States of America,,,2.3,10,,
122089,Something in the Air,Romance,2012.0,2012-09-02,France,,85154.0,5.8,29,,
92647,Easy Money II,Crime,2012.0,2012-08-16,Germany,,,5.9,22,,
11545,Rushmore,Comedy,1998.0,1998-09-17,United States of America,9000000.0,17096053.0,7.5,688,,
38876,"Włatcy móch. Ćmoki, Czopki i Mondzioły",Comedy,2009.0,2009-02-13,Poland,,,0.0,0,,
11788,Elizabeth I,Drama,2005.0,2005-09-29,United Kingdom,,,7.1,26,,
703,Annie Hall,Comedy,1977.0,1977-04-19,United States of America,4000000.0,38251425.0,7.8,1044,,
217129,SampleThis,Documentary,2013.0,2013-09-12,United States,,,6.0,5,,
41505,Shelter,Horror,2010.0,2010-03-27,United States of America,22000000.0,851517.0,5.7,213,,
211275,Kachche Dhaage,Action,1999.0,1999-07-31,United States,,,6.3,2,,
16214,Hooper,Action,1978.0,1978-07-28,United States of America,,78000000.0,6.1,36,,
17590,Deathtrap,Comedy,1982.0,1982-03-19,United States of America,,,6.7,58,,
343140,Office,Music,2015.0,2015-09-24,Hong Kong,,,6.8,6,,
18498,Ghoulies,Comedy,1984.0,1984-11-08,United States of America,1000000.0,35000000.0,4.2,58,,
11807,Jab We Met,Drama,2007.0,2007-10-26,India,2300000.0,4600000.0,7.2,55,,
52221,Loving Leah,Drama,2009.0,2009-01-25,United States of America,,,5.7,10,Jeff Bleckner,Lauren Ambrose
283686,Out of the Dark,Thriller,2014.0,2014-08-27,Spain,,,4.6,56,,
296633,The Whistleblower,Drama,2014.0,2014-10-02,South Korea,,,7.6,8,,
400045,Lea to the Rescue,Family,2016.0,2016-05-30,United States of America,,,5.4,5,,
102198,The Dive from Clausen's Pier,Drama,2005.0,2005-07-25,United States,,,3.0,2,,
114490,Raw Deal: A Question Of Consent,Documentary,2001.0,2001-01-20,United States of America,,,0.0,0,,
388907,Water Boyy,Romance,2015.0,2015-10-22,Thailand,,,1.0,2,,
43625,Heidi,Drama,2005.0,2005-08-19,United Kingdom,,,6.5,4,,
293850,The Magic of Heineken,Documentary,2014.0,2014-09-19,United States,,,0.0,0,,
226269,13/13/13,Horror,2013.0,2013-09-30,United States of America,,,4.0,15,James Cullen Bressack,
141055,Bikini Summer II,Comedy,1992.0,1992-01-01,United States,,,0.0,0,,
9675,Sideways,Comedy,2004.0,2004-10-22,United States of America,16000000.0,109502303.0,6.9,484,,
40555,Full Moon in Blue Water,Drama,1988.0,1988-11-23,United States,,,6.0,2,,
293299,Feast,Animation,2014.0,2014-11-07,United States of America,,,8.0,420,,
156981,Old 37,Horror,2015.0,2015-03-21,United States of America,,,4.3,10,,
41244,A Better Tomorrow III: Love and Death in Saigon,War,1989.0,1989-10-20,Hong Kong,,,6.2,14,,
434973,Sokkotanssi,,1999.0,1999-03-12,fi,,,0.0,0,,
289191,I Am Here,Drama,2014.0,2014-09-30,Denmark,,,4.9,22,,
11176,The Muppet Movie,Adventure,1979.0,1979-05-31,United States of America,,76657000.0,7.0,168,,
202980,Les Petits princes,Comedy,2013.0,2013-06-26,France,,,6.8,57,,
45458,The Romance of Astrea and Celadon,Drama,2007.0,2007-09-01,Spain,,,5.3,10,,
238215,The Cobbler,Fantasy,2014.0,2014-09-11,United States of America,,,5.5,565,,
40264,Vampires Suck,Horror,2010.0,2010-08-18,United States of America,20000000.0,80547866.0,4.2,326,,
89857,High Road,Comedy,2012.0,2012-03-06,United States of America,,,5.8,22,,
285595,My Own Man,Comedy,2014.0,2014-03-06,United States of America,,,7.3,3,,
15196,Clue,Comedy,1985.0,1985-12-13,United States of America,15000000.0,14643997.0,7.1,377,,
149657,Dad,Drama,2010.0,2010-10-25,Slovenia,,,6.5,2,,
28205,The Class,Drama,2007.0,2007-03-16,Estonia,,,7.6,54,,
203182,Can't Stand Losing You: Surviving The Police,Documentary,2012.0,2012-11-23,United States,,,5.8,4,,
63186,La pelle,Drama,1981.0,1981-08-27,Italy,,,5.3,4,,
19114,Endless Love,Romance,1981.0,1981-07-17,United States of America,,32492674.0,5.0,34,,
270936,Ellen ten Damme: As I Was Wondering Where This Mixed-up Little Life of Mine Was Leading To,Documentary,2007.0,2007-04-19,United States,,,0.0,0,,
227094,The Returned,Horror,2013.0,2013-11-15,Spain,,,6.2,86,,
69278,Phase 7,Thriller,2011.0,2011-07-13,Argentina,600000.0,,4.9,23,,
9270,Brick,Drama,2005.0,2005-01-30,United States of America,475000.0,3919254.0,6.8,366,,
411007,Abacus: Small Enough to Jail,Documentary,2017.0,2017-05-19,United States of America,,,8.5,2,,
51298,Disney's Very Merry Christmas Sing Along Songs,Music,2002.0,2002-11-05,United States,,,7.1,6,,
144206,Whistle and I'll Come to You,Horror,2010.0,2010-12-24,United Kingdom,,,6.0,3,,
188529,Victoria Day,Drama,2009.0,2009-01-17,Canada,1.0,,0.0,0,David Bezmozgis,
198450,The Cannibals,Drama,1988.0,1988-06-02,United States,,,7.7,3,Manoel de Oliveira,
62977,The Lost Bladesman,History,2011.0,2011-04-28,China,,,6.3,43,Felix Chong,
4658,Arctic Tale,Documentary,2007.0,2007-06-17,United States of America,,,6.6,8,,
21786,Cold Prey,Drama,2006.0,2006-10-13,Norway,,,6.3,91,,
96288,Paris Was a Woman,Documentary,1996.0,1996-02-19,Germany,,,7.0,1,,
17099,Hanzo the Razor: Sword of Justice,Foreign,1972.0,1972-12-30,Japan,,,6.0,15,,
7446,Tropic Thunder,Action,2008.0,2008-08-09,United States of America,92000000.0,188072649.0,6.5,1707,,
18764,Twin Dragons,Comedy,1992.0,1992-01-15,Hong Kong,10000000.0,8359717.0,6.2,72,,
279960,I Am Road Comic,Comedy,2014.0,2014-04-14,United States of America,,,7.0,2,,
9277,The Sting,Comedy,1973.0,1973-12-25,United States of America,5500000.0,159616327.0,7.9,639,,
16384,My Blue Heaven,Action,1990.0,1990-08-17,United States of America,,,6.0,72,Herbert Ross,
27273,The Flight of Dragons,Animation,1982.0,1982-08-17,United States,,,7.0,20,,
32582,The Message,Drama,2009.0,2009-09-22,China,,,7.2,27,,
37296,Protocol,Comedy,1984.0,1984-12-21,United States of America,,,6.0,21,Herbert Ross,Goldie Hawn
15165,Barbie as The Princess & the Pauper,Animation,2004.0,2004-09-28,Canada,,,6.9,193,,
143876,Very Russian Detective,Mystery,2008.0,2008-11-20,Russia,,,3.0,2,,
19507,Neighbors,Comedy,1981.0,1981-12-18,United States of America,8500000.0,29916207.0,5.2,33,,
10711,French Connection II,Action,1975.0,1975-05-18,United States of America,,12484444.0,6.6,95,,
11558,Silver Streak,Comedy,1976.0,1976-12-03,United States of America,6500000.0,51079064.0,6.8,101,,
74154,Nuvvostanante Nenoddantana,Drama,2005.0,2005-01-14,te,,,5.6,6,,
2539,Spanglish,Comedy,2004.0,2004-12-17,United States of America,80000000.0,55041367.0,5.8,375,,
294085,Valerie Inside Outside,Drama,1972.0,1972-05-30,Italy,,,0.0,0,,
625,The Killing Fields,War,1984.0,1984-11-02,United Kingdom,14400000.0,34700291.0,7.5,180,,
10865,Atlantis: The Lost Empire,Animation,2001.0,2001-06-02,United States of America,120000000.0,186053725.0,6.7,1257,,
346641,The Nightmare,Drama,2015.0,2015-07-01,Germany,85876.0,,6.3,26,,
32517,"Justice, My Foot!",Comedy,1992.0,1992-01-01,Hong Kong,,,7.0,20,,
74239,Message to Love: The Isle of Wight Festival,Documentary,1996.0,1996-02-15,United Kingdom,,,6.4,4,,
251736,Listen Up Philip,Comedy,2014.0,2014-10-17,Greece,,,5.9,61,,
314283,A Perfect Christmas List,Comedy,2014.0,2014-12-14,United States of America,,,0.0,0,,
18747,Election,Crime,2005.0,2005-05-14,Hong Kong,,,6.7,51,,
11639,The Dark Crystal,Fantasy,1982.0,1982-12-17,United Kingdom,15000000.0,40577001.0,7.3,233,,
11813,Il soldato di ventura,Action,1976.0,1976-02-19,Italy,,,5.1,16,,
193418,Regret,Drama,2013.0,2013-06-18,Netherlands,,,7.6,37,,
81541,Women in Cell Block 7,Crime,1973.0,1973-07-05,Italy,,,5.5,2,,
196784,Something Big,Western,1971.0,1971-11-19,United States of America,,,4.5,2,,
159207,Delhi Dance,Drama,2012.0,2012-11-29,Russia,,30292.0,8.0,3,Ivan Vyrypaev,Karolina Gruszka
36224,Subconscious Cruelty,Horror,2000.0,2000-10-12,Canada,100.0,,5.8,17,,
8932,Salt of This Sea,Drama,2008.0,2008-05-16,Palestinian Territory,,,6.7,5,,
293412,Running Wild,Adventure,1995.0,1995-01-01,United States,,,10.0,1,,
379689,Alcina,Music,1999.0,1999-12-01,Germany,,,0.0,0,,
78278,Special Delivery,Comedy,2002.0,2002-12-11,France,,,0.0,0,Jeanne Labrune,Sandrine Kiberlain
313653,Rege,Thriller,2014.0,2014-08-15,India,,,8.0,1,,
79234,Wandering Sagittarius,Romance,1993.0,1993-06-06,Russia,,,1.0,1,,
34723,The Adventures of Huck Finn,Action,1993.0,1993-04-02,United States of America,6500000.0,,6.2,43,,
16995,State of Play,Action,2009.0,2009-04-17,France,60000000.0,87784194.0,6.7,489,,
26173,Mr. Majestyk,Action,1974.0,1974-07-17,United States of America,,,7.0,32,,
48259,Crimes of the Heart,Drama,1986.0,1986-12-12,United States of America,,22905522.0,6.0,17,,
65900,Of Parents and Children,Drama,2008.0,2008-03-06,Czech Republic,,,0.0,0,,
78698,Big Miracle,Adventure,2012.0,2012-02-02,United Kingdom,40000000.0,24719215.0,6.6,153,,
10611,Barbershop,Comedy,2002.0,2002-04-01,United States of America,12000000.0,75781642.0,6.2,139,,
367108,Bathroom Break,,2015.0,2015-10-31,Netherlands,,,6.7,3,,
16999,Fire and Ice: The Dragon Chronicles,Drama,2008.0,2008-09-18,Romania,3000000.0,,4.5,22,,
10972,Session 9,Horror,2001.0,2001-08-10,United States of America,1500000.0,373967.0,6.2,255,,
8470,John Q,Drama,2002.0,2002-02-15,United States of America,36000000.0,102244770.0,7.0,604,,
37848,The Treasure Hunter,Action,2009.0,2009-12-09,Taiwan,,,3.9,10,,
81556,The Foster Boy,Drama,2011.0,2011-11-03,Germany,,,7.0,11,,
12762,Broadway Danny Rose,Comedy,1984.0,1984-01-27,United States of America,8000000.0,10600497.0,7.2,104,,
18406,Chained Heat,Action,1983.0,1983-05-27,Germany,,,4.6,14,,
86236,Dying Room Only,Drama,1973.0,1973-09-18,United States of America,,,6.8,5,,
34151,Blame It on the Bellboy,Comedy,1992.0,1992-03-06,United Kingdom,,,5.8,15,,
166393,Burning an Illusion,,1981.0,1981-11-13,United Kingdom,,,0.0,0,,
54700,The Presence,Drama,2010.0,2010-08-04,United States of America,,,4.3,29,,
20914,My Friends,Comedy,1975.0,1975-06-06,Italy,,,7.9,112,,
95538,To Die Like a Man,Drama,2009.0,2009-10-06,France,,,6.4,5,,
11309,Hardware,Horror,1990.0,1990-09-14,United Kingdom,1500000.0,5728953.0,5.6,88,,
52059,The Gate of Heavenly Peace,Documentary,1995.0,1995-01-01,United States,,,6.7,3,,
302323,Manhattan Romance,Romance,2015.0,2015-10-02,United States of America,,,5.3,10,,
13767,The Santa Clause 3: The Escape Clause,Comedy,2006.0,2006-11-01,United States of America,12000000.0,84500122.0,5.0,241,,
7341,The Rage: Carrie 2,Horror,1999.0,1999-03-11,United States of America,21000000.0,17762705.0,5.1,79,,
10803,Logan's Run,Adventure,1976.0,1976-06-23,United States of America,9000000.0,25000000.0,6.6,272,,
255843,Slumber Party '57,,1976.0,1976-08-31,United States,,,0.0,0,,
73147,Peeping Toms,Comedy,1973.0,1973-06-06,Israel,,,5.0,1,Uri Zohar,
32092,Under the Bombs,Romance,2007.0,2007-09-02,France,,,7.0,4,,
357125,The Sixties,,2013.0,2013-06-14,United States,,,6.8,4,,
25188,The Last Picture Show,Drama,1971.0,1971-10-03,United States of America,1300000.0,29133000.0,7.6,133,,
92940,Perry Mason: The Case of the Wicked Wives,Drama,1993.0,1993-12-17,United States,,,7.0,1,,
33783,It's Pat,Comedy,1994.0,1994-08-26,United States of America,,,3.4,16,,
330697,Belgica,Drama,2016.0,2016-03-02,France,,,5.9,45,,
387845,Musudan,Mystery,2016.0,2016-03-03,South Korea,500.0,500.0,5.5,3,,
91891,The Unholy Rollers,Action,1972.0,1972-11-10,United States of America,,,5.6,6,,
25160,George Carlin: Doin' it Again,TV Movie,1990.0,1990-03-23,United States of America,,,7.2,9,,
14534,Rudy,Drama,1993.0,1993-09-17,United States of America,12000000.0,22750363.0,7.2,187,,
49689,Broken Wings,Drama,2002.0,2002-10-24,Israel,,,6.8,13,,
261102,The Club of the Misunderstood,Drama,2014.0,2014-12-25,Spain,,,6.7,104,,
250558,Water Damage,Thriller,1999.0,1999-07-30,United States,,,2.0,1,,
12182,Nick and Norah's Infinite Playlist,Comedy,2008.0,2008-10-03,United States of America,9000000.0,32973937.0,6.4,387,,
168114,Murder 3,Thriller,2013.0,2013-02-14,India,,,3.9,8,,
161361,The Forbidden Quest,Documentary,1993.0,1993-04-08,Netherlands,,,0.0,0,,
37949,A Monkey's Tale,Adventure,1999.0,1999-06-02,Hungary,,,6.3,7,Jean-François Laguionie,
310307,The Founder,Drama,2016.0,2016-11-24,United States of America,25000000.0,23964782.0,7.0,855,,
112456,Hardflip,Drama,2012.0,2012-06-01,United States,1000000.0,,4.7,5,,
392058,"Fear, Inc.",Horror,2016.0,2016-04-15,United States,,,5.6,51,,
198511,The Left-Handed Woman,Drama,1978.0,1978-05-25,Germany,,,7.0,2,,
125926,Åke and His World,Drama,1984.0,1984-10-26,Sweden,,,0.5,1,,
89417,Get to Know Your Rabbit,Comedy,1972.0,1972-06-01,United States of America,,,7.0,3,,
38780,Rampage,Action,2009.0,2009-08-14,Canada,,,6.0,132,,
35395,Bunny and the Bull,Comedy,2009.0,2009-11-27,United Kingdom,,81010.0,6.5,23,,
143240,Nigdy w życiu!,Comedy,2004.0,2004-02-13,Poland,,,5.7,9,,
4880,Nichts als Gespenster,Comedy,2006.0,2006-11-29,Germany,,,6.0,2,,
34184,The Burglars,Action,1971.0,1971-10-31,France,,,6.5,7,,
113882,Islander,Drama,2006.0,2006-01-01,United States,,,5.0,1,,
134738,Roseland,Drama,1977.0,1977-10-02,United States of America,,,6.0,1,,
332749,The Forecaster,Documentary,2014.0,2014-11-24,United States of America,,,7.3,9,,
139,Mifune,Romance,1999.0,1999-03-12,Denmark,,,6.8,16,,
296367,Morning Star,Fantasy,2014.0,2014-04-14,Italy,3000000.0,,1.5,5,,
7007,Rising Sun,Action,1993.0,1993-07-30,United States of America,,107198790.0,5.8,188,,
15314,Mini's First Time,Comedy,2006.0,2006-05-01,United States of America,,,5.2,25,,
40662,Batman: Under the Red Hood,Action,2010.0,2010-07-27,United States of America,,6629178.0,7.6,459,,
14525,Adrift in Tokyo,Comedy,2007.0,2007-11-10,Japan,,,7.2,19,,
291865,From the Dark,Horror,2014.0,2014-04-14,Ireland,,,5.5,48,,
119364,The Take,Action,1974.0,1974-05-01,United Kingdom,,,8.0,1,,
40572,How Bruce Lee Changed the World,Documentary,2009.0,2009-05-17,United States of America,,,7.8,5,,
164379,Brooklyn Dodgers: The Ghosts of Flatbush,,2007.0,2007-07-11,United States,,,8.5,2,,
248576,Sanatorium,Thriller,2013.0,2013-10-18,United States of America,,,5.4,13,,
37209,The Saddest Music in the World,Comedy,2003.0,2003-09-17,Canada,,,7.9,18,,
252189,Camp Dread,Thriller,2014.0,2014-04-15,United States of America,,,4.6,8,,
60948,On the Comet,Adventure,1970.0,1970-10-09,Czech Republic,,,5.6,6,,
27012,Bone,Comedy,1972.0,1972-07-01,United States of America,,,8.3,4,Larry Cohen,
287594,Dukhtar,Drama,2014.0,2014-09-18,Norway,,,6.4,7,,
308017,Silent Retreat,Mystery,2016.0,2016-01-12,United States,,,3.8,7,,
1634,Free Willy,Family,1993.0,1993-07-16,France,20000000.0,153698625.0,6.0,429,,
75244,A Feast At Midnight,Family,1994.0,1994-11-01,United Kingdom,,,3.0,2,,
58084,Julia and Julia,Drama,1987.0,1987-01-01,it,,,6.0,5,,
9036,Eight Below,Adventure,2006.0,2006-02-17,United States of America,40000000.0,120455994.0,6.7,553,,
16370,Aspen Extreme,Drama,1993.0,1993-01-22,United States of America,,8041049.0,5.3,12,,
11892,Murder by Numbers,Crime,2002.0,2002-04-19,United States of America,50000000.0,56714147.0,6.0,275,,
21484,Possession,Drama,1981.0,1981-05-27,Germany,,,6.9,153,,
17285,Kill Buljo,Action,2007.0,2007-03-23,Norway,160000.0,,6.6,12,Tommy Wirkola,
39850,Eros,Drama,2004.0,2004-09-09,France,,,5.0,16,,
18489,The Yes Men Fix the World,Documentary,2009.0,2009-01-18,France,,,7.0,29,,
140605,Certain Fury,,1985.0,1985-03-01,United States of America,,,6.3,3,,
396810,The Last Word,Comedy,2017.0,2017-03-03,United States of America,,1783421.0,6.5,59,,
10866,Joy Ride,Mystery,2001.0,2001-10-05,United States of America,23000000.0,36642838.0,6.3,328,,
73077,Things from Another World,Comedy,2011.0,2011-09-03,Italy,,,5.1,13,,
16059,Oneway-Ticket to Korsør,Drama,2008.0,2008-09-18,Denmark,,,4.0,1,,
42040,King David,Action,1985.0,1985-03-29,United Kingdom,,,6.1,7,,
11427,Dead End,Mystery,2003.0,2003-01-30,France,,,6.6,121,,
332177,Vendetta,Action,2015.0,2015-06-12,United States of America,,,5.6,35,,
53389,Trader Games,Drama,2010.0,2010-09-01,France,,,5.5,6,,
103048,China Gate,Foreign,1998.0,1998-11-27,India,,,5.4,4,,
9809,Let's Go to Prison,Comedy,2006.0,2006-11-17,United States of America,4000000.0,4630045.0,5.5,70,,
23478,Mozart and the Whale,Comedy,2005.0,2005-09-10,United States of America,12000000.0,84967.0,6.5,41,,
134374,Pain & Gain,Thriller,2013.0,2013-04-18,United States of America,25000000.0,86175291.0,6.1,1595,,
87851,New Muslim Cool,Documentary,2009.0,2009-10-14,United States of America,,,0.0,0,,
36430,The Stickup,Action,2002.0,2002-02-01,United States,,,5.0,4,,
42495,King Lear,Drama,1971.0,1971-02-04,Denmark,,,8.0,3,Peter Brook,
86838,Seven Psychopaths,Comedy,2012.0,2012-09-07,United Kingdom,15000000.0,19422261.0,6.7,1224,,
25060,Zombie Honeymoon,Horror,2004.0,2004-01-01,United States of America,,,4.4,12,,
10154,Mickey Blue Eyes,Comedy,1999.0,1999-08-16,United Kingdom,,,5.3,142,,
17216,Rx (Simple Lies),Action,2005.0,2005-04-21,United States of America,,,5.8,6,,
100057,American Animal,Comedy,2012.0,2012-05-18,United States of America,,,5.2,6,,
8489,Ali,Drama,2001.0,2001-12-11,United States of America,107000000.0,87713825.0,6.7,457,,
260310,Space Dogs 2,Adventure,2014.0,2014-02-06,Russia,6000000.0,,4.2,3,,
253254,Before I Disappear,Drama,2014.0,2014-10-11,United Kingdom,,8251.0,6.5,66,,
70042,Theremin: An Electronic Odyssey,Documentary,1994.0,1994-01-29,United States,,,5.2,3,Steven M. Martin,
694,The Shining,Horror,1980.0,1980-05-22,United States of America,19000000.0,44017374.0,8.1,3890,,
176896,Heavy Metal Britannia,Documentary,2010.0,2010-03-07,United Kingdom,,,5.8,4,,
41498,One Piece Film Strong World,Animation,2009.0,2009-12-12,Japan,,53000000.0,7.4,68,,
17941,Hush,Drama,1998.0,1998-03-06,United States of America,,,5.9,44,,
28198,Vampire in Venice,Horror,1988.0,1988-09-15,Italy,,,8.5,2,,
53743,Wild Combination: A Portrait of Arthur Russell,Documentary,2008.0,2008-09-26,United States,,,6.3,3,,
339987,The Exception,Drama,2017.0,2017-06-02,United Kingdom,,,6.5,31,,
221161,Devoured,Thriller,2012.0,2012-05-05,United States of America,,,6.4,13,,
72592,Honey and Clover,Drama,2006.0,2006-07-22,Japan,,,6.1,13,,
350849,La Novia,Drama,2015.0,2015-12-11,Germany,,,6.7,27,,
13755,A Town Without Christmas,Family,2001.0,2001-12-16,United States of America,,,5.5,3,,
83406,Northeast,Drama,2012.0,2012-01-12,United States,,,0.0,0,,
38322,"Big Mommas: Like Father, Like Son",Crime,2011.0,2011-02-16,United States of America,32000000.0,83615414.0,5.3,322,,
61854,Something Ventured,Documentary,2011.0,2011-04-01,United States,,,6.7,9,,
28844,"Black Emmanuelle, White Emmanuelle",Drama,1976.0,1976-08-06,Italy,,,4.0,4,,
187851,They Bite,Comedy,1996.0,1996-01-01,United States,,,5.5,1,,
11318,The Madness of King George,Comedy,1994.0,1994-12-28,United Kingdom,,,6.7,67,,
296449,Francofonia,Documentary,2015.0,2015-11-11,France,,,6.8,19,,
124902,A Dangerous Man: Lawrence After Arabia,,1992.0,1992-04-18,United Kingdom,,,8.5,4,,
247112,Smoke on the Potato Fields,Drama,1977.0,1977-10-01,Czech Republic,,,6.0,1,,
14398,Gang Related,Action,1997.0,1997-10-08,United States of America,,5790448.0,6.5,32,,
9359,Maverick,Action,1994.0,1994-05-20,United States of America,,,6.6,490,,
16135,Mister Lonely,Comedy,2008.0,2008-12-17,United Kingdom,,,6.6,21,,
298,Ocean's Thirteen,Crime,2007.0,2007-06-07,United States of America,85000000.0,311312624.0,6.5,2040,,
174322,Gasland Part II,Documentary,2013.0,2013-04-20,United States,,,7.5,11,,
83443,Girl Model,Documentary,2011.0,2011-09-08,United States of America,,,6.5,30,,
210966,Fallen City,Action,2011.0,2011-05-09,China,,,5.8,6,,
10871,Switchback,Action,1997.0,1997-10-31,United States of America,37000000.0,6482195.0,5.8,52,,
79464,Rockstar,Drama,2011.0,2011-11-11,hi,10920000.0,19660000.0,7.4,45,,
171755,Genius on Hold,Documentary,2013.0,2013-03-01,United States of America,,,6.7,3,,
67701,Right America:  Feeling Wronged,Documentary,2009.0,2009-02-15,United States,,,0.0,0,,
65386,Officers,Drama,1971.0,1971-07-26,Russia,,,7.4,14,,
88309,The Purple Taxi,Drama,1977.0,1977-05-20,Italy,,,6.0,3,,
60695,Sundays at Tiffany's,Drama,2010.0,2010-12-06,United States of America,,,5.5,24,,
18517,Mr. Fix It,Comedy,2006.0,2006-12-26,United States of America,,,4.8,6,,
1777,Fahrenheit 9/11,,2004.0,2004-06-25,United States of America,6000000.0,119114517.0,6.9,403,,
135368,The Barrens,Horror,2012.0,2012-09-28,Canada,,,5.1,43,,
9835,Jane Austen's Mafia!,Comedy,1998.0,1998-07-24,United States of America,10000000.0,19000000.0,5.4,52,,
10366,Universal Soldier: The Return,Action,1999.0,1999-08-05,United States of America,45000000.0,10667893.0,4.2,138,,
78224,Certain Prey,Crime,2011.0,2011-11-06,United States of America,,,4.3,10,,
413547,Kahaani 2,Crime,2016.0,2016-12-01,India,,,6.2,12,,
85200,Island of Blood,Horror,1982.0,1982-01-08,United States,,,2.0,1,,
37556,Charlie Brown's Christmas Tales,Comedy,2002.0,2002-12-08,United States,,,5.8,4,,
39333,180° South: Conquerors of the Useless,Comedy,2010.0,2010-02-10,United States,,,6.6,20,,
84305,Lay the Favorite,Drama,2012.0,2012-06-22,United Kingdom,26350000.0,1576687.0,4.9,69,,
155596,Tokyo Trial,War,1983.0,1983-06-04,Japan,,,5.0,1,,
75822,Hercules and the Circle of Fire,Action,1994.0,1994-11-05,New Zealand,,,5.0,15,,
91627,Love Me Deadly,Horror,1973.0,1973-01-05,United States of America,42500.0,,4.9,6,,
17684,Chouchou,Comedy,2003.0,2003-03-19,France,,,5.3,106,,
13589,Eddie Izzard: Dress to Kill,Comedy,1999.0,1999-06-14,United States,,,8.1,17,,
42135,Querelle,Drama,1982.0,1982-08-05,Germany,,,6.5,20,,
84324,The Super Cops,Drama,1974.0,1974-03-20,United States of America,,,6.2,7,Gordon Parks,Ron Leibman
352186,Good Kids,Comedy,2016.0,2016-10-21,United States of America,,,6.4,69,,
15135,Feast III: The Happy Finish,Horror,2009.0,2009-02-17,United States of America,,,5.0,42,,
75074,Touchback,Drama,2011.0,2011-04-13,United States of America,,,5.5,26,Don Handfield,
231145,Tom Papa: Freaked Out,Comedy,2013.0,2013-04-16,United States of America,,,0.0,0,,
118758,Atolladero,,1997.0,1997-01-01,Spain,,,7.0,1,,
62491,My Sister and I,Comedy,1987.0,1987-12-19,Italy,,,8.0,2,,
11390,The Olsen Gang in Jutland,Family,1971.0,1971-10-08,Denmark,,,7.3,10,,
276819,Dot and the Whale,Fantasy,1986.0,1986-11-10,Australia,,,0.0,0,,
238713,Spy,Action,2015.0,2015-05-06,United States of America,65000000.0,235666219.0,6.9,2590,,
408290,Mister Universo,Drama,2016.0,2016-08-06,Italy,,,0.0,0,,
447113,Monster High: Electrified,Family,2017.0,2017-04-04,United States of America,,,6.9,8,,
357424,Almost Adults,Comedy,2016.0,2016-10-15,Canada,,,6.0,40,,
54503,The Mystery of Chess Boxing,Action,1979.0,1979-01-01,Hong Kong,,,5.9,5,,
60608,How I Killed My Father,Drama,2001.0,2001-09-19,France,,,6.3,3,Anne Fontaine,
312963,Macropolis,Animation,2012.0,2012-07-05,United Kingdom,,,0.0,0,,
347331,Baji,Action,2015.0,2015-02-06,India,,,0.0,0,,Shreyas Talpade
11827,Heavy Metal,Animation,1981.0,1981-08-07,Canada,9300000.0,,6.3,150,,
31142,Jet Boy,Drama,2001.0,2001-09-30,Canada,1200000.0,,7.2,9,,
182415,"Bianca come il latte, rossa come il sangue",Drama,2013.0,2013-04-02,Italy,,,6.3,153,,
73941,Limelight,Documentary,2011.0,2011-09-23,United States of America,,,5.4,4,,
267048,The Pyramid,Thriller,2007.0,2007-01-01,Sweden,,,6.0,1,,
78992,The Passenger,,2006.0,2006-03-22,France,,,5.7,3,Éric Caravaca,
40629,The Mikado,Drama,1987.0,1987-01-01,United States,,,0.0,0,,Eric Idle
214446,Someone to Love,,1988.0,1988-04-21,United States,,,5.0,1,Henry Jaglom,
202637,A Cry in the Wilderness,Thriller,1974.0,1974-03-26,United States of America,,,0.0,0,,
308369,Me and Earl and the Dying Girl,Comedy,2015.0,2015-06-12,United States of America,,,7.7,962,,
375950,The Country Doctor,Drama,2016.0,2016-03-23,France,,,6.0,67,,
63483,Cyber Seduction: His Secret Life,Drama,2005.0,2005-06-20,United States,,,3.5,13,,
44637,Trevor Noah: The Daywalker,Comedy,2009.0,2009-11-05,South Africa,,,7.4,4,,
38034,The Heroine,Action,1973.0,1973-04-26,Hong Kong,,,4.4,9,,
40930,If You Only Knew,Comedy,2000.0,2000-03-05,United States,,,5.5,2,,
38155,Zu: Warriors from the Magic Mountain,Action,1983.0,1983-02-05,Hong Kong,,,6.6,14,,
127546,Driving Me Crazy,Comedy,1988.0,1988-09-10,United States,,,5.0,1,,
8960,Hancock,Fantasy,2008.0,2008-07-01,United States of America,150000000.0,624029371.0,6.2,3050,,
84254,The Adventures of Sherlock Holmes and Dr. Watson: The Hound of the Baskervilles,Crime,1981.0,1981-01-02,Russia,,,7.5,21,Igor Maslennikov,Vasiliy Livanov
136793,Dino Time,Animation,2012.0,2012-12-07,United States of America,,,4.5,12,,
287647,Cart,Drama,2014.0,2014-11-13,South Korea,,,6.8,5,,
300665,Leatherface,Horror,2017.0,2017-09-14,United States of America,,,5.7,62,,
59191,Eloise at Christmastime,Family,2003.0,2003-11-23,United States of America,,,5.1,15,,
1949,Zodiac,Crime,2007.0,2007-03-02,United States of America,65000000.0,84785914.0,7.3,2080,,
18596,The Jammed,Drama,2007.0,2007-01-01,Australia,,,7.0,7,,
75531,Isn't She Great,Drama,2000.0,2000-01-28,United States of America,36000000.0,3003296.0,4.6,14,,
49823,The Lightship,Thriller,1986.0,1986-09-26,United States of America,,,4.0,5,Jerzy Skolimowski,
14878,The Objective,Action,2008.0,2008-04-28,Morocco,,,5.8,56,,
40168,Scarecrows,Horror,1988.0,1988-09-28,United States of America,425000.0,,5.4,37,,
338518,Age Of Kill,Action,2015.0,2015-06-15,United Kingdom,,,4.8,2,,
419786,Doctor Who: Time Crash,Science Fiction,2007.0,2007-11-16,United States,,,8.0,12,,
52989,How the Toys Saved Christmas,Animation,1996.0,1996-12-05,Italy,,,6.8,18,,
70740,Goblin,Horror,2010.0,2010-07-13,Canada,,,5.0,8,,
17915,Dance with Me,Drama,1998.0,1998-08-21,United States of America,,15.0,5.6,24,,
126015,America before Columbus,Documentary,2009.0,2009-11-22,United States,,,9.0,1,,
207720,Treasure Island,Adventure,1982.0,1982-12-31,Russia,,,7.0,2,,
53172,Henry's Crime,Crime,2010.0,2010-01-14,United States of America,12000000.0,204940.0,5.8,110,,
109264,This Is Elvis,Drama,1981.0,1981-04-04,United States,5000000.0,2028612.0,6.9,5,,
360784,Hidden,Thriller,2015.0,2015-09-15,United States of America,,,6.5,189,,
2335,Taxi 4,Action,2007.0,2007-02-10,France,,,5.4,317,Gérard Krawczyk,
101520,Reel Injun,Documentary,2009.0,2009-09-10,Canada,,,7.1,8,,
27836,Summer Camp Nightmare,Thriller,1987.0,1987-04-17,United States of America,,,5.5,3,,
105246,Basic Training,Comedy,1985.0,1985-11-01,United States of America,,,6.5,2,,
103073,Ardh Satya,Drama,1983.0,1983-08-19,India,,,6.7,5,,
21202,Madame Butterfly,,1995.0,1995-11-22,United States,,,4.8,3,,
173497,We Cause Scenes,,2014.0,2014-01-08,United States,,,7.8,4,,
4975,Love Is the Devil: Study for a Portrait of Francis Bacon,TV Movie,1998.0,1998-09-16,United Kingdom,,,6.7,19,,
44268,Superfantozzi,Comedy,1986.0,1986-12-23,Italy,,,6.3,62,,
30459,Fracchia Against Dracula,Comedy,1985.0,1985-12-20,Italy,,,5.8,40,,
53197,A Grin Without a Cat,Documentary,1977.0,1977-11-23,France,,,8.3,4,,
36692,Bloodsport III,Action,1996.0,1996-12-05,United States of America,,,4.6,14,,
61015,"UltraMarathon Man: 50 Marathons, 50 States, 50 Days",Documentary,2008.0,2008-07-31,United States,,,5.5,2,,
220724,Armageddon,Fantasy,1997.0,1997-01-01,cn,,,0.0,0,Gordon Chan,
10159,The Rundown,Adventure,2003.0,2003-09-26,United States of America,85000000.0,80916492.0,6.4,523,,
117345,Mast,Drama,1999.0,1999-10-15,hi,,,4.3,3,Ram Gopal Varma,
64155,La Notte del mio primo amore,Thriller,2006.0,2006-08-11,Italy,,,4.0,1,,
32151,Triangle,Thriller,2007.0,2007-10-01,China,5000000.0,,6.2,13,,
69069,The Chant of Jimmie Blacksmith,Crime,1978.0,1978-06-21,Australia,1380000.0,,6.7,10,,
249660,God's Not Dead,Drama,2014.0,2014-03-21,United States of America,17000000.0,29789000.0,5.9,242,,
5491,Battlefield Earth,Action,2000.0,2000-05-10,United States of America,44000000.0,21400000.0,3.0,259,,
102,Open Hearts,Drama,2002.0,2002-09-06,Denmark,,,6.8,27,,
12453,Stupid Boy,Comedy,2004.0,2004-03-10,Switzerland,,,4.4,9,,
62878,Riverworld,Drama,2010.0,2010-04-18,United States of America,,,4.3,14,,
255268,Bad Ass 2: Bad Asses,Action,2014.0,2014-04-08,United States of America,5500000.0,,5.7,77,,
7267,TBS,Thriller,2008.0,2008-01-31,Belgium,,,6.9,8,Pieter Kuijpers,
15638,Ultimate Heist,Action,2009.0,2009-03-03,France,,,4.7,31,,
69976,Glukhar v kino,,2010.0,2010-05-06,Russia,2500000.0,1477030.0,5.9,4,,
42452,The House of Seven Corpses,Horror,1974.0,1974-02-01,United States of America,,,4.9,10,,
57558,Vacuuming Completely Nude in Paradise,Comedy,2001.0,2001-08-23,United States,,,5.0,8,Danny Boyle,
55327,Moebius Redux: A Life in Pictures,Documentary,2007.0,2007-01-01,France,,,0.0,0,,
385317,Hot Bot,Comedy,2016.0,2016-03-01,United States of America,,,4.2,38,,
351901,12 Rounds 3: Lockdown,Action,2015.0,2015-09-11,United States of America,,,4.6,41,,
149893,Two Lives,Drama,2012.0,2012-10-19,Germany,,,6.3,22,,
205584,Gods of Egypt,Fantasy,2016.0,2016-02-25,Australia,140000000.0,150680864.0,5.2,1303,,
31911,Mr. Wonderful,Comedy,1993.0,1993-10-15,United States of America,,,5.5,11,,
13939,Death Wish,Action,1974.0,1974-07-24,United States of America,3000000.0,22000000.0,7.0,165,,
63300,Be My Husband,Comedy,1981.0,1981-06-06,Russia,,,4.5,2,,
85013,Hyper Sapien: People from Another Star,Science Fiction,1986.0,1986-12-01,United States,,,0.0,0,,
86835,Knight of Cups,Romance,2015.0,2015-02-08,United States of America,,566006.0,5.7,198,,
85784,The Double,Thriller,1971.0,1971-01-01,Italy,,,4.3,3,,
25525,Lensman,Animation,1984.0,1984-06-07,Japan,,,6.8,4,,
48844,The Search for Santa Paws,Adventure,2010.0,2010-10-12,Canada,,,5.2,32,,
269650,Appleseed Alpha,Animation,2014.0,2014-05-28,Japan,,,6.4,154,,
45368,Comme les 5 doigts de la main,Crime,2010.0,2010-04-28,France,,,5.7,28,,
169782,The Making of a Lady,Drama,2012.0,2012-12-19,ru,,,5.0,5,,
27631,"Richard Pryor: I Ain't Dead Yet, #*%$#@!!",Comedy,2003.0,2003-01-01,United States of America,,,0.0,0,,
61337,Critical Care,Comedy,1997.0,1997-10-31,United States of America,,,6.1,9,,
354667,RangiTaranga,Horror,2015.0,2015-07-03,kn,,,6.3,3,,
283587,Beasts of No Nation,Drama,2015.0,2015-09-11,United States of America,6000000.0,9077700.0,7.6,476,,
13253,Futurama: Bender's Game,Animation,2008.0,2008-11-03,United States of America,,,6.9,152,,
2104,Requiem,Action,2001.0,2001-12-28,France,,60700.0,5.0,2,,
38225,Wild America,Family,1997.0,1997-07-02,United States of America,,,5.8,28,,
246006,The Most Beautiful Thing,,2012.0,2012-05-15,United States,,,4.5,2,,
9283,Beautiful Girls,Comedy,1996.0,1996-02-09,United States of America,,,6.6,103,,
20969,The Art of Seduction,Romance,2005.0,2005-12-21,South Korea,,,6.0,16,,
322548,Shangri-La Suite,Romance,2017.0,2017-01-11,United States of America,,,6.1,15,,
72245,The Piano in a Factory,Drama,2011.0,2011-07-15,China,,,7.2,11,,
273341,The Unknown Cyclist,Drama,1998.0,1998-10-10,United States of America,2000000.0,,5.0,1,,
11628,Solino,Comedy,2002.0,2002-09-23,Germany,,,7.0,12,,
61477,Zhou Yu's Train,Drama,2002.0,2002-08-01,China,,,6.5,7,,
23397,Straight Time,Drama,1978.0,1978-03-18,United States of America,,,6.8,34,,
22949,Old Dogs,Comedy,2009.0,2009-11-24,United States of America,35000000.0,92219310.0,5.2,215,,
312797,The Barber,Thriller,2015.0,2015-03-27,United States of America,,,5.9,41,,
158231,Putzel,Comedy,2012.0,2012-10-10,United States,,,1.0,1,,
10908,Inferno,Action,1999.0,1999-09-25,United States of America,15000000.0,,5.1,52,,
14857,Personal Effects,Drama,2009.0,2009-02-06,Canada,,,5.8,37,,
157058,30 Nights of Paranormal Activity With the Devil Inside the Girl With the Dragon Tattoo,Comedy,2013.0,2013-01-14,United States of America,,,2.9,28,Craig Moss,
76785,Roadie,Drama,2011.0,2011-08-20,United States of America,,,6.1,9,,
12709,Ridicule,Comedy,1996.0,1996-05-09,France,3000000.0,2503829.0,7.4,30,,
415214,Operation Mekong,Action,2016.0,2016-09-30,Hong Kong,,173000000.0,6.8,30,,
8490,Borderline,Crime,1980.0,1980-10-31,United States of America,8500000.0,,5.5,6,,
37404,Hercules and the Amazon Women,Action,1994.0,1994-04-24,New Zealand,,,5.2,23,,
24397,Kiss Me Again,Comedy,2006.0,2006-04-28,United States of America,,,4.6,5,,
103648,Inherit the Wind,Drama,1999.0,1999-05-29,United States of America,,,7.1,8,,
214210,Eastern Boys,Drama,2013.0,2013-04-02,France,,,6.4,39,,
32866,Accident On Hill Road,Foreign,2009.0,2009-12-31,India,,,0.0,0,,
295832,Unique Brothers,Romance,2014.0,2014-10-02,Italy,,,5.8,65,,
48347,The Old Lady and the Pigeons,Animation,1997.0,1997-06-02,Canada,,,7.6,19,Sylvain Chomet,
36372,Half Moon Street,Drama,1986.0,1986-08-13,United Kingdom,,,5.1,16,,
231176,Sole a catinelle,Comedy,2013.0,2013-10-31,Italy,,,6.6,348,,
299203,Judgement Day,,1983.0,1983-01-01,United States of America,,,0.0,0,,
80015,Hollywoo,Comedy,2011.0,2011-12-07,France,,,5.4,183,,
49874,Kommissarie Späck,Comedy,2010.0,2010-06-04,Sweden,,,5.1,8,,
87199,"I Travel Because I Have to, I Come Back Because I Love You",Drama,2009.0,2009-06-24,Brazil,,,6.3,3,Marcelo Gomes,Irandhir Santos
162396,The Big Swap,,1998.0,1998-06-11,United States,,,0.0,0,,
302429,Strange Magic,Music,2015.0,2015-01-23,United States of America,,13603453.0,6.2,105,,
334939,Sword of D'Artagnan,Family,2015.0,2015-06-24,Netherlands,,,7.1,8,,
45249,Not Quite Human II,,1989.0,1989-09-23,United States,,,7.1,8,,
18538,Dot the I,Comedy,2003.0,2003-01-18,Spain,,,6.0,32,,
355178,Amy Schumer: Live at the Apollo,Comedy,2015.0,2015-10-17,United States of America,,,6.9,22,,
79221,Letters to Santa,Comedy,2011.0,2011-11-11,Poland,,,7.1,25,,
414173,jazzy@32 (a true story),,2016.0,2016-04-17,United States of America,,,0.0,0,,
290217,My Old Classmate,Romance,2014.0,2014-04-25,China,,76000000.0,6.0,4,,
635,Angel Heart,Horror,1987.0,1987-03-06,United States of America,17000000.0,17185632.0,7.0,326,,
9444,Anastasia,Animation,1997.0,1997-11-20,United States of America,53000000.0,139804348.0,7.4,1481,,
402582,Handsome: A Netflix Mystery Movie,Comedy,2017.0,2017-05-05,United States,,,5.7,30,,
70011,Human Highway,Science Fiction,1982.0,1982-09-10,United States of America,,,5.0,6,,
32051,Race with the Devil,Horror,1975.0,1975-06-01,United States of America,,,6.9,34,,
90231,Kill Zombie!,Comedy,2012.0,2012-02-16,Netherlands,500000.0,,4.7,12,Erwin van den Eshof,
52918,The Oath,Documentary,2010.0,2010-05-09,Cuba,,,7.6,8,,
33560,Totally Fucked Up,Comedy,1993.0,1993-01-12,United Kingdom,,,6.5,12,Gregg Araki,
50285,Siam Sunset,Comedy,1999.0,1999-09-09,Australia,,,6.7,6,,
334132,You Are My Sunshine,Drama,2015.0,2015-04-30,China,,,9.0,2,,
172533,Drinking Buddies,Romance,2013.0,2013-08-23,United States of America,,343341.0,6.0,361,,
23802,Bill Hicks: Totally Bill Hicks,Comedy,1994.0,1994-01-01,United States,,,7.5,10,,
9620,Paycheck,Action,2003.0,2003-12-25,Canada,60000000.0,96269812.0,5.9,594,,
198466,I Love You,Drama,1986.0,1986-05-14,Italy,,,5.6,8,,
72270,Cry Baby Lane,TV Movie,2000.0,2000-10-28,United States,,,3.7,5,,
26441,The Big Green,Action,1995.0,1995-09-29,United States of America,,,5.2,41,,
10391,Bless the Child,Drama,2000.0,2000-08-11,United States of America,40000000.0,,4.9,72,,
12701,Revolution,Adventure,1985.0,1985-12-25,Norway,28000000.0,358574.0,5.3,22,,
37843,Blood Beach,Science Fiction,1980.0,1980-09-01,United States of America,2000000.0,,4.9,18,,
110777,The Store,Documentary,1983.0,1983-01-01,United States of America,,,6.0,2,,
91045,Money Play$,Action,1998.0,1998-08-21,United States,,,5.0,2,,
27905,Island of the Fishmen,Science Fiction,1979.0,1979-01-18,Italy,,,6.6,13,,
47360,Deathstalker and the Warriors from Hell,Action,1988.0,1988-01-01,United States of America,,,2.1,7,,
33693,Funny Ha Ha,Drama,2002.0,2002-09-20,United States of America,,76901.0,6.3,8,,
85588,Dadetown,,1995.0,1995-09-02,United States,,,8.0,1,,
85393,The Booth,Drama,2005.0,2005-11-05,Japan,,,8.5,2,,
270822,Junior,Documentary,2011.0,2011-01-01,United States,,,0.0,0,,
61372,Colin Quinn: Long Story Short,Comedy,2011.0,2011-04-09,United States,,,6.8,2,,
234815,Las Poquianchis,Crime,1976.0,1976-11-17,Spain,,,5.0,3,,
5494,George and the Dragon,Adventure,2004.0,2004-03-28,Germany,32000000.0,,5.1,16,,
14180,Submerged,Action,2005.0,2005-05-06,Bulgaria,15000000.0,,4.0,32,,
157724,The Crazy Bunch,Western,1974.0,1974-04-27,Italy,,,0.0,0,,
54415,Sinbad: The Fifth Voyage,Fantasy,2014.0,2014-02-07,United States of America,,,4.2,10,,
128410,No One Will Play with Me,Drama,1976.0,1976-01-01,Germany,,,6.3,6,Werner Herzog,
70086,George Carlin - On Location at USC,TV Movie,1977.0,1977-01-01,United States of America,,,6.9,7,,
1951,Manderlay,Drama,2005.0,2005-05-16,Denmark,14200000.0,674918.0,6.9,81,,
20782,Road of No Return,Action,2008.0,2008-11-10,United States,,,4.8,6,,
2164,Stargate,Action,1994.0,1994-10-27,France,55000000.0,196567262.0,6.8,942,,
167408,Galileo,Drama,1975.0,1975-01-27,United Kingdom,,,7.0,1,,
13848,Stuck,Crime,2007.0,2007-05-21,Canada,5000000.0,,6.1,53,,
369444,Ostatni dzwonek,Drama,1989.0,1989-10-27,Poland,,,0.0,0,,
18711,Silver City,Comedy,2004.0,2004-09-17,United States of America,,,6.3,13,,
46898,Malcolm X,Documentary,1972.0,1972-05-24,United States of America,,,7.5,2,,
6499,Turbo: A Power Rangers Movie,Action,1997.0,1997-03-27,Japan,10000000.0,17979739.0,4.6,60,,
22396,"China 9, Liberty 37",Action,1978.0,1978-08-04,Italy,,,0.0,0,,
12828,No. 2,Comedy,2006.0,2006-02-16,New Zealand,5000000.0,,6.5,2,,
288171,Blue Mountain State: The Rise of Thadland,Comedy,2016.0,2016-02-02,United States of America,,,5.7,91,,
345438,"Ja, Ik Wil!",Comedy,2015.0,2015-10-15,Netherlands,,,5.5,6,,
29069,The Velvet Vampire,Horror,1971.0,1971-10-13,United States of America,,,3.9,7,,
18760,Spiritual Kung Fu,Action,1978.0,1978-11-23,Hong Kong,,,6.3,11,,
68546,Cotton Mary,Drama,1999.0,1999-01-01,France,,,5.3,3,,
85696,We'll Take Manhattan,Drama,2012.0,2012-03-03,United Kingdom,,,6.5,7,,
89652,Colt 38 Special Squad,Action,1976.0,1976-07-24,Italy,,,0.0,0,,
221343,Locked In,Thriller,2010.0,2010-09-17,United Kingdom,,,4.0,5,,
36407,Strawberry Wine,,2009.0,2009-05-08,Poland,,,6.7,3,,
207625,Such a Long Journey,Drama,1998.0,1998-09-13,United States,,,0.0,0,,
162374,Top Floor Left Wing,Drama,2010.0,2010-11-15,France,,,7.0,2,,
38996,Dead of Night,Horror,1974.0,1974-08-28,Canada,,,6.4,31,,
290250,The Nice Guys,Action,2016.0,2016-05-15,United Kingdom,50000000.0,62788218.0,7.0,2382,,
63435,Fingers,Drama,1978.0,1978-03-02,United States of America,,,6.4,11,,
59803,Adventures of Mowgli,Animation,1973.0,1973-01-01,Russia,,,5.7,13,,
61420,The 19th Wife,Drama,2010.0,2010-09-13,United States,,,3.6,5,,
174369,Deep Powder,Thriller,2013.0,2013-04-19,United States,,,5.0,3,,
55403,Kulkuri ja joutsen,,1999.0,1999-02-19,fi,,,0.0,0,Timo Koivusalo,
81003,Kung Fu Panda: Secrets of the Masters,Family,2011.0,2011-12-12,United States of America,,,6.5,67,,
49020,Submarine,Drama,2011.0,2011-03-18,United Kingdom,,864659.0,7.4,452,,
366120,Red Rose,Drama,1980.0,1980-05-23,India,,,0.0,0,P. Bharathiraja,Rajesh Khanna
77925,Lola,Drama,1970.0,1970-01-01,United Kingdom,,,5.8,6,,
82549,Toothless,Fantasy,1997.0,1997-10-05,United States of America,,,5.2,14,,
206997,Appropriate Adult,,2011.0,2011-09-03,United States of America,,,7.0,3,Julian Jarrold,Anthony Flanagan
345888,The Piper,Horror,2015.0,2015-07-09,South Korea,,,6.8,10,,
201561,Human Touch,Drama,2005.0,2005-04-14,Australia,,,0.0,0,,
13637,Sukiyaki Western Django,Adventure,2007.0,2007-09-15,Japan,3800000.0,2725258.0,6.3,79,,
17078,The Color of Paradise,Drama,1999.0,1999-02-08,Iran,,,7.1,34,Majid Majidi,
141423,The Legend of Mor'du,Animation,2012.0,2012-01-01,United States of America,,,5.9,18,,
267935,The BFG,Adventure,2016.0,2016-06-01,India,140000000.0,183345589.0,6.0,1026,,
10642,Loser,Drama,2000.0,2000-07-21,United States of America,,,5.0,122,,
11428,Sleepwalkers,Fantasy,1992.0,1992-04-10,United States of America,,30524763.0,4.8,97,,
368031,Friend Request,Horror,2016.0,2016-01-07,Germany,9900000.0,2400000.0,5.3,376,,
345139,Homeland (Iraq Year Zero),Documentary,2016.0,2016-02-10,ar,,,8.0,5,,
219645,Criminal Passion,Crime,1994.0,1994-09-21,United States of America,,,4.0,2,,
348320,Scream Week,Comedy,2016.0,2016-01-28,Belgium,,,4.4,9,,
68987,Cooking With Stella,Drama,2010.0,2010-03-19,it,,,6.0,2,,
277464,The Spike Jones Story,,1988.0,1988-01-01,United States,,,0.0,0,,
71139,Jam,Drama,2007.0,2007-07-03,United States,,,0.0,0,,
121173,Voracious,Comedy,2012.0,2012-09-05,Philippines,11178.0,34659.0,8.0,1,,
59484,Le Pont du Nord,Comedy,1982.0,1982-03-24,France,,,7.7,6,,
298865,Lost After Dark,Horror,2014.0,2014-09-19,Canada,,,4.7,35,,
63067,My Best Friend's Wife,Romance,1998.0,1998-12-16,Italy,,,6.3,12,,
83869,As Cool as I Am,Comedy,2013.0,2013-06-21,United States of America,,,4.9,35,,
13435,Antwone Fisher,Drama,2002.0,2002-12-19,United States of America,12500000.0,23367586.0,6.7,140,,
11719,One Foot in Heaven,Comedy,1991.0,1991-03-15,Italy,,,6.1,7,,
130754,Souls of Zen: Ancestors and Agency in Contemporary Japanese Temple Buddhism,Documentary,2012.0,2012-06-01,Germany,100000.0,,10.0,1,,
448847,The Hatton Garden Job,Crime,2017.0,2017-04-14,United Kingdom,,,6.1,14,,
13006,Split Second,Thriller,1992.0,1992-05-01,United Kingdom,7.0,5.0,5.8,64,,
84951,Witchcraft II: The Temptress,Horror,1990.0,1990-05-20,United States of America,80000.0,,4.3,4,,
91339,Kill Zone,Action,1993.0,1993-01-01,United States of America,,,1.0,1,,
18082,Tired of Kissing Frogs,Drama,2006.0,2006-12-20,Mexico,,,6.2,10,,
38221,Space Amoeba,Science Fiction,1970.0,1970-08-01,Japan,,,5.0,2,,
11364,Regarding Henry,Drama,1991.0,1991-07-10,United States of America,,,6.6,152,,
31901,For Pete's Sake,Action,1974.0,1974-06-26,United States of America,,,5.1,9,,
55208,Clash,Action,2009.0,2009-12-09,Vietnam,,,4.9,8,Lê Thanh Sơn,Johnny Trí Nguyễn
217590,A Year Along the Abandoned Road,Documentary,1991.0,1991-06-01,Norway,,,7.8,4,,
13856,Special,Drama,2006.0,2006-01-30,United States of America,1000000.0,7202.0,6.6,32,,
4911,Dark Blue,Action,2002.0,2002-12-14,Germany,15000000.0,9237470.0,6.5,86,,
12718,Teenage Caveman,Comedy,2002.0,2002-04-03,United States of America,,,3.4,21,,
50186,Gypsies Are Found Near Heaven,Romance,1976.0,1976-04-04,Russia,,,7.0,5,,
1590,Copying Beethoven,Drama,2006.0,2006-09-10,Germany,11000000.0,,6.3,44,,
79151,Love You You,,2011.0,2011-10-13,Hong Kong,,,9.0,2,Jingle Ma,AngelaBaby
69870,The Sender,Horror,1982.0,1982-10-22,United Kingdom,,,5.6,9,,
120457,Drifters,Comedy,2011.0,2011-09-09,Italy,,,6.2,9,,
332709,I Killed Napoleon,Comedy,2015.0,2015-03-26,Italy,,,5.2,28,,
127728,8:46,Drama,2011.0,2011-09-11,United States of America,,,6.5,4,,
15392,Crossroads,Drama,1986.0,1986-03-14,United States of America,,5738952.0,6.9,66,Walter Hill,
204821,Dragstrip Girl,,1994.0,1994-09-02,United States,,,0.0,0,Mary Lambert,Mark Dacascos
9514,Werner - Das muss kesseln!!!,Animation,1996.0,1996-06-27,Germany,,,5.7,18,,
75090,Beware the Gonzo,Comedy,2010.0,2010-04-22,United States of America,,,5.6,8,,
77444,The Corridor,Drama,2012.0,2012-03-30,Canada,,,4.8,20,,
20996,Smashing Pumpkins: If All Goes Wrong,Documentary,2008.0,2008-11-11,United States,,,0.0,0,,
10985,The New Guy,Comedy,2002.0,2002-05-10,United States of America,13000000.0,,5.7,155,,
18415,Gummo,Drama,1997.0,1997-10-17,United States of America,1300000.0,,6.5,133,,
44495,A Very Natural Thing,Drama,1974.0,1974-01-01,United States of America,,,6.3,3,,
80211,Weekend Pass,Comedy,1984.0,1984-02-03,United States of America,,21058000.0,4.0,2,,
140814,Elliot Loves,Comedy,2012.0,2012-05-04,United States of America,,,3.0,2,,
94841,Cell Count,Thriller,2012.0,2012-05-20,United States of America,,,3.9,7,,
284288,Mary Kom,Drama,2014.0,2014-09-05,India,224056.0,15536328.0,7.0,29,,
17153,Botched,Comedy,2007.0,2007-10-04,Germany,,,6.1,35,,
17180,Princess Blade,Action,2001.0,2001-12-15,Japan,,,5.6,9,,
328246,Salad Days,Music,2015.0,2015-04-11,United States of America,,,7.2,10,,
13643,George Carlin: It's Bad for Ya!,Comedy,2008.0,2008-03-01,United States of America,,,8.1,33,,
32029,The Domino Principle,Drama,1977.0,1977-03-23,United Kingdom,,,5.0,6,,
13681,Places in the Heart,Drama,1984.0,1984-09-11,United States of America,,,7.1,31,,
57744,The Kiss,Thriller,1988.0,1988-10-14,Canada,6000000.0,,5.6,15,,
17575,Only Clouds Move the Stars,Family,1998.0,1998-08-24,Norway,,,7.8,4,,
119916,The Tempest,Fantasy,1980.0,1980-02-27,United States,,,0.0,0,,
71503,Cries in the Night,Horror,1980.0,1980-10-03,Canada,,,6.3,7,,
127092,Nick the Sting,Crime,1976.0,1976-09-14,United States,,,8.5,2,Fernando Di Leo,Luc Merenda
22434,If Looks Could Kill,Adventure,1991.0,1991-03-15,United States of America,,7788597.0,5.6,36,,
200044,Deranged,Horror,2012.0,2012-06-06,United Kingdom,,,4.1,7,,
6639,Love in the Time of Cholera,Drama,2007.0,2007-10-04,United States of America,45000000.0,4607608.0,6.5,84,,
168051,Scatter My Ashes at Bergdorf's,Documentary,2013.0,2013-05-03,United States,,,5.8,8,,
292033,Alexander Graham Bell: The Sound and the Silence,History,1993.0,1993-07-18,Ireland,,,5.0,1,,
16269,God of Gamblers,Action,1989.0,1989-12-14,Hong Kong,,4762337.0,6.6,34,Wong Jing,
142971,Grace Kelly,History,1983.0,1983-02-21,United States of America,,,5.5,2,,
30128,I Hope They Serve Beer in Hell,Comedy,2009.0,2009-09-25,United States,7000000.0,1429299.0,5.7,20,,
76649,Pompeii,Action,2014.0,2014-02-18,Canada,130000000.0,117831631.0,5.2,1294,,
251577,The Treatment,Mystery,2014.0,2014-01-29,Belgium,,,6.8,61,,
9320,The Avengers,Thriller,1998.0,1998-08-13,United States of America,60000000.0,48585416.0,4.4,205,,
456018,New Chefs on the Block,,2016.0,2016-03-05,United States,,,0.0,0,,
291863,Future Shock! The Story of 2000AD,Documentary,2014.0,2014-09-19,United Kingdom,,,7.3,6,,
54356,Emmauksen tiellä,,2001.0,2001-09-26,fi,,,7.0,2,,
116760,Sextette,Comedy,1978.0,1978-03-03,United States of America,,,1.5,2,,
81414,Ingrid,Drama,2010.0,2010-04-30,Spain,,,0.0,0,Eduard Cortés,
31362,In the Line of Duty: The F.B.I. Murders,Crime,1988.0,1988-09-28,United States,,,6.0,4,,
245855,Difret,Drama,2014.0,2014-01-19,Ethiopia,,49667.0,5.4,17,,
57510,Ethos,Documentary,2011.0,2011-01-01,United States,500000.0,,7.1,4,,
163795,The Guide,Comedy,2011.0,2011-04-27,United States,,,10.0,1,,
43643,White Fang 2: Myth of the White Wolf,Action,1994.0,1994-04-15,United States of America,,,5.1,17,,
62676,Limbo,Adventure,1999.0,1999-06-04,United States,8000000.0,1997807.0,7.0,17,,
65869,Attraction,Thriller,2001.0,2001-04-22,United States of America,,,6.0,3,,
49494,The Eagle,Adventure,2011.0,2011-02-08,United States of America,25000000.0,27122040.0,5.9,426,,
20776,Return to the Batcave: The Misadventures of Adam and Burt,Comedy,2003.0,2003-03-09,United States of America,,,5.8,14,,
270938,Falcon Rising,Adventure,2014.0,2014-09-05,United States of America,,,5.6,72,,
114089,Bye-Bye,Drama,1995.0,1995-08-30,United States,,,7.7,3,Karim Dridi,Sami Bouajila
87311,Love's Everlasting Courage,Drama,2011.0,2011-10-01,United States of America,,,4.7,5,,
8583,Dangerous Beauty,Drama,1998.0,1998-02-20,United States of America,,,6.9,59,,
4564,Sex and the City,Comedy,2008.0,2008-05-12,United States of America,65000000.0,415252786.0,6.0,525,,
41783,Life on a String,Drama,1991.0,1991-09-08,China,,,7.0,2,Chen Kaige,
8747,The Black Balloon,Drama,2008.0,2008-03-08,Australia,,,6.7,31,,
263532,The Danube Exodus,Documentary,1998.0,1998-07-29,United States,,,10.0,1,Forgács Péter,
255869,Pleased to Meet Me,Drama,2013.0,2013-10-10,United States,,,3.8,3,,
166255,Jungle,Romance,2000.0,2000-07-14,India,,,4.5,2,Ram Gopal Varma,
16432,Day of Wrath,Crime,2006.0,2006-06-27,Hungary,,,3.8,6,,
14233,Film Noir,Mystery,2007.0,2007-03-02,United States of America,,,6.3,5,,
92393,Area 407,Horror,2012.0,2012-04-27,United States of America,,,4.0,36,,
13652,Ca$h,Comedy,2008.0,2008-04-23,France,,,5.6,69,Éric Besnard,
61485,Springtime in a Small Town,Drama,2002.0,2002-09-04,China,,,6.2,6,,
79192,Apache Vengeance,Action,1971.0,1971-10-01,United States of America,,,3.7,3,,
9278,Freejack,Science Fiction,1992.0,1992-01-17,United States of America,,,5.0,91,,
395883,Andron,Action,2015.0,2015-11-08,Italy,,,3.9,49,,
13374,Ice Princess,Drama,2005.0,2005-03-17,United States of America,25000000.0,27645491.0,5.9,189,,
22345,Baby Geniuses,Science Fiction,1999.0,1999-03-12,United States of America,12000000.0,36450736.0,3.3,75,,
24868,Offspring,Horror,2009.0,2009-02-05,United States of America,,,5.1,19,,
56759,Notre Dame de Paris,History,1998.0,1998-09-18,France,,,8.0,26,,
21539,The Preacher's Wife,Fantasy,1996.0,1996-12-13,United States of America,40000000.0,48093211.0,5.4,55,,
398390,Superbia,Animation,2016.0,2016-05-17,Slovakia,,,0.0,0,,
10162,Waking Ned,Comedy,1998.0,1998-09-15,France,,,7.4,58,,
50346,Kickboxer 4: The Agresor,Drama,1994.0,1994-07-27,United States of America,400000.0,,4.5,20,,
18514,Never Forever,Drama,2007.0,2007-01-18,South Korea,,,5.1,7,,
263109,Shaun the Sheep Movie,Family,2015.0,2015-02-05,France,,59700000.0,6.9,456,,
43765,Delbaran,Drama,2001.0,2001-08-05,Iran,,,6.5,2,,
289891,Jackie & Ryan,Drama,2014.0,2014-09-01,United States of America,,,5.5,49,Ami Canaan Mann,Katherine Heigl
223485,Slow West,Romance,2015.0,2015-04-16,New Zealand,,229094.0,6.6,371,,
185326,Broadway Musicals: A Jewish Legacy,Documentary,2013.0,2013-01-01,United States,,,0.0,0,,
63624,My Breakfast with Blassie,Comedy,1983.0,1983-11-01,United States of America,,,5.3,2,,
143567,Just Like Brothers,Comedy,2012.0,2012-11-21,France,,,6.7,55,,
14553,Stealing Beauty,Drama,1996.0,1996-03-29,France,,,6.6,99,,
10894,May,Drama,2002.0,2002-01-13,United States of America,500000.0,150277.0,6.3,153,,
108012,Caroline?,,1990.0,1990-04-29,United States,,,7.0,1,,Stephanie Zimbalist
197175,Rio das Mortes,Comedy,1971.0,1971-02-15,Germany,,,6.7,3,Rainer Werner Fassbinder,Hanna Schygulla
266034,The Blue Room,Drama,2014.0,2014-05-16,France,,,6.2,32,,
41043,Window to Paris,Comedy,1993.0,1993-12-01,France,,,6.0,6,,
11879,Near Dark,Drama,1987.0,1987-10-02,United States of America,5000000.0,,6.8,149,,
380694,Homegrown: The Counter-Terror Dilemma,Documentary,2016.0,2016-02-08,United States of America,,,8.0,1,,
8005,Robin Hood: Men in Tights,Comedy,1993.0,1993-07-28,France,20000000.0,35739755.0,6.4,575,,
10271,The Story Of My Life,Comedy,2004.0,2004-09-08,France,,,6.4,17,,
14611,Ultimate Avengers 2,Adventure,2006.0,2006-08-08,United States of America,,7900000.0,6.4,68,,
38148,"Oh, God! You Devil",Comedy,1984.0,1984-11-07,United States,,,5.5,15,,
273205,VeggieTales: Tomato Sawyer & Huckleberry Larry's Big River Rescue,Family,2008.0,2008-03-06,United States of America,,,1.0,1,,
34061,"Above the Street, Below the Water",Drama,2009.0,2009-10-23,Denmark,,,4.7,3,,
17379,Last Holiday,Adventure,2006.0,2006-01-13,United States of America,45000000.0,38399961.0,6.4,123,,
96769,Her Master's Voice,Comedy,2012.0,2012-03-11,United States of America,,,8.1,4,,
32033,Pulse,Horror,1987.0,1987-12-31,United States of America,,,4.7,17,,
261246,Century,Romance,1993.0,1993-12-31,United Kingdom,,,5.0,1,,
91445,The Telephone,Drama,1988.0,1988-01-22,United States,,,5.8,5,Rip Torn,Whoopi Goldberg
67849,Break Up,Thriller,1998.0,1998-08-20,United States of America,,,3.8,9,,
10869,Herbie Rides Again,Romance,1974.0,1974-02-14,United States of America,,,5.9,77,,
1593,Night at the Museum,Action,2006.0,2006-10-20,United States of America,110000000.0,574480841.0,6.4,2949,,
32836,Bill Burr: Why Do I Do This?,Comedy,2008.0,2008-09-23,United States of America,,,7.9,14,,Bill Burr
60855,Double Happiness,Comedy,1994.0,1994-09-07,Canada,,759393.0,5.5,2,,
22625,Circle of Friends,Drama,1995.0,1995-03-16,Ireland,,,6.5,30,,
30194,The Manhattan Project,Science Fiction,1986.0,1986-06-13,United States of America,18000000.0,3900000.0,6.1,26,,
156140,To My Dear Mother on Her Birthday,Comedy,1974.0,1974-08-22,Italy,,,6.5,1,,
3489,88 Minutes,Crime,2007.0,2007-02-14,United States of America,30000000.0,16930884.0,5.7,323,,
1378,Shortbus,Romance,2006.0,2006-05-20,United States of America,2000000.0,5179037.0,6.3,141,,
261461,Loucas pra Casar,Comedy,2015.0,2015-01-08,Brazil,3000000.0,,6.1,46,,
57256,Facing the Truth,Drama,2002.0,2002-10-24,Denmark,,,6.7,7,,
14390,Double Whammy,Comedy,2001.0,2001-01-20,United States of America,,,5.6,18,Tom DiCillo,
34763,Aarya 2,,2009.0,2009-11-27,India,,,6.6,5,Sukumar,
430365,With Open Arms,Comedy,2017.0,2017-04-05,France,,,5.2,94,,
22559,Aliens of the Deep,Action,2005.0,2005-01-21,United States of America,,,6.8,19,,
584,2 Fast 2 Furious,Action,2003.0,2003-06-05,United States of America,76000000.0,236350661.0,6.2,2087,,
17971,Midnight Madness,Comedy,1980.0,1980-02-08,United States of America,,,5.4,14,,
293189,Algorithms,Documentary,2013.0,2013-06-06,India,,,0.0,0,,
16028,They,Horror,2002.0,2002-11-01,United States of America,17000000.0,,4.6,74,,
13558,H.H. Holmes: America's First Serial Killer,Crime,2004.0,2004-01-01,United States of America,,,5.6,14,,
27770,Sometimes They Come Back... Again,Horror,1996.0,1996-09-03,United States of America,3000000.0,,4.0,28,,
131903,Face The Music,,1993.0,1993-01-01,United States,,,5.2,3,,
45792,Amish Grace,Drama,2010.0,2010-03-28,United States,,,6.3,10,,
37735,Easy A,Comedy,2010.0,2010-09-10,United States of America,8000000.0,74952305.0,6.7,2282,,
31549,Blood River,Horror,2009.0,2009-01-01,United States of America,,,5.1,10,,
278468,Family Guy Presents: Blue Harvest,Animation,2007.0,2007-09-23,United States of America,,,7.2,117,,
24276,Matewan,Drama,1987.0,1987-08-28,United States of America,4000000.0,1680358.0,7.2,33,,
323214,Alexia,Horror,2013.0,2013-11-04,Argentina,,,5.3,4,,
11863,Jade,Action,1995.0,1995-10-13,United States of America,50000000.0,9851610.0,5.1,45,,
53914,The Story of Piera,Drama,1983.0,1983-02-02,Italy,,,5.5,6,,
32497,Farsan,Comedy,2010.0,2010-02-12,Sweden,,,4.1,14,Josef Fares,
185267,The Human Race,Horror,2013.0,2013-04-10,United States of America,567000.0,,5.0,68,,
60018,The Last Minute,,1988.0,1988-01-01,it,,,6.0,1,Pupi Avati,Ugo Tognazzi
179267,Jay And Silent Bob's Super Groovy Cartoon Movie,Comedy,2013.0,2013-04-20,United States of America,,,4.9,14,,
24349,Minnie and Moskowitz,Drama,1971.0,1971-12-22,United States of America,,,6.4,19,,
373349,Mapplethorpe: Look at the Pictures,Documentary,2016.0,2016-06-16,Germany,,,7.7,11,,
2750,24 Hour Party People,Comedy,2002.0,2002-02-13,United Kingdom,,,6.8,109,,
265226,The Wonders,Drama,2014.0,2014-05-22,Germany,,,6.6,37,,
262840,WolfCop,Horror,2014.0,2014-06-06,Canada,,,5.2,60,,
447352,Taking Earth,Science Fiction,2017.0,2017-05-01,South Africa,400000.0,,5.0,12,,
1499,Teenage Mutant Ninja Turtles III,Action,1993.0,1993-03-17,Hong Kong,21000000.0,42000000.0,5.1,189,,
14653,Happily Ever After,Drama,2004.0,2004-08-25,France,,,5.9,18,,
41934,Heavy Petting,Documentary,1989.0,1989-01-01,United States of America,,,0.0,0,,
277597,Mercenaries,Action,2014.0,2014-08-05,United States of America,,,4.3,33,,
316002,Accidental Love,Romance,2015.0,2015-02-10,United States of America,26000000.0,,3.9,95,,
62725,Delitto a Porta Romana,Comedy,1980.0,1980-01-01,it,,,6.6,6,,
122320,Winston Churchill: Walking with Destiny,Documentary,2010.0,2010-08-20,United States,,,5.5,2,,
59871,Emmanuelle in the Country,Comedy,1982.0,1982-01-01,Italy,,,3.6,4,,
49695,Grass Labyrinth,Drama,1979.0,1979-01-01,France,,,8.0,6,,
20493,Love Story 2050,Science Fiction,2008.0,2008-07-04,India,20000000.0,5000000.0,3.6,8,,
1825,Over the Top,Action,1987.0,1987-02-13,United States of America,25000000.0,16057580.0,5.7,331,,
292834,Brother Nature,Comedy,2016.0,2016-09-09,United States of America,,,5.0,14,,
105702,Finding Truelove,,2012.0,2012-04-25,United States,,,0.0,0,,
271495,Dialogues,,2014.0,2014-04-24,ru,,,8.0,1,,
250388,Rampage: Capital Punishment,Action,2014.0,2014-07-19,Canada,,,5.4,92,,
25846,Baarìa,Drama,2009.0,2009-09-02,Italy,35000000.0,,7.1,124,Giuseppe Tornatore,
92395,Evidence,Horror,2011.0,2011-02-28,United States of America,,,5.1,47,,
26598,Cats,Music,1998.0,1998-10-05,United Kingdom,,,7.1,19,,
31680,Prisoner 701: Sasori,Action,2008.0,2008-01-01,Hong Kong,,,5.0,4,,
15440,Cold Prey II,Drama,2008.0,2008-10-09,Norway,,,6.4,55,,
144580,Double Bang,,2001.0,2001-08-17,United States of America,,,4.1,4,,
75063,Rainbow Bridge,Music,1972.0,1972-03-01,United States of America,,,2.2,3,,
411201,Dancer,Documentary,2016.0,2016-09-16,United States,,,6.7,6,,
13550,The Changeling,Horror,1980.0,1980-03-27,Canada,,12000000.0,7.0,144,,
1285,Torrente 3 The Protector,Comedy,2005.0,2005-09-30,Spain,,,5.5,37,Santiago Segura,
277687,The Midnight Swim,Mystery,2015.0,2015-06-26,United States of America,,,5.3,11,,
79120,Weekend,Drama,2011.0,2011-09-22,United Kingdom,8000.0,484592.0,7.5,164,Andrew Haigh,
106143,I'll Do Anything,Comedy,1994.0,1994-02-04,United States of America,40000000.0,,5.7,18,,
426272,Take Me,Comedy,2017.0,2017-05-05,United States of America,,,6.0,38,,
20494,Malamaal Weekly,Comedy,2006.0,2006-03-10,India,,204.0,4.7,9,,
48935,Viuuulentemente mia,Comedy,1982.0,1982-03-15,Italy,,,3.4,5,Carlo Vanzina,Diego Abatantuono
58492,The Greatest Movie Ever Sold,Comedy,2011.0,2011-04-22,United States of America,,621951.0,6.3,89,Morgan Spurlock,
324440,The Bunker,Comedy,2015.0,2015-02-07,Germany,,,6.5,12,,
51828,One Day,Drama,2011.0,2011-03-02,United Kingdom,15000000.0,59389433.0,7.0,1006,,
248888,Questioning Darwin,Documentary,2014.0,2014-02-10,United States,,,0.0,0,,
41283,Faster,Crime,2010.0,2010-11-23,United States of America,24000000.0,23081726.0,6.1,577,,
8866,The Truth About Cats & Dogs,Comedy,1996.0,1996-04-26,United States of America,,,5.7,86,,
63540,To the Sea!,Comedy,2009.0,2009-01-08,Russia,,,6.3,4,Yaroslav Chevazhevskiy,Yaroslav Chevazhevskiy
169364,Swayamvaram,Drama,1972.0,1972-11-23,India,39000.0,,8.0,1,,
117700,Hannah's Law,Western,2012.0,2012-06-09,United States,5000000.0,,2.8,3,Rachel Talalay,Sara Canning
44811,Mongolian Death Worm,Horror,2010.0,2010-04-08,United States of America,,,2.8,6,,
209293,Louis Cyr : The Strongest Man in the World,Drama,2013.0,2013-07-12,Canada,8500000.0,,6.0,10,,
38348,War of the Buttons,Family,1994.0,1994-09-29,France,,,7.2,21,,
176650,The Sandwich Man,Drama,1983.0,1983-09-01,Taiwan,,,6.7,3,,
284514,Spy Time,Action,2015.0,2015-09-04,Spain,,,5.7,72,,
277834,Moana,Adventure,2016.0,2016-11-23,United States of America,150000000.0,643034466.0,7.3,3471,,
310442,The Lost Honour of Christopher Jefferies,Drama,2014.0,2014-12-10,United Kingdom,,,7.2,15,,
337412,John Apple Jack,Romance,2013.0,2013-11-29,Canada,,,5.0,1,,
52015,Stake Land,Drama,2010.0,2010-09-30,United States of America,650000.0,33245.0,6.2,290,,
49026,The Dark Knight Rises,Action,2012.0,2012-07-16,United States of America,250000000.0,1084939099.0,7.6,9263,,
44682,Resurrection County,Horror,2008.0,2008-10-19,United States of America,,,5.3,7,,
81391,252: Signal of Life,Action,2008.0,2008-12-06,Japan,,,3.7,3,,
11401,Metallica: Some Kind of Monster,Documentary,2004.0,2004-01-21,United States of America,,,6.7,49,,
29812,The Substitute 2: School's Out,Action,1998.0,1998-08-01,United States of America,,,5.1,19,,
93114,Quest,Animation,1996.0,1996-01-01,Germany,,,6.7,3,,
49256,Habana Blues,Drama,2005.0,2005-03-18,France,,,6.4,7,,
50272,We Are What We Are,Horror,2010.0,2010-11-12,Mexico,,,5.9,20,,
65035,Bertie and Elizabeth,Drama,2002.0,2002-07-07,United Kingdom,,,4.8,6,,
293880,Hollidaysburg,Comedy,2014.0,2014-09-19,United States of America,600000.0,,5.2,9,,
376386,All These Sleepless Nights,Documentary,2016.0,2016-11-04,Poland,,,7.0,5,,
15981,Dead Leaves,Science Fiction,2004.0,2004-01-16,Japan,,,7.4,27,,
110903,Yumeji,Drama,1991.0,1991-05-31,Japan,,,5.4,4,,
96594,Een Maand Later,,1987.0,1987-09-17,nl,,,0.0,0,,
14872,The Cutting Edge: Going for the Gold,Comedy,2006.0,2006-02-07,United States of America,3000000.0,,5.5,24,,
58531,Saimir's decision,,2004.0,2004-01-01,it,,,6.7,3,,
215881,Plush,Thriller,2013.0,2013-09-13,United States of America,,,5.4,40,,
77931,The Smurfs 2,Fantasy,2013.0,2013-07-30,United States of America,105000000.0,347434178.0,5.5,711,,
7014,Themroc,Comedy,1973.0,1973-03-01,France,,,7.1,9,,
59298,The Perfect World of Kai,Music,2007.0,2007-07-21,Japan,,,7.3,26,,
266038,Titli,Drama,2015.0,2015-05-06,hi,,,6.3,6,,
161806,Ed's Next Move,,1996.0,1996-10-18,United States,,,3.0,1,,
22317,Lightning Jack,Action,1994.0,1994-03-11,Australia,,,5.7,40,,
412214,Last Minute,Romance,2016.0,2016-02-26,Finland,,,0.0,0,,
285844,Preggoland,Comedy,2014.0,2014-09-04,Canada,,,5.4,12,,
483,Wild at Heart,Comedy,1990.0,1990-05-01,United States of America,9500000.0,14560247.0,7.0,341,,
14451,Dead Snow,Horror,2009.0,2009-01-09,Norway,800000.0,1984662.0,6.1,313,,
51216,Ghulam,Crime,1998.0,1998-06-19,United States,,,6.1,17,Vikram Bhatt,
100272,Harold's Going Stiff,Comedy,2011.0,2011-05-06,United Kingdom,,,4.3,8,,
43629,Doodlebug,Fantasy,1997.0,1997-01-01,United Kingdom,,,6.6,105,,
164741,Little Richard,Music,2000.0,2000-02-20,United States,,,4.5,3,Robert Townsend,Leon Robinson
57308,P.R.O.F.S,Comedy,1985.0,1985-09-18,France,,,6.6,31,,
254526,The Midnight After,Comedy,2014.0,2014-02-07,Hong Kong,,,5.7,21,,
66605,Russell Peters: The Green Card Tour,Comedy,2011.0,2011-03-23,Canada,,,6.7,8,,
4108,The Transporter,Action,2002.0,2002-10-02,United States of America,21000000.0,43928932.0,6.6,1724,,
38849,Android,Science Fiction,1982.0,1982-10-15,United States of America,,,5.6,18,,
253476,Landscape No. 2,Crime,2009.0,2009-06-05,Slovenia,,,5.0,1,,
158951,Darkness,Drama,2013.0,2013-01-27,Mexico,,,0.0,0,,
82662,L'industriale,Drama,2011.0,2011-01-13,Italy,,,5.0,13,Giuliano Montaldo,Pierfrancesco Favino
174,Star Trek VI: The Undiscovered Country,Science Fiction,1991.0,1991-12-05,United States of America,27000000.0,96900000.0,6.7,421,,
126315,After Lucia,Drama,2012.0,2012-10-03,Mexico,,,6.6,45,,
13586,"Dylan Moran: Like, Totally...",Comedy,2006.0,2006-11-13,United Kingdom,,,7.5,11,,
45873,Cannabis,Action,1970.0,1970-09-02,Italy,,,3.5,2,,
114719,Friends & Lovers,Comedy,1999.0,1999-04-16,United States of America,,94633.0,5.5,6,,
57789,"Double, Double, Toil and Trouble",Family,1993.0,1993-10-30,United States of America,,,6.0,25,,
167284,Viva Algeria,Drama,2004.0,2004-01-01,United States,,,7.2,3,,
25269,Article 99,Comedy,1992.0,1992-03-13,United States of America,18000000.0,6375979.0,5.5,12,,
16236,Mansfield Park,Drama,2007.0,2007-03-18,United Kingdom,,,5.6,29,,
136339,The Policeman of the 16th Precinct,Comedy,2008.0,2008-11-27,Greece,,,4.1,4,Nikos Zapatinas,Petros Filippidis
27281,Operation Dumbo Drop,Action,1995.0,1995-07-28,United States of America,,,4.7,37,,
129277,Two-Legged Horse,Drama,2008.0,2008-01-01,Iran,,,6.6,5,,
291861,The Wild McCullochs,Romance,1975.0,1975-05-21,United States of America,,,0.0,0,,
42306,Love at First Hiccup,Comedy,2009.0,2009-01-01,Denmark,,,5.4,23,,
134362,The Beast,Documentary,2010.0,2010-01-01,Mexico,,,8.0,1,,
114172,Naked Harbour,Drama,2012.0,2012-06-08,Finland,,,6.0,11,,
90762,"Goodbye, 20th Century",Adventure,1998.0,1998-11-17,Macedonia,,,7.5,2,,
4964,Knocked Up,Comedy,2007.0,2007-06-01,United States of America,30000000.0,219076518.0,6.2,1255,,
21625,Gulaal,Crime,2009.0,2009-03-13,India,,,6.7,16,,
10144,The Little Mermaid,Animation,1989.0,1989-11-17,United States of America,40000000.0,222300000.0,7.2,1921,,
57597,Xtro 3: Watch the Skies,Horror,1995.0,1995-11-14,United States of America,,,4.1,8,,
76097,Gangs,Comedy,2009.0,2009-10-01,Germany,,,4.4,9,,
269198,Sarajevo,Thriller,2014.0,2014-04-23,Austria,,,7.1,7,,
60233,Norm MacDonald: Me Doing Standup,Comedy,2011.0,2011-03-01,United States of America,,,7.2,7,David Steinberg,Norm Macdonald
36073,Guinea Pig 2: Flower of Flesh and Blood,Horror,1985.0,1985-10-07,Japan,,,4.8,31,,
1262,Stranger Than Fiction,Comedy,2006.0,2006-09-09,United States of America,30000000.0,53653224.0,7.1,743,,
9480,Daredevil,Fantasy,2003.0,2003-02-14,United States of America,78000000.0,179179718.0,5.0,1551,,
40969,Terror Train,Horror,1980.0,1980-10-03,Canada,3500000.0,,5.8,62,,
58559,Confession of a Child of the Century,Drama,2012.0,2012-08-29,France,,,4.9,6,,
57310,The Sunday Woman,Crime,1975.0,1975-12-23,France,,,7.0,7,,
139230,The Return of the War Room,Documentary,2008.0,2008-10-13,United States,,,0.0,0,D.A. Pennebaker,
13065,Finding Amanda,Comedy,2008.0,2008-09-16,United States of America,,,5.2,13,Peter Tolan,Matthew Broderick
250989,Berlin Babylon,Documentary,2001.0,2001-09-27,Germany,,,8.0,1,,
10875,The Fabulous Baker Boys,Music,1989.0,1989-10-13,United States of America,13000000.0,,6.5,79,,
10540,Outland,Science Fiction,1981.0,1981-05-22,United Kingdom,16000000.0,17374595.0,6.2,153,,
48340,Sanctum,Action,2011.0,2011-02-03,United States of America,30000000.0,108609310.0,5.8,347,,
39988,Late Night Trains,Horror,1975.0,1975-04-09,Italy,,,5.8,14,,
108949,Insiang,Drama,1976.0,1976-12-25,Philippines,,,7.5,7,,
32330,Worth Winning,Comedy,1989.0,1989-10-27,United States of America,,,6.0,11,,
81434,Archie's Final Project,Comedy,2009.0,2009-02-07,United States,,,6.2,9,,
55624,Fata Morgana,Documentary,1971.0,1971-06-04,Germany,,,6.4,20,,
42595,The Spider's Stratagem,Mystery,1970.0,1970-10-25,Italy,,,7.7,9,,
64123,Neverwhere,,1996.0,1996-09-12,United States,,,6.9,10,,
10389,The Eye,Horror,2002.0,2002-05-09,Hong Kong,,,6.4,108,,
408623,The Rolling Stones Olé Olé Olé! : A Trip Across Latin America,Music,2016.0,2016-10-21,United Kingdom,,,8.0,1,,
45572,Resurrection of The Little Match Girl,Action,2002.0,2002-09-13,South Korea,,,5.3,6,,
303398,Jaal: The Trap,,2003.0,2003-07-18,United States,,,3.5,2,,Sunny Deol
317930,Compadres,Action,2016.0,2016-03-31,Spain,3000000.0,,5.2,17,,
14746,Streets of Fire,Action,1984.0,1984-06-01,United States of America,14500000.0,8089290.0,6.6,105,,
362812,Chaahat Ek Nasha...,Romance,2005.0,2005-02-11,India,,140.0,0.0,0,,
49367,Two Sons of Francisco,Drama,2005.0,2005-08-19,Brazil,,,6.7,43,,
16471,Modern Problems,Comedy,1981.0,1981-12-25,United States,,,5.5,24,,
275136,VeggieTales: The Ultimate Silly Song Countdown,Animation,2001.0,2001-09-15,United States of America,,,4.2,3,,
30252,A Midsummer of Love,Comedy,2009.0,2009-07-31,Sweden,,,5.4,11,,
31047,Jesse Stone: Night Passage,TV Movie,2006.0,2006-01-15,United States of America,,,6.7,26,,
71376,Malicious,Drama,1995.0,1995-11-06,United States of America,,,5.7,7,,
25975,My Date with Drew,Documentary,2005.0,2005-08-05,United States of America,,,6.3,16,,
3698,"Amigo, Stay Away",Western,1972.0,1972-02-04,France,,,9.0,2,,
40205,16 Wishes,Fantasy,2010.0,2010-06-25,United States of America,,,5.5,283,,
403593,Bazodee,Romance,2016.0,2016-08-05,Trinidad and Tobago,,,10.0,1,,
10118,Material Girls,Comedy,2006.0,2006-08-18,United States of America,,11449638.0,4.8,149,,
42449,Hearts and Minds,Documentary,1974.0,1974-01-01,United States of America,,30000.0,7.8,25,,
28018,Collision,Documentary,2009.0,2009-10-27,United States,,,6.0,3,,
160106,Škola princů,Family,2010.0,2010-01-18,Czech Republic,,,7.0,1,,
243352,Where Hope Grows,Drama,2014.0,2014-04-06,United States of America,,1156000.0,6.8,26,,
130747,The Guardians,Drama,2012.0,2012-09-18,Germany,,,5.6,43,,
80256,Garter Snake,Crime,2011.0,2011-08-05,Finland,,,5.7,10,,
457307,"Don't call him ""Dimon""",Mystery,2017.0,2017-03-02,Russia,7200.0,,7.5,6,,
254194,Starry Eyes,Horror,2014.0,2014-07-29,United States of America,,,5.9,128,,
49799,Somebody Is Waiting,Drama,1996.0,1996-12-19,United States of America,,,0.0,0,,
325758,I Am Thor,Documentary,2015.0,2015-11-20,United States,,,8.7,3,,
42045,Sweet Dreams,Drama,1985.0,1985-10-02,United States of America,,,6.9,11,,
276,The Edukators,Drama,2004.0,2004-10-25,Austria,,,7.2,83,,
209282,Violette,Drama,2013.0,2013-09-06,Belgium,,,5.4,14,,
336149,Arthur & Merlin,Fantasy,2015.0,2015-04-17,United Kingdom,3000000.0,,5.4,14,,
18520,Al Franken - God Spoke,Documentary,2006.0,2006-01-01,United States,,,6.8,4,,
47760,Restless,Drama,2011.0,2011-09-16,United States of America,8000000.0,163265.0,6.3,156,,
13762,The Private Eyes,Comedy,1980.0,1980-04-17,United States,,,6.9,16,,
76764,Who?,Science Fiction,1974.0,1974-04-18,United Kingdom,,,4.2,5,,
77561,EVA,Science Fiction,2011.0,2011-10-28,Spain,7000000.0,,6.4,108,,
22455,Body Melt,Comedy,1994.0,1994-10-28,Australia,,,5.5,26,,
49029,Saamy,Action,2003.0,2003-05-05,India,1.0,3.0,5.8,5,,
26245,Dark Prince: The True Story of Dracula,Horror,2000.0,2000-10-31,United States of America,,,6.2,16,Joe Chappelle,Rudolf Martin
55424,Essaye-moi,Comedy,2006.0,2006-03-06,France,,,5.8,12,Pierre-François Martin-Laval,
42160,The Stunt Man,Action,1980.0,1980-06-27,United States of America,,,7.0,44,,
79735,Shoot Out,Western,1971.0,1971-08-16,United States of America,,,5.8,10,,
230867,"Taşkafa, Stories of the Street",,2013.0,2013-10-15,Turkey,,,0.0,0,,
45014,Anton Chekhov's The Duel,Drama,2010.0,2010-04-28,United States of America,,,7.4,5,,
49763,Bad Moon,Horror,1996.0,1996-11-01,United States of America,7000000.0,1100000.0,5.7,33,,
12677,The Backwoods,Horror,2006.0,2006-09-24,France,,,5.4,26,,
11024,Scooby-Doo 2: Monsters Unleashed,Mystery,2004.0,2004-03-24,United States of America,,181466833.0,5.4,519,,
34586,Kandahar,Drama,2010.0,2010-02-04,Russia,7000000.0,15172408.0,6.4,12,,
59206,LennoNYC,Documentary,2010.0,2010-09-25,United States,,,7.3,3,,
172520,Coldwater,Thriller,2013.0,2013-03-10,United States of America,,,6.6,71,,
86097,For the Love of Movies: The Story of American Film Criticism,Documentary,2009.0,2009-03-01,United States,,,5.0,1,,
8288,A Midsummer Night's Sex Comedy,Comedy,1982.0,1982-07-16,United States of America,,,6.5,93,,
37000,A Lake,Drama,2008.0,2008-09-01,France,,,6.9,8,,
193722,R100,Comedy,2013.0,2013-10-05,Japan,5500000.0,,5.4,31,,
482,Shaft,Adventure,1971.0,1971-07-02,United States of America,4000000.0,12121618.0,6.5,68,,
128203,Road North,Drama,2012.0,2012-08-24,Finland,,,5.9,8,,
20507,Agyaat,Foreign,2009.0,2009-08-07,India,,,5.3,3,Ram Gopal Varma,
12079,Spun,Comedy,2002.0,2002-06-01,United States of America,2000000.0,,6.6,132,,
334682,A Ballerina's Tale,Documentary,2015.0,2015-10-14,United States,,,6.0,18,Nelson George,
185110,Onibi: The Fire Within,Thriller,1997.0,1997-04-19,Japan,,,5.2,3,,
151960,Planes,Animation,2013.0,2013-08-09,United States of America,50000000.0,219788712.0,5.7,568,,
21956,Scooby-Doo! and the Monster of Mexico,Animation,2003.0,2003-01-01,United States,,,6.3,33,,
360737,Center of My World,Drama,2016.0,2016-11-10,Austria,,,7.7,35,,
77921,Miracle In Lane 2,TV Movie,2000.0,2000-05-13,United States,,,5.7,11,Greg Beeman,Frankie Muniz
173587,Dutch Light,Documentary,2003.0,2003-11-06,Netherlands,,,8.0,1,,
95682,Long Night's Journey Into Day,Documentary,2000.0,2000-01-29,United States,,,2.5,2,,
186935,Heli,Crime,2013.0,2013-08-09,Mexico,1000000.0,,6.2,32,,
285783,The Walk,Adventure,2015.0,2015-09-30,United States of America,35000000.0,61181942.0,6.9,1151,,
58448,Knockout,Adventure,2011.0,2011-03-05,Canada,9000000.0,,4.7,17,,
21024,Roadie,Comedy,1980.0,1980-06-13,United States of America,,,6.8,12,Alan Rudolph,Meat Loaf
83579,The Hound of the Baskervilles,Horror,1983.0,1983-11-03,United Kingdom,,,6.8,10,,
48297,Invincible Shaolin,Action,1978.0,1978-11-19,Hong Kong,,,6.5,13,Chang Cheh,
217038,Dolly and Her Lover,Crime,1990.0,1990-02-01,Finland,,,8.0,1,,
33638,The Life and Times of Judge Roy Bean,Action,1972.0,1972-12-18,United States of America,,,6.5,29,,
105687,Heart of a Dog,Comedy,1976.0,1976-01-23,Germany,,,4.0,1,,
52914,Squadra antifurto,Comedy,1976.0,1976-10-29,Italy,,,7.2,3,,
52048,Last Stop for Paul,Action,2006.0,2006-04-01,United States,,,6.3,3,,
54928,Project Viper,Horror,2002.0,2002-05-15,United States,500000.0,,6.0,2,,
153556,Reconversão,Documentary,2012.0,2012-08-11,Portugal,,,5.0,1,,
45514,8,,2008.0,2008-10-23,France,,,0.0,0,Mira Nair,
189215,The Untold History of the United States,Documentary,2012.0,2012-11-12,United States of America,,,8.2,15,,
18555,Foxfire,Action,1996.0,1996-08-23,United States of America,,258263.0,6.3,30,,
309245,Mistress America,Comedy,2015.0,2015-08-14,Brazil,,2500431.0,6.4,200,,
55500,The Land of Happiness,,1993.0,1993-04-30,fi,400000.0,,0.0,0,,
3121,Nashville,Drama,1975.0,1975-06-11,United States of America,2200000.0,,7.2,79,,
194113,Blackadder Back & Forth,Comedy,1999.0,1999-12-06,United Kingdom,4250000.0,,7.1,54,Paul Weiland,
149911,Titanic at 100: Mystery Solved,,2012.0,2012-04-15,United States,,,8.0,1,,
256314,Beltracchi - The Art of the Forgery,Crime,2014.0,2014-03-06,Germany,,,7.4,14,,
170430,Man of Her Dreams,Horror,1997.0,1997-11-18,United States,,,0.0,0,,
224063,The Duel,Thriller,1981.0,1981-06-14,Romania,,,8.3,2,,
284841,E-clip-se,Documentary,1999.0,1999-09-01,France,,,5.3,3,Chris Marker,
88274,Hello! How Are You?,Comedy,2010.0,2010-05-28,Romania,,,7.0,3,,
239368,Do We Really Need the Moon?,Documentary,2011.0,2011-02-01,United States,,,7.0,1,,
21666,Yanks,Romance,1979.0,1979-09-01,Germany,,,5.7,15,John Schlesinger,
49514,Gen-Y Cops,Action,2000.0,2000-11-17,Hong Kong,,,5.0,5,,
708,The Living Daylights,Action,1987.0,1987-06-29,United Kingdom,40000000.0,191185897.0,6.2,447,,
169250,The Rat Savior,Science Fiction,1976.0,1976-10-26,Croatia,,,7.5,3,,
32649,Sandor slash Ida,Drama,2005.0,2005-02-04,United States,,,3.5,2,,
284274,Iron Man & Captain America: Heroes United,Adventure,2014.0,2014-07-29,United States of America,,,5.8,21,,
125946,The Last Letter,Drama,2002.0,2002-05-21,United States,,,0.0,0,Frederick Wiseman,Catherine Samie
9877,Urban Legend,Horror,1998.0,1998-09-25,Canada,14000000.0,72527595.0,5.6,293,,
38611,The Sacketts,Western,1979.0,1979-05-08,United States,,,5.9,5,,
89049,The Staircase,Drama,2004.0,2004-06-01,United States,,,7.9,22,Jean-Xavier de Lestrade,
135890,Storyville,Drama,1992.0,1992-08-26,United States of America,,,5.7,6,,
68894,Shadow Magic,Drama,2000.0,2000-09-08,China,,,6.0,1,,
35114,Destino,Animation,2003.0,2003-08-05,France,1500000.0,,7.0,37,,
40350,Fright,Horror,1971.0,1971-01-01,United Kingdom,,,6.4,10,,
334890,The Schoolboy,Mystery,2015.0,2015-04-11,United States,,,0.0,0,,
265910,Yesterday,Drama,1988.0,1988-01-25,Bulgaria,,,7.5,4,,
21707,My Wife Is a Gangster,Action,2001.0,2001-09-28,South Korea,,,6.1,15,,
413017,I am not Salvador,Comedy,2016.0,2016-01-01,Iran,,,5.0,2,,Reza Attaran
354859,The Promise,History,2017.0,2017-04-21,Spain,,,7.3,69,,
377799,One Man and his Cow,Drama,2015.0,2015-09-30,France,5300000.0,,7.1,84,,
27607,Parents,Comedy,1989.0,1989-01-27,United States of America,,,6.1,40,,
17681,Scooby-Doo! and the Witch's Ghost,Animation,1999.0,1999-11-05,United States of America,,,7.2,46,,
112531,My Name Is Ki,Drama,2011.0,2011-09-30,Poland,,,6.3,3,,
72096,Bloodhounds of Broadway,Drama,1989.0,1989-11-03,United States of America,4000000.0,,5.6,6,,
93457,Split Decisions,Drama,1988.0,1988-06-11,United States of America,,,5.3,6,,
61925,The Cop in Blue Jeans,Drama,1976.0,1976-03-11,Italy,,,6.8,7,,
133021,A Streetcar Named Desire,,1995.0,1995-10-24,United States,,,6.0,6,,
29483,Beautiful Kate,Mystery,2009.0,2009-06-13,Australia,4300000.0,,6.0,22,,
45715,The Kings of Mykonos,Action,2010.0,2010-05-20,Australia,,,5.9,9,,
324260,Bikes vs Cars,Documentary,2015.0,2015-03-15,Sweden,90.0,,7.7,3,Fredrik Gertten,
64566,Cinema Verite,Drama,2011.0,2011-04-23,United States,,,6.0,16,,
15745,Made,Action,2001.0,2001-07-13,United States of America,5000000.0,5476060.0,6.3,55,Jon Favreau,
356294,25 April,Documentary,2015.0,2015-09-15,New Zealand,,,7.0,3,,
134350,Why Don't You Play in Hell?,Drama,2013.0,2013-09-14,Japan,,,7.0,73,,
187156,Jean-Luc Cinema Godard,Documentary,2009.0,2009-09-30,United Kingdom,,,0.0,0,,
98525,Heleno,Drama,2012.0,2012-03-29,Brazil,,,5.7,9,,
11033,Dressed to Kill,Horror,1980.0,1980-06-25,United States of America,6500000.0,31899000.0,6.8,159,,
26368,Spring and Chaos,Animation,1996.0,1996-12-14,Japan,,,8.0,1,,
10127,Critters 2,Comedy,1988.0,1988-04-29,United States of America,4500000.0,3813293.0,5.0,91,,
16619,Ordinary People,Drama,1980.0,1980-09-19,United States of America,6000000.0,,7.4,147,,
11327,Midnight Express,Drama,1978.0,1978-09-12,United Kingdom,2300000.0,35000000.0,7.6,309,,
323674,6 Years,Romance,2015.0,2015-08-18,United States,,,5.5,306,,
41843,Surviving Picasso,Drama,1996.0,1996-09-04,United States of America,16000000.0,1985001.0,5.3,21,,
14807,The Long Good Friday,Crime,1980.0,1980-11-01,United Kingdom,,,7.1,87,,
184346,Deliver Us from Evil,Thriller,2014.0,2014-07-01,United States of America,30000000.0,,5.9,705,,
79890,Khodorkovsky,Drama,2011.0,2011-11-17,Germany,,,3.6,7,,
33786,Starring Maja,Comedy,2009.0,2009-09-11,Ireland,,,6.7,3,,
34023,Bloodsucking Freaks,Horror,1976.0,1976-11-02,United States of America,,,4.9,31,,
48339,Niceland (Population. 1.000.002),Drama,2004.0,2004-01-01,Denmark,,,5.0,1,Friðrik Þór Friðriksson,Martin Compston
84111,You Are the Apple of My Eye,Drama,2011.0,2011-08-19,Taiwan,,,7.3,59,,
13653,The Aura,Crime,2005.0,2005-09-15,Argentina,,,6.9,42,,
165027,Light Gradient,Drama,2009.0,2009-06-04,Germany,,,5.6,5,,
38020,Planet of Dinosaurs,Science Fiction,1977.0,1977-11-18,United States of America,,,4.4,8,,
15156,Illegal Tender,Drama,2007.0,2007-08-24,United States of America,,3106835.0,7.6,15,,
72834,Sweet Home,Horror,1989.0,1989-01-21,Japan,,,8.4,4,Kiyoshi Kurosawa,
42216,Who Is Killing the Great Chefs of Europe?,Comedy,1978.0,1978-10-06,France,,,6.1,15,,
91929,The Arrival of Wang,Science Fiction,2012.0,2012-03-09,Italy,,,6.6,8,,
24189,The Missing Star,,2006.0,2006-09-08,United States,,,6.6,8,Gianni Amelio,
302502,Pervert Park,Crime,2014.0,2014-11-06,Denmark,,,6.8,11,,
9787,Lords of Dogtown,Drama,2005.0,2005-06-03,Germany,25000000.0,13411957.0,7.0,215,,
170838,Mr. & Mrs. Khiladi,,1997.0,1997-01-01,United States,,,4.7,3,David Dhawan,
26,Walk on Water,Drama,2004.0,2004-02-05,Israel,1400000.0,,6.5,20,,
38911,Yasmin,Drama,2004.0,2004-08-07,Germany,,,7.5,2,,
64976,Day of the Animals,Science Fiction,1977.0,1977-05-13,United States of America,1200000.0,,5.3,19,,
38321,Priest,Action,2011.0,2011-05-05,United States of America,60000000.0,78309131.0,5.4,710,,
294086,Tiger Orange,Drama,2014.0,2014-07-26,United States of America,,,6.4,4,Wade Gasque,Mark Strano
11078,National Security,Action,2003.0,2003-01-17,United States of America,,50097949.0,5.5,244,,
26990,The Perfect Holiday,Comedy,2007.0,2007-12-12,United States of America,,5800000.0,5.7,10,Lance Rivera,
90041,La Région Centrale,,1971.0,1971-01-01,United States,,,8.3,6,Michael Snow,
102207,HOUBA! On the Trail of the Marsupilami,Adventure,2012.0,2012-04-03,France,50000000.0,48600000.0,5.0,214,,
11985,Vive L'Amour,Drama,1994.0,1994-09-02,Taiwan,,,7.3,16,,
336307,Love Me!,Drama,2014.0,2014-10-22,Germany,,,4.7,10,,
213417,How to Be a Man,Comedy,2013.0,2013-08-10,United Kingdom,,,6.3,19,,
25353,The True Story of Puss 'n Boots,Family,2009.0,2009-04-01,France,,,3.8,7,,
83907,Underwater Love,Fantasy,2011.0,2011-04-22,Japan,,,6.1,4,,
36801,Cemetery Junction,Drama,2010.0,2010-04-14,United Kingdom,,,6.6,77,,
31129,The Final Sacrifice,Horror,1990.0,1990-01-01,Canada,1500.0,,2.8,10,,
64635,Total Recall,Action,2012.0,2012-08-02,Canada,125000000.0,198802074.0,5.8,2540,,
23825,Rock School,Action,2005.0,2005-02-27,Germany,,,6.4,5,,
11850,Invasion of the Body Snatchers,Horror,1978.0,1978-12-19,United States of America,3500000.0,24046533.0,7.1,231,,
267506,UFO - Distruggete base Luna!,Science Fiction,1971.0,1971-06-18,Italy,,,0.0,0,,Ed Bishop
445602,The Raking,Horror,2017.0,2017-03-07,United States of America,,,5.7,6,,
55950,Wilder Napalm,Fantasy,1993.0,1993-08-20,United States of America,,,6.5,10,Glenn Gordon Caron,Debra Winger
200645,Marius,Drama,2013.0,2013-07-09,France,,,6.2,31,,
277724,Better Housekeeping,,2000.0,2000-11-11,United States of America,,,0.0,0,,
371504,River,Crime,2015.0,2015-10-13,United Kingdom,,,7.9,37,,
107548,Chori Chori Chupke Chupke,Romance,2001.0,2001-03-09,hi,,,5.5,16,,
24232,Is It College Yet?,Animation,2002.0,2002-01-01,United States,,,7.4,26,Karen Disher,
45441,DRIVE,Comedy,2002.0,2002-01-01,Japan,,,7.0,7,SABU,Shinichi Tsutsumi
84174,Bachelorette,Comedy,2012.0,2012-08-06,United States of America,3000000.0,11947954.0,5.3,457,,
109001,Shiva,Drama,1990.0,1990-12-07,India,,,5.9,7,,
222724,Crystal Lake Memories: The Complete History of Friday the 13th,Documentary,2013.0,2013-09-13,United States of America,,,7.7,25,,
22084,Dadnapped,TV Movie,2009.0,2009-01-01,United States of America,,,4.6,65,,
111479,CBGB,Drama,2013.0,2013-10-11,United States of America,5000000.0,40400.0,6.5,45,,
13937,Raising Cain,Drama,1992.0,1992-08-07,United States of America,12000000.0,37170057.0,5.9,66,,
172973,Beware of My Love,,1998.0,1998-05-26,United States,,,0.0,0,Jeanne Labrune,Nathalie Baye
209312,A Tale of a Naughty Girl,,2003.0,2003-09-18,India,,,7.0,3,,
31880,The Pool Boys,Comedy,2011.0,2011-09-30,United States of America,,,5.0,29,,
38594,Dragon Ball: Yo! Son Goku and Friends Return!!,Animation,2008.0,2008-10-01,Japan,,,6.6,28,,
17899,"Sex, Party and Lies",Comedy,2009.0,2009-03-27,Spain,,,4.0,35,,
244114,Firestorm,Action,2013.0,2013-12-12,Hong Kong,,,5.9,44,,
157380,May in the Summer,Drama,2013.0,2013-01-17,Qatar,,,5.8,10,,
18239,The Twilight Saga: New Moon,Adventure,2009.0,2009-03-15,United States of America,50000000.0,709827462.0,5.6,2518,,
71886,Tru Confessions,Family,2002.0,2002-04-05,United States,,,5.7,10,,
22136,Ricky,Fantasy,2009.0,2009-02-11,France,,,5.1,27,François Ozon,Sergi López
2029,Tanguy,Comedy,2001.0,2001-11-21,France,,,5.8,70,,
45127,A Matador's Mistress,Drama,2008.0,2008-09-06,Spain,28000000.0,,5.8,29,,
156627,The Story of Sin,Drama,1975.0,1975-06-03,Poland,,,6.1,8,,
102639,Virginia,Drama,2010.0,2010-05-18,United States of America,,,5.8,21,,
50162,964 Pinocchio,Science Fiction,1991.0,1991-09-14,Japan,,,5.9,9,,
109809,Crime and Punishment,Drama,2002.0,2002-06-01,United States of America,,,7.3,3,Menahem Golan,
21970,The Watcher in the Woods,Fantasy,1980.0,1980-04-17,United Kingdom,,5000000.0,6.4,40,,
366924,Batman: Bad Blood,Action,2016.0,2016-03-22,United States of America,3500000.0,,6.8,186,,
1380,Gleaming the Cube,Drama,1989.0,1989-01-13,United States of America,,2777280.0,5.4,31,,
160008,The Revolutionary,Documentary,2011.0,2011-12-30,United States of America,,,5.0,1,,
17288,Rampage,Adventure,1986.0,1986-06-12,Turkey,,,6.0,2,,
271327,Mr Reliable,,1996.0,1996-11-22,United States,,,6.5,2,,
7972,Before the Devil Knows You're Dead,Crime,2007.0,2007-09-26,United States of America,18000000.0,25005257.0,6.9,359,,
12658,Someone Like You...,Comedy,2001.0,2001-03-30,United States of America,23000000.0,,6.0,119,,
72449,The Carey Treatment,Crime,1972.0,1972-03-29,United States of America,,,7.7,3,,
391578,"New York, New York",Romance,2016.0,2016-04-15,China,,,5.0,1,,
350060,Heartstone,Romance,2016.0,2016-12-28,is,,,7.7,14,,
37189,Four Adventures of Reinette and Mirabelle,Comedy,1987.0,1987-02-04,France,,,6.0,7,Éric Rohmer,
124645,Two Deaths,War,1995.0,1995-09-10,United Kingdom,,,7.0,2,,
13710,The Merry Widow,Comedy,2007.0,2007-11-01,France,,,4.9,19,Isabelle Mergault,Michèle Laroque
15659,Foul Play,Comedy,1978.0,1978-07-14,United States of America,,,6.3,68,,
57889,The Best Movie 3-DE,Comedy,2011.0,2011-01-19,Russia,6500000.0,9816332.0,3.0,8,,
253306,Housebound,Horror,2014.0,2014-09-04,New Zealand,,,6.5,362,,
99896,The Custodian,Drama,2007.0,2007-04-04,Argentina,,,6.3,4,,
385379,Mad Tiger,Documentary,2015.0,2015-10-16,Japan,,,0.0,0,,
64304,Clan of Amazons,Foreign,1978.0,1978-02-19,Hong Kong,,,6.3,3,,
221917,The Run of the Country,Drama,1995.0,1995-09-22,Ireland,,,8.0,2,,
8348,Thunderbolt and Lightfoot,Action,1974.0,1974-05-23,United States of America,,21700000.0,6.6,113,,
197528,s/y Glädjen,Drama,1989.0,1989-05-30,Sweden,,,5.0,1,,
1555,The Spanish Apartment,Drama,2002.0,2002-05-17,France,5300000.0,3897799.0,7.0,276,,
173421,Alter Ego,Drama,2007.0,2007-05-09,Greece,,,4.5,2,,
338309,The Spin Kid,Drama,2011.0,2011-11-11,Taiwan,,,5.5,1,,
159151,Muscle Shoals,Documentary,2013.0,2013-09-27,United States,,,7.2,26,,
15982,The Legend of Billie Jean,Action,1985.0,1985-07-19,United States of America,,3099497.0,6.6,44,,
651,M*A*S*H,Comedy,1970.0,1970-01-24,United States of America,3500000.0,81600000.0,6.9,238,,
105789,Going Down in La-La Land,Drama,2011.0,2011-05-01,United States of America,,,6.2,16,,
21867,Lady Jane,Drama,1986.0,1986-02-07,United Kingdom,8500000.0,,6.9,22,,
36606,Full Tilt Boogie,Documentary,1997.0,1997-09-09,United States of America,,,7.0,19,,
273279,The Skin of Sorrow,Drama,2010.0,2010-09-22,Belgium,,,7.0,1,,
175291,Cheap Thrills,Drama,2013.0,2013-03-08,United States of America,,,6.3,156,,
282084,There's No Place Like Utopia,Documentary,2014.0,2014-07-18,United States,,,0.5,1,,
100594,The Book of Fate,Action,2003.0,2003-03-06,Finland,,,3.5,2,,
16392,Redline,Action,2007.0,2007-04-13,United States of America,26000000.0,,4.5,46,,
36229,3° kälter,Romance,2006.0,2006-03-16,Germany,,,0.0,0,,
9999,The Free Will,Crime,2006.0,2006-08-23,Germany,,,6.6,11,,
333348,Love the Coopers,Comedy,2015.0,2015-11-12,United States of America,17000000.0,42426912.0,5.4,169,,
53648,Seeking Asylum,Comedy,1979.0,1979-10-24,Italy,,,4.7,3,,
100270,Game of Werewolves,Comedy,2011.0,2011-10-07,Spain,,,6.4,26,,
39422,Door on the Left as You Leave the Elevator,Comedy,1988.0,1988-08-31,France,,,6.9,9,Édouard Molinaro,Pierre Richard
161687,The Ballad of Ramblin' Jack,Music,2000.0,2000-01-26,United States,,,0.0,0,,
230836,Levitated Mass,History,2013.0,2013-06-20,United States of America,,,8.3,2,Doug Pray,
14234,Ploy,Drama,2007.0,2007-05-21,Thailand,2000000.0,,6.0,11,,
246218,The Underneath,Horror,2013.0,2013-12-19,United States of America,,,3.0,3,,
380731,Darkweb,Action,2016.0,2016-03-08,France,,,2.4,10,,
4169,Breach,Drama,2007.0,2007-02-12,United States of America,,33231264.0,6.5,174,,
11484,Rollerball,Adventure,1975.0,1975-06-25,United Kingdom,,30000000.0,6.0,115,,
47554,Ethan Mao,Drama,2004.0,2004-11-14,United States,,,3.7,3,,
45725,Adventures of a Teenage Dragonslayer,Adventure,2010.0,2010-04-16,United States of America,3250000.0,,4.1,5,,
91417,Dragons: Gift of the Night Fury,Animation,2011.0,2011-11-15,United States of America,,,6.9,126,,
2154,The Dark Side of The Moon,Horror,1990.0,1990-05-30,United States of America,,,4.7,11,,
47535,U Be Dead,Thriller,2009.0,2009-09-25,United Kingdom,,,0.0,0,,
22905,The Rape of Europa,Documentary,2006.0,2006-01-01,United States of America,,,7.4,10,,
33712,Trudell,Documentary,2005.0,2005-01-01,United States of America,,,4.5,2,,
81600,Stille Nacht,Thriller,2004.0,2004-09-16,Netherlands,,,7.0,3,,
42337,Beau Pere,Drama,1981.0,1981-09-15,France,,,7.0,14,,
18420,City of Industry,Crime,1997.0,1997-03-14,United States of America,8000000.0,,5.6,14,,
69353,Apnea,Thriller,2010.0,2010-11-06,United States,,,4.5,2,,
10776,Little Shop of Horrors,Horror,1986.0,1986-12-19,United States of America,25000000.0,38748395.0,6.7,389,,
40451,The Mutilator,Horror,1985.0,1985-01-04,United States of America,,,5.7,16,,
113649,Be with Me,Horror,2010.0,2010-06-10,South Korea,,,5.0,3,,
46989,Blue Car,Drama,2002.0,2002-01-11,United States,1000000.0,464000.0,6.7,13,Karen Moncrieff,
38054,Princess Aurora,Crime,2005.0,2005-01-01,South Korea,,,5.4,15,,
30492,Animal Room,Drama,1995.0,1995-01-01,United States of America,,,6.0,1,,
205587,The Judge,Drama,2014.0,2014-10-08,United States of America,50000000.0,83719388.0,7.2,1433,,
75145,Citizen Cohn,Drama,1992.0,1992-08-22,United States of America,,,7.3,3,,
75133,Sharpe's Enemy,History,1994.0,1994-06-01,United Kingdom,,,6.8,13,,
36484,Rick,Comedy,2003.0,2003-01-01,United States,,,5.9,4,,
120271,Wagner's Dream,Documentary,2012.0,2012-06-20,United States,,,5.0,1,,
86517,It's Such a Beautiful Day,Drama,2011.0,2011-11-17,United States of America,,,8.6,15,Don Hertzfeldt,Don Hertzfeldt
227700,Mindscape,Thriller,2013.0,2013-10-13,France,4357373.0,1200000.0,6.5,202,,
200558,Kara,Drama,2012.0,2012-05-08,United States,,,5.3,2,,
61025,The Dark Side Of Chocolate,Drama,2010.0,2010-03-16,Denmark,,,7.0,2,,
25977,Showdown at Area 51,Science Fiction,2007.0,2007-01-01,United States of America,,,4.3,8,,
11931,In Her Shoes,Comedy,2005.0,2005-10-07,United States of America,,83073883.0,6.0,446,,
79628,TT3D: Closer to the Edge,Documentary,2011.0,2011-04-22,United Kingdom,,,8.0,44,,
21828,Flirting,Drama,1991.0,1991-03-20,Australia,,2415396.0,6.4,22,,
10293,Pauline at the Beach,Romance,1983.0,1983-02-23,France,,,7.8,22,,
104259,The Big Heat,Action,1988.0,1988-09-22,Hong Kong,,,5.5,7,,
10684,Courage Under Fire,Drama,1996.0,1996-07-04,United States of America,46000000.0,100860818.0,6.2,240,,
18231,Star Trek: Of Gods And Men,Action,2007.0,2007-12-22,United States of America,,,5.2,5,,
114395,Juvenile Court,Documentary,1973.0,1973-06-04,United States of America,,,8.0,1,,
9764,Dersu Uzala,Action,1975.0,1975-08-02,Russia,4000000.0,,8.0,90,,
6933,One Missed Call,Horror,2008.0,2008-01-04,Germany,20000000.0,,4.7,174,,
336445,Army of One,Comedy,2016.0,2016-11-04,United States of America,,,5.5,64,,
95385,Beast,Drama,2011.0,2011-10-15,Denmark,,,6.5,2,,
14280,Never Cry Wolf,Action,1983.0,1983-10-07,United States of America,,,6.9,36,Carroll Ballard,
116323,Unbowed,Drama,2012.0,2012-01-18,South Korea,,,6.5,10,,
377446,Tony Hinchcliffe: One Shot,Comedy,2016.0,2016-01-15,United States of America,,,8.3,4,,
463906,The Saint,Action,2017.0,2017-07-11,United States of America,,,5.8,41,,
17599,The Hindenburg,History,1975.0,1975-12-25,United States of America,15000000.0,,6.2,31,,
10988,Diabolique,Drama,1996.0,1996-03-22,United States of America,,,5.4,74,,
58518,La vita facile,Comedy,2011.0,2011-03-04,Italy,,,6.1,21,,
63197,Megan is Missing,Drama,2011.0,2011-05-01,United States,,,5.4,63,Michael Goi,
55725,Win Win,Drama,2011.0,2011-03-18,United States of America,10831173.0,10654385.0,6.7,176,,
75638,Red Lights,Thriller,2012.0,2012-03-02,Spain,14000000.0,13551174.0,6.0,381,,
13885,Sweeney Todd: The Demon Barber of Fleet Street,Drama,2007.0,2007-12-20,United Kingdom,50000000.0,152000000.0,7.0,1745,,
14123,Bratz,Comedy,2007.0,2007-08-03,United States of America,,,5.1,63,Sean McNamara,
37645,22 Bullets,Action,2010.0,2010-03-23,France,24000000.0,,6.4,285,,
228384,Eltern,Comedy,2013.0,2013-11-14,Germany,,,6.1,9,,
41115,Garage Olimpo,Drama,1999.0,1999-05-16,Argentina,,,6.5,14,,
26178,Razorback,Horror,1984.0,1984-04-19,Australia,5500000.0,801000.0,5.6,33,,
214447,New Year's Day,Comedy,1990.0,1990-02-09,United States,,,5.5,2,Henry Jaglom,
1997,Two Brothers,Adventure,2004.0,2004-04-07,France,74500000.0,62172050.0,6.9,185,,
47891,Cyrus: Mind of a Serial Killer,Crime,2010.0,2010-10-01,United States of America,,,4.4,17,,
83880,Super Shark,Science Fiction,2011.0,2011-12-08,United States of America,,,2.9,21,,
17127,The Object of My Affection,Comedy,1998.0,1998-04-17,United States of America,15000000.0,46905889.0,5.6,75,,
26430,The Carter,Documentary,2009.0,2009-01-01,United States,,,6.9,4,,
9456,The Crow: Salvation,Action,2000.0,2000-10-31,Germany,10000000.0,,4.9,74,,
355598,Girl in Woods,Drama,2016.0,2016-06-03,United States of America,,,4.8,10,,
4896,Muxmäuschenstill,Comedy,2004.0,2004-01-28,Germany,40000.0,,7.1,7,,
77294,Three from Prostokvashino,Animation,1978.0,1978-06-06,Russia,,,5.6,18,,
340,Everything is Illuminated,Comedy,2005.0,2005-09-16,United States of America,7000000.0,2697930.0,7.4,251,,
13394,Shrek the Halls,Adventure,2007.0,2007-11-28,United States of America,60000000.0,,5.8,179,,
63710,Honey 2,Drama,2011.0,2011-06-23,United States of America,,,6.0,110,,
22076,Alien Hunter,Science Fiction,2003.0,2003-07-19,Bulgaria,7000000.0,,4.7,39,,
25208,The Caveman's Valentine,Drama,2001.0,2001-01-19,United States of America,,,6.0,27,,
332286,1915,History,2015.0,2015-04-17,United States,,,6.0,1,,
55343,Overlord,War,1975.0,1975-07-01,United Kingdom,,,6.6,15,,
233487,He Who Dares,Action,2014.0,2014-01-31,United Kingdom,1000000.0,,3.3,13,,
10724,Firefox,Science Fiction,1982.0,1982-06-13,United States of America,18000000.0,70687344.0,5.5,141,,
3577,The Tunnel,Drama,2001.0,2001-01-21,Germany,,,6.9,33,,
37799,The Social Network,Drama,2010.0,2010-09-30,United States of America,40000000.0,224920315.0,7.1,3492,,
48596,Ana and the Others,Drama,2003.0,2003-04-21,Argentina,,,6.3,4,Celina Murga,
32708,Freedom,Drama,2000.0,2000-10-10,France,,,8.0,2,Šarūnas Bartas,
85556,Speaking Parts,Drama,1989.0,1989-09-29,United States,,,5.8,6,Atom Egoyan,
253331,Black or White,Drama,2014.0,2014-09-06,United States of America,9000000.0,21571189.0,6.5,119,,
49446,You Wont Miss Me,Comedy,2009.0,2009-01-16,United States,,,5.3,3,Ry Russo-Young,
259690,The Lika Cinema,Drama,2008.0,2008-07-20,Croatia,,,4.0,1,,
277846,Castles in the Sky,Drama,2014.0,2014-06-23,United States,,,5.8,7,,
42802,The Dinner Guest,Comedy,2007.0,2007-09-19,France,,,4.9,19,,
231625,The Cheating Pact,,2013.0,2013-09-28,United States of America,,,6.2,10,,
69716,The Earthling,Action,1980.0,1980-07-24,Australia,,,7.3,2,,
27919,The Second Chance,Drama,2006.0,2006-01-01,United States,1200000.0,,4.9,5,,
142897,Mantle,,2005.0,2005-07-13,United States,,,0.0,0,,
285814,The Butterfly Ball,Music,1977.0,1977-04-01,United States,,,0.0,0,,
72105,Ted,Comedy,2012.0,2012-06-29,United States of America,50000000.0,549368315.0,6.3,4811,,
12698,The Fog of War,War,2003.0,2003-12-09,United States of America,,,7.6,69,,
214753,The Airzone Solution,,1993.0,1993-01-01,United States,,,0.0,0,,Jon Pertwee
267188,Desert Winds,,1997.0,1997-12-31,United States,,,0.0,0,,
86099,Valerie,Comedy,2007.0,2007-04-26,de,,,6.7,3,Birgit Möller,
8224,8MM,Thriller,1999.0,1999-02-26,United States of America,40000000.0,96618699.0,6.1,479,,
133446,Imaginary Friend,Thriller,2012.0,2012-06-02,United States of America,,,4.5,11,,
61400,Thank You,Drama,2011.0,2011-04-08,India,13100000.0,4100000.0,5.7,16,,
21578,Bill Maher: I'm Swiss,Comedy,2005.0,2005-07-30,United States of America,,,6.2,5,,
270173,Clutter,,2013.0,2013-06-07,United States,,,7.0,2,,
113321,Jasminum,Comedy,2006.0,2006-06-29,Poland,,,6.0,1,,
25716,Crows Zero II,Action,2009.0,2009-04-11,Japan,,,7.3,42,,
66105,Saint Seiya: Legend of Crimson Youth,Action,1988.0,1988-07-23,Japan,,,6.6,21,,
120653,"X, Y and Zee",Drama,1972.0,1972-01-21,United Kingdom,,,5.2,3,,
83495,Mirror for a Hero,Drama,1987.0,1987-12-13,Russia,,,5.2,7,,
2056,The Station Agent,Drama,2003.0,2003-01-26,United States of America,500000.0,8679814.0,7.4,213,,
200511,7 Minutes,Drama,2014.0,2014-10-26,United States of America,,,5.1,35,,
290714,The Surface,Thriller,2014.0,2014-10-09,United States of America,,,4.2,6,,
8834,Conspiracy Theory,Action,1997.0,1997-08-07,United States of America,75000000.0,136982834.0,6.5,440,,
27230,Christmas Evil,Drama,1980.0,1980-11-01,United States of America,750000.0,,5.6,34,,
187028,Omar,Thriller,2013.0,2013-05-21,Palestinian Territory,,,7.1,59,,
49249,A Tale of Two Cities,TV Movie,1980.0,1980-12-02,United States of America,,,4.6,5,,
400121,The Antwerp Dolls,Action,2015.0,2015-03-21,United Kingdom,,,5.5,4,,
97274,Milton Glaser: To Inform & Delight,,2008.0,2008-10-27,United States,,,6.8,2,,
179538,Witching & Bitching,Comedy,2013.0,2013-09-20,Spain,8000000.0,,6.0,182,,
66159,The Most Fertile Man in Ireland,Comedy,2000.0,2000-06-08,Ireland,,,5.7,3,,
90079,Dirty O'Neil,Comedy,1974.0,1974-05-01,United States of America,,,5.5,2,,
312940,The Mole at the Sea,Comedy,2012.0,2012-09-01,Russia,,,0.0,0,,
69999,Absolute Aggression,Action,2004.0,2004-02-17,United States of America,,,1.0,1,,
29919,The Six Wives of Henry Lefay,Comedy,2009.0,2009-01-01,United States of America,,,5.5,25,,
333847,Isabella Rossellini's Green Porno Live,,2015.0,2015-05-17,United States,,,0.0,0,,Isabella Rossellini
12638,Kill Cruise,Adventure,1990.0,1990-04-05,Germany,,,4.5,2,,
161456,When Heroes Lie,Documentary,2012.0,2012-10-05,United States,,,6.8,6,,
102406,Ill Gotten Gains,Drama,1997.0,1997-12-05,United States,,,0.0,0,,
48217,The Widow of Saint-Pierre,Romance,2000.0,2000-01-01,France,,,6.7,11,,
9951,The Dudesons Movie,Action,2006.0,2006-03-31,United States of America,,,5.3,13,,
27989,Serious Moonlight,Action,2009.0,2009-12-04,United States of America,,,5.2,52,Cheryl Hines,
200713,9 Month Stretch,Comedy,2013.0,2013-10-16,France,,,6.3,147,,
369698,Viking,History,2016.0,2016-12-29,Russia,13000000.0,,5.1,29,,
32707,Breaking Dawn,Mystery,2004.0,2004-10-16,United States of America,,,5.0,8,,
11806,Beethoven,Comedy,1992.0,1992-04-03,United States of America,,147214049.0,5.6,425,,
214216,Babycakes,Comedy,1989.0,1989-02-14,United States of America,,,4.0,1,,Ricki Lake
103793,Rosie,,1998.0,1998-11-18,nl,,,5.0,2,,
98025,The Teasers,Comedy,1975.0,1975-10-31,Italy,,,5.5,12,,
11131,Nuns on the Run,Comedy,1990.0,1990-03-16,United Kingdom,,,5.5,41,,
31402,Hababam Sınıfı Tatilde,,1977.0,1977-01-01,Turkey,,,7.3,8,,
219054,Double Play: James Benning and Richard Linklater,Documentary,2013.0,2013-09-03,France,,,6.5,2,,
57425,Once You're Born You Can No Longer Hide,Drama,2005.0,2005-05-13,it,,,7.5,4,,
199578,Patrick,Horror,2013.0,2013-10-15,Australia,,,4.6,63,,
413834,Gringo: The Dangerous Life of John McAfee,Documentary,2016.0,2016-09-24,United States of America,,,7.3,11,,
30994,Dogs in Space,Music,1986.0,1986-12-18,Australia,,,5.9,6,,
320892,Kyle Kinane: I Liked His Old Stuff Better,Comedy,2015.0,2015-01-23,United States of America,,,9.0,2,Lance Bangs,Kyle Kinane
249677,Time Pass,Romance,2014.0,2014-01-03,India,200.0,,10.0,1,,
370870,Aligarh,Drama,2016.0,2016-02-26,India,,,7.3,9,,
200066,The Sparrow's Fluttering,Drama,1988.0,1988-01-01,Italy,,,0.0,0,,
9086,Young Guns II,Western,1990.0,1990-08-01,United States of America,20000000.0,,6.3,165,,
70006,Never Back Down 2: The Beatdown,Drama,2011.0,2011-09-13,United States of America,3000000.0,,5.8,138,,
54293,Zeitgeist: Moving Forward,Documentary,2011.0,2011-01-15,United States of America,,,6.9,70,Peter Joseph,
298931,Billy Elliot: The Musical,Drama,2014.0,2014-09-28,United Kingdom,,,7.7,23,,
73869,The Last Man on Earth,Drama,2011.0,2011-09-09,Italy,3000000.0,,5.5,5,,
112355,Night Hair Child,Horror,1972.0,1972-10-14,Spain,,,5.3,4,,
39129,Slam Dunk Ernest,Comedy,1995.0,1995-06-20,United States of America,,,4.2,11,,
93904,Snowballs,,2011.0,2011-09-26,United States of America,,,6.0,7,Harmony Korine,
248774,Obvious Child,Comedy,2014.0,2014-06-06,United States of America,,3123963.0,6.7,190,,
2777,Birdcage Inn,Drama,1998.0,1998-10-31,South Korea,,,6.3,17,,
159008,Inequality for All,Documentary,2013.0,2013-01-19,United States of America,,,7.6,45,,
8849,Alfie,Comedy,2004.0,2004-10-22,United Kingdom,60000000.0,13395939.0,5.5,255,,
208305,Cyanide,Drama,2013.0,2013-02-26,Switzerland,,,5.5,5,,
12088,Fortress,Action,1992.0,1992-09-30,Australia,8000000.0,6739141.0,5.7,171,,
193346,Big Star: Nothing Can Hurt Me,Documentary,2013.0,2013-07-03,United States of America,,,6.8,10,,
401132,Independents' Day,Action,2016.0,2016-06-07,United States of America,500000.0,,3.9,25,,
173914,Sēņotāji,,2013.0,2013-03-07,Latvia,520.0,,0.0,0,,
2267,The Last Mimzy,Adventure,2007.0,2007-02-09,United States of America,,27297451.0,5.9,116,,
96821,Caesar Must Die,Drama,2012.0,2012-02-11,Italy,,,6.6,29,Paolo Taviani,
44617,Arlette,,1997.0,1997-04-19,United States,,,5.0,6,Claude Zidi,Josiane Balasko
99332,Eurocrime! The Italian Cop and Gangster Films That Ruled the '70s,Documentary,2012.0,2012-03-30,United States of America,,,8.0,4,,
21989,Hot Dog... The Movie,Comedy,1984.0,1984-01-13,United States of America,,,4.4,24,,
202722,"Inara, the Jungle Girl",Adventure,2012.0,2012-01-26,United States of America,,,4.0,8,,
371463,Sand Storm,Drama,2016.0,2016-01-25,Israel,,,5.2,17,,
272543,Die Fischerin,TV Movie,2014.0,2014-05-23,Germany,,,5.0,1,,
102001,Like Someone in Love,Drama,2012.0,2012-09-15,France,,,7.3,60,,
239498,"Girl, Positive",,2007.0,2007-06-25,United States,,,4.3,3,,
42487,Necromancy,Horror,1972.0,1972-09-22,United States of America,,,6.1,6,,
22774,Valentino: The Last Emperor,Documentary,2009.0,2009-01-01,United States of America,,,6.6,10,,
22471,Yrrol,Comedy,1994.0,1994-10-28,Sweden,,,6.5,17,Peter Dalle,Suzanne Reuter
295964,Burnt,Drama,2015.0,2015-10-02,United States of America,20000000.0,36606743.0,6.3,974,,
20781,Angel of Death,Crime,2009.0,2009-07-07,United States of America,,,5.1,19,,
54657,Lava Kusa-The Warrior Twins,Animation,2010.0,2010-10-08,India,,,7.5,1,,
137072,The Comedian,,2013.0,2013-05-31,United States,,,3.7,3,,
30118,Outside Sales,Comedy,2006.0,2006-06-01,United States,,,8.0,1,Blayne Weaver,
403605,Headshot,Action,2016.0,2016-09-24,Indonesia,,,6.4,80,,
15372,Jimmy Carr: Comedian,Comedy,2007.0,2007-11-05,United States,,,7.4,9,,
362216,Collective: Unconscious,,2016.0,2016-03-13,United States,,,7.0,3,,
15313,The Wrong Guy,Action,1997.0,1997-08-01,Canada,,,7.6,10,David Steinberg,
26381,Christmas Town,Fantasy,2008.0,2008-12-09,Canada,,,3.6,7,,
200918,The Secret Lives of Dorks,Comedy,2013.0,2013-09-27,United States of America,,,4.8,9,,
101609,Pax Americana and the Weaponization of Space,Documentary,2009.0,2009-11-12,United States,,,0.0,0,,
345915,Once Upon a Time in Venice,Action,2017.0,2017-06-08,United States of America,,,5.2,119,,
401689,Mythica: The Godslayer,Adventure,2016.0,2016-12-17,United States of America,,,5.3,14,,
113629,Wind from the East,Drama,1970.0,1970-08-19,United States,,,8.0,3,,
67499,My Grandpa the Bankrobber,Foreign,2011.0,2011-02-10,Netherlands,,,6.5,2,,
84922,Mahler,Drama,1974.0,1974-04-04,United Kingdom,,,5.7,11,,
26118,Dylan Moran: What It Is,Comedy,2009.0,2009-11-23,United Kingdom,,,7.6,11,,
127533,Rurouni Kenshin,Action,2012.0,2012-08-25,Japan,,61700000.0,7.2,174,,
287483,The Farewell Party,Comedy,2014.0,2014-08-29,Germany,,,6.0,16,,
333596,Woodlawn,Drama,2015.0,2015-10-15,United States of America,12000000.0,14394097.0,6.8,49,,
413441,Autumn in the Vineyard,TV Movie,2016.0,2016-10-08,United States,,,8.0,4,,
162406,Embracing,,1992.0,1992-01-01,Japan,,,7.0,1,Naomi Kawase,
27550,Nina Frisk,Comedy,2007.0,2007-03-09,Sweden,,,5.1,4,,
158013,White Fang and the Hunter,Western,1975.0,1975-12-31,it,,,5.0,2,,
24024,Johan Falk: Leo Gaut,Action,2009.0,2009-10-07,Sweden,,,6.4,9,,
29047,The Kid Stays in the Picture,Documentary,2002.0,2002-01-18,United States of America,40000.0,1434436.0,7.3,19,Nanette Burstein,Robert Evans
32601,The Moromete Family,Drama,1987.0,1987-09-28,Romania,,,7.4,9,,
44878,Sleep Furiously,Documentary,2009.0,2009-05-29,United States,,,5.3,4,,
216546,Ragin Cajun Redneck Gators,Horror,2013.0,2013-09-05,United States of America,,,3.3,11,,
143437,1 P.M.,Documentary,1972.0,1972-02-10,United States,,,7.0,2,D.A. Pennebaker,
413049,American Anarchist,Documentary,2016.0,2016-09-02,United States of America,,,6.7,7,,
21776,Cash Truck,Action,2004.0,2004-04-14,France,,,6.4,29,Nicolas Boukhrief,Albert Dupontel
137221,The Day That Lasted 21 Years,Documentary,2012.0,2012-09-30,Brazil,,,8.0,1,,
11053,Flatfoot in Hong Kong,Action,1975.0,1975-06-26,Hong Kong,,,5.4,32,,
60236,Countdown,Action,2004.0,2004-12-09,Russia,,,6.5,4,,
19419,Screwed,Action,2000.0,2000-05-12,United States,,,4.9,24,,
8141,You Kill Me,Comedy,2007.0,2007-02-09,United States of America,4000000.0,2426851.0,6.2,82,,
103269,Superman vs. The Elite,Animation,2012.0,2012-06-12,United States of America,3500000.0,,6.6,103,,
8842,Against the Ropes,Romance,2004.0,2004-02-20,Germany,39000000.0,6614280.0,4.5,32,,
40356,Hell,Fantasy,2005.0,2005-01-01,Thailand,,,3.5,7,,
13835,Real Time,Comedy,2008.0,2008-11-07,Canada,,,7.2,7,,
13063,Cannibal! The Musical,Comedy,1993.0,1993-10-01,United States of America,125000.0,,6.8,43,,
20847,The Needle,Drama,1988.0,1988-09-16,Kazakhstan,,,6.1,9,Rashid Nugmanov,Viktor Tsoy
11677,Stadtgespräch,Comedy,1995.0,1995-10-26,Germany,,,6.2,5,,
37641,Elvis Has Left the Building,Comedy,2004.0,2004-08-27,United States of America,11500000.0,,5.8,11,Joel Zwick,
12584,The Shootist,Action,1976.0,1976-08-11,United States of America,,8091910.0,7.3,85,,
9569,Hard to Kill,Action,1990.0,1990-02-09,United States of America,10000000.0,47410000.0,5.6,141,,
33721,The Boogens,Horror,1981.0,1981-09-25,United States,,,5.7,18,,
14853,Screamers: The Hunting,Action,2009.0,2009-02-17,United States of America,,,4.4,35,,
8873,Wayne's World 2,Music,1993.0,1993-12-10,United States of America,,47965000.0,5.8,281,,
47683,Love at 16,Drama,2004.0,2004-11-25,Greece,,,10.0,1,,
65612,Keep Your Right Up,Comedy,1987.0,1987-09-19,France,,,5.3,4,Jean-Luc Godard,
262475,G.I. Joe: The Revenge of Cobra,Family,1984.0,1984-09-10,United States,,,8.0,3,,
4552,A Tale of Two Sisters,Drama,2003.0,2003-06-13,South Korea,110.0,,7.0,234,,
85024,Shatter Dead,Horror,1994.0,1994-12-13,United States,,,4.0,2,,
20236,Direct Contact,Action,2009.0,2009-04-16,Germany,6000000.0,,4.4,15,Danny Lerner,
148697,Avanak Apdi,Comedy,1978.0,1978-01-01,tr,,,7.5,3,,
34098,Ticks,Horror,1993.0,1993-10-12,United States of America,2000000.0,,5.2,35,,
79860,Mirrored Mind,,2006.0,2006-11-05,Japan,,,6.3,4,Gakuryû Ishii,
52980,"The Yakuza Papers, Vol. 2: Deadly Fight in Hiroshima",Drama,1973.0,1973-04-28,Japan,,,7.7,12,,
27059,Divine Madness,Music,1980.0,1980-09-26,United States of America,,,8.0,3,,
26271,Live Nude Girls,Comedy,1995.0,1995-12-08,United States of America,,,4.7,12,,
188222,Entourage,Comedy,2015.0,2015-06-03,United States of America,30000000.0,49263404.0,6.2,502,,
40769,Mutual Appreciation,Drama,2005.0,2005-03-01,United States,500000.0,,6.1,8,Andrew Bujalski,
134215,Heroine,Drama,2012.0,2012-09-21,India,,,5.0,15,,
393834,Goldstone,Crime,2016.0,2016-07-07,Australia,,,6.4,21,,
28774,Communion,Drama,1989.0,1989-11-10,United Kingdom,,1919653.0,5.0,44,,
196065,Racquet,Comedy,1979.0,1979-12-30,United States,,,3.5,1,,
50359,Hop,Animation,2011.0,2011-03-30,United Kingdom,63000000.0,183953723.0,5.5,338,,
8316,The Countess,Drama,2009.0,2009-02-09,United States of America,8500000.0,,5.5,41,,
11374,Edtv,Comedy,1999.0,1999-03-26,United States of America,80000000.0,,5.7,168,,
52849,A Bell From Hell,Foreign,1973.0,1973-10-01,France,,,6.6,8,,
13561,Murder Party,Comedy,2007.0,2007-01-01,United States of America,190000.0,,5.8,40,Jeremy Saulnier,
31242,Just 4 Kicks,Family,2003.0,2003-01-01,United States of America,,,4.0,1,,
315955,Crazy Horse,TV Movie,1996.0,1996-07-07,United States of America,,,0.0,0,,
634,Bridget Jones's Diary,Comedy,2001.0,2001-04-13,France,25000000.0,281929795.0,6.6,1397,,
214756,Ted 2,Comedy,2015.0,2015-06-25,United States of America,68000000.0,217022588.0,6.2,2524,,
65016,The Sleeping Beauty,Fantasy,2010.0,2010-09-03,France,,,3.0,5,,
41090,Wisdom,Crime,1986.0,1986-12-31,United States of America,,,5.9,15,,
23368,Let's Make Money,Documentary,2008.0,2008-10-30,Austria,,,7.5,12,,
95164,About Love,Romance,2005.0,2005-04-12,Japan,,,6.2,6,,
11466,Slim Susie,Comedy,2003.0,2003-10-03,Sweden,,,7.2,20,,
39554,Doc Savage: The Man of Bronze,Adventure,1975.0,1975-06-01,United States of America,,,5.3,10,,
343921,A Deadly Adoption,Drama,2015.0,2015-06-20,United States of America,,,4.7,38,,
42759,The Call of the Wild,Action,1972.0,1972-11-30,United Kingdom,,,6.8,11,,
64124,À l'aventure,Drama,2008.0,2008-08-29,France,,,5.0,13,Jean-Claude Brisseau,Carole Brana
5709,Amazon Women on the Moon,Comedy,1987.0,1987-09-18,United States of America,,,6.0,37,,
29015,The Specials,Action,2000.0,2000-09-22,United States of America,,,5.5,11,Craig Mazin,
10173,Marked for Death,Action,1990.0,1990-10-05,United States of America,12000000.0,46044400.0,5.6,100,,
21811,Ski School,Comedy,1990.0,1990-01-01,Canada,,,4.4,15,,
39013,Winter's Bone,Drama,2010.0,2010-06-11,United States of America,2000000.0,13831503.0,6.8,575,,
133469,The Dream Team,Drama,2012.0,2012-09-24,France,,,4.9,199,,
41756,30 YEARS TO LIFE,Comedy,2003.0,2003-09-04,United States,,,6.0,1,,
110588,Gingerdead Man 3: Saturday Night Cleaver,Horror,2011.0,2011-09-13,United States,,,4.8,12,,
45019,Washington Square,Drama,1997.0,1997-10-10,United States of America,,1.0,7.4,5,,
273302,VeggieTales: King George and the Ducky,,2000.0,2000-06-01,United States,,,4.5,2,,
72066,Children...,Crime,2011.0,2011-02-17,South Korea,,,6.9,16,,
341006,The Belko Experiment,Action,2016.0,2016-03-17,United States of America,5000000.0,,6.1,269,,
89237,Electrick Children,Drama,2012.0,2012-02-10,United States of America,,,6.5,51,,
40258,Baby Blood,Comedy,1990.0,1990-01-01,France,,,6.1,9,,
20381,The Hitcher II: I've Been Waiting,Action,2003.0,2003-07-15,United States of America,,,4.3,19,,
11888,Snow Dogs,Adventure,2002.0,2002-01-18,Canada,33000000.0,,5.3,190,,
23945,Carpool,Comedy,1996.0,1996-08-23,United States of America,17000000.0,,4.9,17,,
25028,The Dead Next Door,Horror,1989.0,1989-11-10,United States of America,,,5.4,14,,
40387,Night Watch,Horror,1973.0,1973-11-08,United Kingdom,,,6.2,9,Brian G. Hutton,
9053,DOA: Dead or Alive,Adventure,2006.0,2006-09-07,Germany,21000000.0,480314.0,5.0,207,,
105528,Cowgirls n' Angels,Drama,2012.0,2012-05-25,United States of America,,120680.0,5.3,15,,
29987,Facing Windows,Drama,2003.0,2003-02-27,United Kingdom,,15530077.0,7.0,54,,
253257,I Believe in Unicorns,Drama,2014.0,2014-03-09,United States of America,,,4.0,4,,
375794,No manches Frida,Comedy,2016.0,2016-09-02,Spain,,,7.4,48,,
2009,"4 Months, 3 Weeks and 2 Days",Drama,2007.0,2007-08-24,Belgium,852510.0,1185783.0,7.4,158,,
92287,One Is a Lonely Number,Drama,1972.0,1972-06-19,United States of America,,,6.0,2,,
24341,Dolls,Fantasy,1987.0,1987-03-01,United States of America,,,6.1,80,,
9362,Tremors,Action,1990.0,1990-01-19,United States of America,11000000.0,48572000.0,6.6,882,,
255253,The Face,,2013.0,2013-11-15,United States,,,8.0,1,,
108251,Girl Fight,Drama,2011.0,2011-10-03,Canada,,,5.9,9,,
186606,iSteve,Comedy,2013.0,2013-04-14,United States,,,5.0,20,,
36584,Interview with the Assassin,Drama,2002.0,2002-05-09,United States,500000.0,,5.6,5,Neil Burger,
340837,A Cure for Wellness,Mystery,2017.0,2017-02-15,Germany,40000000.0,26559557.0,6.0,939,,
56539,Friday Foster,Action,1975.0,1975-12-25,United States of America,,,5.8,13,,
32142,Barquero,Action,1970.0,1970-09-03,United States of America,,,6.2,6,,
38043,Shag,Comedy,1989.0,1989-07-21,United Kingdom,,,5.9,14,,
49857,Love's Unfolding Dream,TV Movie,2007.0,2007-12-15,United States of America,,,5.7,8,,
55008,Be Sure to Share,Drama,2009.0,2009-06-01,Japan,,,6.5,4,Sion Sono,
172499,What If...,,2012.0,2012-11-28,el,,,6.6,12,Christoforos Papakaliatis,
29542,Blood Dolls,Comedy,1999.0,1999-08-31,United States of America,,,4.9,9,Charles Band,
19349,The Up in Smoke Tour,Documentary,2000.0,2000-12-02,United States of America,,,7.7,18,,
9759,Cellular,Action,2004.0,2004-09-06,Germany,25000000.0,56422687.0,6.1,548,,
9564,Asterix & Obelix Take on Caesar,Family,1999.0,1999-02-01,France,,1644060.0,5.9,409,,
61361,L'outremangeur,Crime,2002.0,2002-09-10,France,,,8.0,2,,
68259,The Violin,Drama,2005.0,2005-03-11,Mexico,,,6.5,11,,
155556,Blood Brother,Documentary,2013.0,2013-01-20,United States,,,6.6,11,,
24935,Return of the Living Dead: Necropolis,Comedy,2005.0,2005-10-15,United States of America,,,3.7,27,,
394176,Enter the Battlefield: Life on the Magic - The Gathering Pro Tour,Documentary,2016.0,2016-04-26,United States of America,,,6.5,4,,
11940,Sinbad and the Eye of the Tiger,Action,1977.0,1977-07-15,United Kingdom,3500000.0,16000000.0,6.3,39,,
342464,Jack of the Red Hearts,Drama,2015.0,2015-05-06,United States of America,,,7.3,25,,
20719,Day of the Wacko,Comedy,2002.0,2002-07-07,Poland,,,7.2,29,Marek Koterski,
253267,Vessel,Documentary,2014.0,2014-03-09,Ecuador,,,9.3,4,,
9337,Girls on Top,Comedy,2001.0,2001-03-29,Germany,,,4.9,20,,
191024,The Arrested Development Documentary Project,Documentary,2013.0,2013-05-02,United States of America,75000.0,,6.2,7,,
369834,Sethupathi,Action,2016.0,2016-02-18,India,,,5.8,4,,
74689,Mon oncle Antoine,Comedy,1971.0,1971-11-12,Canada,,,8.2,6,,
168,Star Trek IV: The Voyage Home,Science Fiction,1986.0,1986-11-25,United States of America,24000000.0,133000000.0,6.9,490,,
399019,The Beguiled,Drama,2017.0,2017-06-23,United States of America,10500000.0,25442939.0,5.8,279,,
18212,Better Than Chocolate,Drama,1999.0,1999-02-14,Canada,,,6.4,25,,
75861,To Write Love on Her Arms,Drama,2015.0,2015-03-13,United States of America,3400000.0,,6.8,48,,
56412,Skinwalkers,Drama,2002.0,2002-11-02,United States,,,3.2,3,,
693,Meet the Fockers,Comedy,2004.0,2004-12-22,United States of America,80000000.0,516642939.0,6.1,1412,,
13783,Breaker Morant,Drama,1980.0,1980-05-15,Australia,107.0,,7.2,37,,
57251,Tickets,Comedy,2005.0,2005-03-25,Italy,,,6.0,8,,
85050,Agent Vinod,Action,2012.0,2012-03-23,India,,,5.3,17,,
188521,Spies of Warsaw,Action,2013.0,2013-01-01,United Kingdom,,,6.7,12,,
391039,Life+1 Day,Drama,2016.0,2016-03-16,Iran,,,9.4,8,,
134394,Barricade,Horror,2012.0,2012-09-25,Canada,,,4.2,34,,
26444,Death Hunt,Action,1981.0,1981-05-22,United States of America,,,6.1,34,,
160989,Day and Night,Drama,1997.0,1997-02-12,Mexico,,,0.0,0,,
56811,Cropsey,Documentary,2010.0,2010-04-29,United States of America,,35456.0,6.1,58,,
16306,Fantastic Planet,Animation,1973.0,1973-05-01,Czech Republic,,,7.6,140,,
71117,Woman of Water,,2002.0,2002-09-12,Japan,,,7.7,3,,
300762,Red Dot on the Ocean,Adventure,2014.0,2014-10-24,United States of America,,,0.0,0,,
346570,Perfect High,Drama,2015.0,2015-07-05,Canada,,,5.6,17,,
427043,Charm's  Incidents,Comedy,1996.0,1996-10-03,Austria,,,0.0,0,,
338312,Argo 2,Action,2015.0,2015-04-30,Hungary,,,9.3,2,,
38867,Delta of Venus,Drama,1995.0,1995-06-09,United States of America,,62949.0,3.3,5,,
420714,Planet Earth II,Documentary,2016.0,2016-11-06,Germany,,,9.5,50,,
174682,Raze,Horror,2013.0,2013-04-21,United States of America,,,5.3,57,,
382511,Penny Pincher!,Comedy,2016.0,2016-09-28,France,,,5.4,222,,
125409,Kiss and Tell,Drama,1996.0,1996-11-09,United Kingdom,,,0.0,0,,
55720,A Better Life,Drama,2011.0,2011-06-24,United States of America,10000000.0,1759252.0,7.0,54,,
53544,Unborn in the USA: Inside the War on Abortion,Documentary,2007.0,2007-06-15,United States of America,,,7.0,1,,
124157,The Thieves,Action,2012.0,2012-07-25,South Korea,,83519699.0,6.7,76,,
62592,Revenge of the Bridesmaids,Comedy,2010.0,2010-07-18,United States,,,6.1,85,James Hayman,
199273,Spaghetti Story,Comedy,2013.0,2013-12-18,United States,,,6.7,3,,
385372,Chalk It Up,Comedy,2016.0,2016-09-13,United States,,,5.0,21,,
56325,Naked Ambition: An R Rated Look at an X Rated Industry,Documentary,2009.0,2009-04-30,United States,230.0,,4.3,11,,
13949,Persuasion,Drama,2007.0,2007-04-01,United Kingdom,,,7.1,52,,
44833,Battleship,Thriller,2012.0,2012-04-11,United States of America,209000000.0,303025485.0,5.5,2141,,
58166,Lessons of a Dream,Drama,2011.0,2011-02-24,Germany,,,7.0,23,,
14539,An Empress and the Warriors,Action,2008.0,2008-02-09,China,,,5.7,28,,
27915,Cuban Rafters,Documentary,2002.0,2002-04-12,Spain,,62153.0,9.0,2,,
413785,George Best: All By Himself,Documentary,2016.0,2016-10-14,United Kingdom,,,6.5,3,,
381041,Rainbow Time,Comedy,2016.0,2016-03-14,United States of America,,,5.8,4,,
455,Bend It Like Beckham,Comedy,2002.0,2002-04-11,India,3500159.0,76578641.0,6.2,593,,
876,Frank Herbert's Dune,Action,2000.0,2000-12-03,Canada,20000000.0,,6.7,114,,
25199,Teen Witch,Romance,1989.0,1989-04-28,United States of America,,27843.0,5.6,44,,
89116,The Professor and His Beloved Equation,Drama,2006.0,2006-01-21,Japan,5000000.0,,6.8,6,,
67913,The Guard,Action,2011.0,2011-07-07,Ireland,6000000.0,19560274.0,6.8,378,,
25110,Pauline & Paulette,Drama,2001.0,2001-06-27,Belgium,,,7.3,5,,
23739,Circle of Iron,Fantasy,1978.0,1978-07-25,United States of America,,,5.9,14,,
46336,Four Eyed Monsters,Comedy,2005.0,2005-01-21,United States of America,250000.0,245000.0,6.0,10,,
110146,The Sapphires,Comedy,2012.0,2012-08-08,Australia,,,6.6,77,,
392091,Los Punks: We Are All We Have,Documentary,2016.0,2016-01-22,United States of America,,,5.0,2,,
47699,Mourning Rock,,2000.0,2000-01-01,Greece,,,6.0,2,,
41965,Paperhouse,Drama,1988.0,1988-01-01,United Kingdom,,241.0,6.6,37,,
262137,Overheard 3,Crime,2014.0,2014-05-30,Hong Kong,,,6.6,15,Felix Chong,
362439,They Found Hell,Horror,2015.0,2015-10-17,United States of America,,,5.1,22,,
35935,Derrida,Documentary,2002.0,2002-03-12,United States of America,,,7.5,2,,
36683,20th Century Boys - Chapter 1: Beginning of the End,Science Fiction,2008.0,2008-08-19,Japan,20000000.0,31244858.0,6.7,21,,
195752,Tarzan in Manhattan,TV Movie,1989.0,1989-04-15,United States of America,,,1.0,1,,
224297,The New Black,Documentary,2014.0,2014-02-12,United States of America,,,8.0,1,,
77861,The Execution of Private Slovik,War,1974.0,1974-03-13,United States of America,,,5.8,3,,
33733,One More Time,Action,1970.0,1970-05-01,United Kingdom,,,2.9,4,,
118083,Promises in the Dark,Drama,1979.0,1979-11-02,United States of America,,,0.0,0,,
31003,Modern Vampires,Action,1998.0,1998-10-19,United States of America,,,5.0,13,,
296071,Princess Jellyfish,Comedy,2014.0,2014-12-27,Japan,,,7.4,6,,
359029,Follow,Thriller,2015.0,2015-09-26,United States,,,5.5,6,,
49207,R,Drama,2010.0,2010-04-22,Denmark,,,6.6,15,,
75757,America The Beautiful 2: The Thin Commandments,Documentary,2011.0,2011-10-12,United States,,,6.5,2,,
347979,Horoscope for Good Luck,Comedy,2015.0,2015-07-16,Russia,2800000.0,964206.0,5.0,4,,
116008,Chicago Cab,Comedy,1997.0,1997-01-01,United States of America,,,5.7,3,,
356482,Murder in the Dark,Horror,2013.0,2013-08-09,Italy,,,5.8,5,,
36072,Mount Head,Animation,2002.0,2002-01-01,Japan,,,6.6,9,Koji Yamamura,
15560,Mission to Mir,Documentary,1997.0,1997-10-17,United States of America,,,3.0,2,,
119916,The Tempest,Fantasy,1980.0,1980-02-27,United States,,,0.0,0,,
125103,Who the Hell Is Juliette?,Documentary,1997.0,1997-09-05,United States,,,5.5,2,,
366324,Burning Bodhi,Drama,2016.0,2016-08-25,United States of America,,,5.7,6,,
18046,Blue Gold: World Water Wars,Documentary,2008.0,2008-10-09,United States of America,100000.0,,6.2,5,,
26883,The Trial of the Incredible Hulk,Adventure,1989.0,1989-05-06,United States of America,,,4.9,15,,
72485,The True Meaning of Pictures: Shelby Lee Adams' Appalachia,Documentary,2002.0,2002-09-07,United States,,,0.0,0,,
1597,Meet the Parents,Comedy,2000.0,2000-10-06,United States of America,55000000.0,330444045.0,6.6,1743,,
118690,Keith Lemon: The Film,Comedy,2012.0,2012-08-24,United Kingdom,,,2.7,11,,
24745,Sweeney Todd: The Demon Barber of Fleet Street,Horror,1982.0,1982-09-12,United States of America,,,5.1,4,,
767,Harry Potter and the Half-Blood Prince,Adventure,2009.0,2009-07-07,United Kingdom,250000000.0,933959197.0,7.4,5435,,
869,Planet of the Apes,Thriller,2001.0,2001-07-25,United States of America,100000000.0,362211740.0,5.6,1270,,
76349,1911,Adventure,2011.0,2011-07-03,China,30000000.0,108348.0,5.0,41,,
47898,The Gun in Betty Lou's Handbag,Comedy,1992.0,1992-08-21,United States of America,13000000.0,3721911.0,4.1,7,,
38132,My 5 Wives,Comedy,2000.0,2000-09-08,Canada,,,3.9,4,Sidney J. Furie,
76406,Tokyo-Ga,Documentary,1985.0,1985-04-26,United States of America,,,6.8,13,,
89670,Body Of Water,Thriller,2011.0,2011-10-07,Finland,1800000.0,,6.0,5,,
444706,Dave Chappelle: Deep in the Heart of Texas,Comedy,2017.0,2017-03-21,United States of America,,,8.0,38,Stan Lathan,Dave Chappelle
5804,The Key to Reserva (La clave Reserva),Crime,2007.0,2007-12-14,Spain,,,7.6,18,,
125257,Muddy River,Drama,1981.0,1981-01-30,Japan,,,6.2,7,,
395,AVP: Alien vs. Predator,Adventure,2004.0,2004-08-12,Canada,70000000.0,171183863.0,5.6,1241,,
14252,Vice,Action,2008.0,2008-01-01,United States of America,,,4.8,5,Raul Inglis,Michael Madsen
61266,A Hunting Accident,Romance,1978.0,1978-07-31,Russia,,,4.9,5,,
133365,The Diary of Anne Frank,Drama,2009.0,2009-01-09,United Kingdom,,,7.3,44,,
21950,Jackson County Jail,Crime,1976.0,1976-03-31,United States of America,445000.0,2300000.0,5.2,10,,
285213,The Pirates,Action,2014.0,2014-08-06,South Korea,,,6.4,45,,
59733,Down from the Mountain,Music,2001.0,2001-06-05,United States,,,7.0,1,,
44142,Ginger & Cinnamon,Drama,2003.0,2003-04-04,Italy,,,5.8,13,,
36542,Mr. Right,Comedy,2009.0,2009-07-13,United Kingdom,,,3.5,5,,
294132,Results,Comedy,2015.0,2015-05-29,United States of America,,104507.0,5.2,66,,
49788,Slaves of New York,Drama,1989.0,1989-03-18,United States of America,,,4.8,6,,
410348,Is That a Gun in Your Pocket?,Comedy,2016.0,2016-09-16,United States,,,9.0,3,,
334918,The White Knights,Drama,2016.0,2016-01-20,Belgium,,,5.8,15,,
16097,House Party 3,Comedy,1994.0,1994-01-01,United States,,,4.6,11,,
403390,Bitter Harvest,War,2017.0,2017-02-23,Canada,20000000.0,557241.0,6.7,22,,
139244,The Tale of Sweeney Todd,Drama,1998.0,1998-04-19,United Kingdom,,,5.5,4,,
44511,Noodle,Drama,2007.0,2007-07-26,Israel,,,7.1,5,,
214,Saw III,Horror,2006.0,2006-10-27,United States of America,10000000.0,163876815.0,6.1,1104,,
39983,Chaos,Drama,2000.0,2000-06-30,Japan,,,6.1,9,,
8434,Summer Things,Drama,2002.0,2002-08-30,Italy,,,5.9,17,,
140481,"Park Avenue: Money, Power & The American Dream",Documentary,2012.0,2012-01-01,United States,,,6.9,10,Alex Gibney,
87190,Pharaoh's  Army,Western,1995.0,1995-01-01,United States of America,50.0,,6.3,5,,
343880,A Murder in the Park,Documentary,2015.0,2015-06-26,United States of America,,,6.5,5,,
29355,Wildcats,Comedy,1986.0,1986-02-14,United States of America,,,6.2,51,,
170998,Shool,,1999.0,1999-11-04,hi,,,5.0,1,,Manoj Bajpayee
327029,Power Rangers,Action,2015.0,2015-02-24,United States of America,,,7.2,123,,
4507,Jamon Jamon,Comedy,1992.0,1992-09-03,Spain,,,6.2,60,,
24881,Love Hurts,Comedy,2009.0,2009-11-13,United States of America,,,5.3,13,,
317214,From A to B,Adventure,2015.0,2015-01-08,Lebanon,,,7.8,5,,
30231,Oxford Blues,Comedy,1984.0,1984-08-24,United Kingdom,,,5.0,14,,
11460,Red Eye,Horror,2005.0,2005-08-04,United States of America,26000000.0,57891803.0,6.2,471,,
19614,Fade to Black,Documentary,2004.0,2004-11-05,United States of America,,,7.1,6,,
284289,Beyond the Reach,Thriller,2014.0,2014-09-06,United States of America,,45895.0,5.5,138,,
297556,Justice League: Throne of Atlantis,Science Fiction,2015.0,2015-01-27,United States of America,3500000.0,,6.5,222,,
11530,The Discord,Comedy,1978.0,1978-03-16,France,,,6.7,52,,
71378,Stevie Nicks: Live at Red Rocks,,1987.0,1987-05-05,United States of America,,,7.0,1,,
95536,A Talking Picture,War,2003.0,2003-08-31,Portugal,,,7.4,7,,
64328,The Muppets,Comedy,2011.0,2011-11-22,United States of America,45000000.0,165184237.0,6.5,509,James Bobin,
21921,Richard Pryor: Here and Now,Comedy,1983.0,1983-10-28,United States of America,,,7.2,9,,
63378,100% Love,Comedy,2011.0,2011-05-06,India,1500000.0,,5.4,9,Sukumar,Naga Chaitanya Akkineni
346646,Veteran,Action,2015.0,2015-08-05,South Korea,,1200627.0,7.1,42,,
13818,Heartburn,Comedy,1986.0,1986-07-25,United States of America,,,5.9,48,,
259719,Getulio,Drama,2014.0,2014-05-01,Brazil,,,6.6,10,,
96419,Oriana,Drama,1985.0,1985-09-08,Venezuela,,,3.8,5,,
127497,Backwards,Drama,2012.0,2012-09-21,United States,,,6.1,7,,
18061,Zulu Dawn,Adventure,1979.0,1979-05-14,Netherlands,,,5.6,35,,
21173,Death of a President,Documentary,2006.0,2006-10-27,United States,2000000.0,167000.0,5.7,18,,
67307,The Big Town,Drama,1987.0,1987-09-25,United States of America,,1700000.0,5.9,9,,
21394,The Children of Noisy Village,Family,1986.0,1986-12-05,Sweden,,,6.2,12,,
105388,Every Second Counts,Drama,2009.0,2009-01-01,United States,,,6.0,1,,
105403,Blood and Diamonds,,1977.0,1977-01-01,United States,,,0.0,0,Fernando Di Leo,
84306,Liberal Arts,Romance,2012.0,2012-09-14,United States of America,,327345.0,6.1,179,,
21136,Funky Forest: The First Contact,Comedy,2005.0,2005-10-25,Japan,,,6.0,15,,
322922,Awaken,Horror,2015.0,2015-07-07,United States of America,,,3.6,23,,
152795,The Congress,Drama,2013.0,2013-05-16,Belgium,,455815.0,6.4,165,,
313676,Waiting for Good News,Drama,2009.0,2009-02-28,Japan,,,0.0,0,,
119433,Todd Barry: Super Crazy,Comedy,2012.0,2012-07-24,United States of America,,,4.5,3,,
411282,Pier Paolo Pasolini,,1995.0,1995-01-01,United States,,,0.0,0,,
393172,Bottom of the World,Drama,2017.0,2017-03-31,Canada,,,5.5,24,,
340215,Dusk,Drama,2016.0,2016-05-24,United States of America,,,5.9,10,,
111771,The Four Year Plan,Documentary,2011.0,2011-11-16,United States,,,7.0,2,,
64802,Love! Valour! Compassion!,Drama,1997.0,1997-05-16,United States of America,2000000.0,2900000.0,5.7,10,,
104320,"Man, Woman and Beast",Drama,1977.0,1977-01-01,Italy,,,4.0,3,,
